[
  {
    "fields": {
      "model": "permission",
      "name": "permission",
      "app_label": "auth"
    },
    "model": "contenttypes.contenttype",
    "pk": 1
  },
  {
    "fields": {
      "model": "logentry",
      "name": "log entry",
      "app_label": "admin"
    },
    "model": "contenttypes.contenttype",
    "pk": 2
  },
  {
    "fields": {
      "model": "group",
      "name": "group",
      "app_label": "auth"
    },
    "model": "contenttypes.contenttype",
    "pk": 3
  },
  {
    "fields": {
      "model": "user",
      "name": "user",
      "app_label": "auth"
    },
    "model": "contenttypes.contenttype",
    "pk": 4
  },
  {
    "fields": {
      "model": "contenttype",
      "name": "content type",
      "app_label": "contenttypes"
    },
    "model": "contenttypes.contenttype",
    "pk": 5
  },
  {
    "fields": {
      "model": "session",
      "name": "session",
      "app_label": "sessions"
    },
    "model": "contenttypes.contenttype",
    "pk": 6
  },
  {
    "fields": {
      "model": "programme",
      "name": "programme",
      "app_label": "eums"
    },
    "model": "contenttypes.contenttype",
    "pk": 7
  },
  {
    "fields": {
      "model": "distributionplan",
      "name": "distribution plan",
      "app_label": "eums"
    },
    "model": "contenttypes.contenttype",
    "pk": 8
  },
  {
    "fields": {
      "model": "consignee",
      "name": "consignee",
      "app_label": "eums"
    },
    "model": "contenttypes.contenttype",
    "pk": 9
  },
  {
    "fields": {
      "model": "itemunit",
      "name": "item unit",
      "app_label": "eums"
    },
    "model": "contenttypes.contenttype",
    "pk": 10
  },
  {
    "fields": {
      "model": "item",
      "name": "item",
      "app_label": "eums"
    },
    "model": "contenttypes.contenttype",
    "pk": 11
  },
  {
    "fields": {
      "model": "distributionplannode",
      "name": "distribution plan node",
      "app_label": "eums"
    },
    "model": "contenttypes.contenttype",
    "pk": 12
  },
  {
    "fields": {
      "model": "salesorder",
      "name": "sales order",
      "app_label": "eums"
    },
    "model": "contenttypes.contenttype",
    "pk": 13
  },
  {
    "fields": {
      "model": "orderitem",
      "name": "order item",
      "app_label": "eums"
    },
    "model": "contenttypes.contenttype",
    "pk": 14
  },
  {
    "fields": {
      "model": "salesorderitem",
      "name": "sales order item",
      "app_label": "eums"
    },
    "model": "contenttypes.contenttype",
    "pk": 15
  },
  {
    "fields": {
      "model": "noderun",
      "name": "node run",
      "app_label": "eums"
    },
    "model": "contenttypes.contenttype",
    "pk": 16
  },
  {
    "fields": {
      "model": "question",
      "name": "question",
      "app_label": "eums"
    },
    "model": "contenttypes.contenttype",
    "pk": 17
  },
  {
    "fields": {
      "model": "numericquestion",
      "name": "numeric question",
      "app_label": "eums"
    },
    "model": "contenttypes.contenttype",
    "pk": 18
  },
  {
    "fields": {
      "model": "textquestion",
      "name": "text question",
      "app_label": "eums"
    },
    "model": "contenttypes.contenttype",
    "pk": 19
  },
  {
    "fields": {
      "model": "multiplechoicequestion",
      "name": "multiple choice question",
      "app_label": "eums"
    },
    "model": "contenttypes.contenttype",
    "pk": 20
  },
  {
    "fields": {
      "model": "option",
      "name": "option",
      "app_label": "eums"
    },
    "model": "contenttypes.contenttype",
    "pk": 21
  },
  {
    "fields": {
      "model": "textanswer",
      "name": "text answer",
      "app_label": "eums"
    },
    "model": "contenttypes.contenttype",
    "pk": 22
  },
  {
    "fields": {
      "model": "numericanswer",
      "name": "numeric answer",
      "app_label": "eums"
    },
    "model": "contenttypes.contenttype",
    "pk": 23
  },
  {
    "fields": {
      "model": "multiplechoiceanswer",
      "name": "multiple choice answer",
      "app_label": "eums"
    },
    "model": "contenttypes.contenttype",
    "pk": 24
  },
  {
    "fields": {
      "model": "runqueue",
      "name": "run queue",
      "app_label": "eums"
    },
    "model": "contenttypes.contenttype",
    "pk": 25
  },
  {
    "fields": {
      "model": "flow",
      "name": "flow",
      "app_label": "eums"
    },
    "model": "contenttypes.contenttype",
    "pk": 26
  },
  {
    "fields": {
      "model": "purchaseorderitem",
      "name": "purchase order item",
      "app_label": "eums"
    },
    "model": "contenttypes.contenttype",
    "pk": 27
  },
  {
    "fields": {
      "model": "purchaseorder",
      "name": "purchase order",
      "app_label": "eums"
    },
    "model": "contenttypes.contenttype",
    "pk": 28
  },
  {
    "fields": {
      "model": "releaseorderitem",
      "name": "release order item",
      "app_label": "eums"
    },
    "model": "contenttypes.contenttype",
    "pk": 29
  },
  {
    "fields": {
      "model": "releaseorder",
      "name": "release order",
      "app_label": "eums"
    },
    "model": "contenttypes.contenttype",
    "pk": 30
  },
  {
    "fields": {
      "model": "distributionreport",
      "name": "distribution report",
      "app_label": "eums"
    },
    "model": "contenttypes.contenttype",
    "pk": 31
  },
  {
    "fields": {
      "model": "userprofile",
      "name": "user profile",
      "app_label": "eums"
    },
    "model": "contenttypes.contenttype",
    "pk": 32
  },
  {
    "fields": {
      "expire_date": "2015-07-06T18:50:14.916",
      "session_data": "ZTY0MTJmOWRlMDA1NjgzNTExMjZmMjdkODE5MzU1YmFiNmZmMjE3Njp7fQ=="
    },
    "model": "sessions.session",
    "pk": "rcht1wgutks25s0oq35dq06nugpgrkoa"
  },
  {
    "fields": {
      "expire_date": "2015-07-28T10:16:35.332",
      "session_data": "YjBlZDE5YzdkNDczMzY5NjdlNzZlMTFhZjRjNjVjYTk1NTIwMTNlNTp7Il9hdXRoX3VzZXJfaGFzaCI6IjQ1MmI5MjAyMmJiM2FiZThkMTkxYjBiMTU0ZTYwNjFiYmQ4ZmI1YjkiLCJfYXV0aF91c2VyX2JhY2tlbmQiOiJkamFuZ28uY29udHJpYi5hdXRoLmJhY2tlbmRzLk1vZGVsQmFja2VuZCIsIl9hdXRoX3VzZXJfaWQiOjF9"
    },
    "model": "sessions.session",
    "pk": "ta93pcqcp0tlbmzalwvhk0k7jj6js1q8"
  },
  {
    "fields": {
      "expire_date": "2015-07-06T19:39:00.063",
      "session_data": "YjBlZDE5YzdkNDczMzY5NjdlNzZlMTFhZjRjNjVjYTk1NTIwMTNlNTp7Il9hdXRoX3VzZXJfaGFzaCI6IjQ1MmI5MjAyMmJiM2FiZThkMTkxYjBiMTU0ZTYwNjFiYmQ4ZmI1YjkiLCJfYXV0aF91c2VyX2JhY2tlbmQiOiJkamFuZ28uY29udHJpYi5hdXRoLmJhY2tlbmRzLk1vZGVsQmFja2VuZCIsIl9hdXRoX3VzZXJfaWQiOjF9"
    },
    "model": "sessions.session",
    "pk": "tnlxdmjbms161ginez9yvovvjzg9yz3l"
  },
  {
    "fields": {
      "wbs_element_ex": "A00",
      "name": "sample programme"
    },
    "model": "eums.programme",
    "pk": 1
  },
  {
    "fields": {
      "wbs_element_ex": "A01",
      "name": "YI105 - PCR 1 KEEP CHILDREN AND MOTHERS"
    },
    "model": "eums.programme",
    "pk": 2
  },
  {
    "fields": {
      "wbs_element_ex": "A02",
      "name": "YI107 - PCR 3 KEEP CHILDREN SAFE"
    },
    "model": "eums.programme",
    "pk": 3
  },
  {
    "fields": {
      "wbs_element_ex": "A03",
      "name": "YI105 - PCR 1 KEEP CHILDREN AND MOTHERS"
    },
    "model": "eums.programme",
    "pk": 4
  },
  {
    "fields": {
      "wbs_element_ex": "A04",
      "name": "Y108 - PCR 4 CROSS SECTORAL"
    },
    "model": "eums.programme",
    "pk": 5
  },
  {
    "fields": {
      "wbs_element_ex": "A05",
      "name": "YP109 - PCR 5 SUPPORT"
    },
    "model": "eums.programme",
    "pk": 6
  },
  {
    "fields": {
      "wbs_element_ex": "A06",
      "name": "YI106 - PCR 2 KEEP CHILDREN LEARNING"
    },
    "model": "eums.programme",
    "pk": 9
  },
  {
    "fields": {
      "wbs_element_ex": "A07",
      "name": "YI101 KEEP CHILDREN AND MOTHERS ALIVE"
    },
    "model": "eums.programme",
    "pk": 10
  },
  {
    "fields": {
      "wbs_element_ex": "A08",
      "name": "YP104 MANAGEMENT RESULTS"
    },
    "model": "eums.programme",
    "pk": 11
  },
  {
    "fields": {
      "wbs_element_ex": "A09",
      "name": "YI102 KEEP CHILDREN LEARNING"
    },
    "model": "eums.programme",
    "pk": 12
  },
  {
    "fields": {
      "wbs_element_ex": "A10",
      "name": "YI103 KEEP CHILDREN SAFE"
    },
    "model": "eums.programme",
    "pk": 13
  },
  {
    "fields": {
      "wbs_element_ex": "A11",
      "name": "* YP109 - PCR 5 Support - Effective & efficient programme ma"
    },
    "model": "eums.programme",
    "pk": 14
  },
  {
    "fields": {
      "wbs_element_ex": "A12",
      "name": "* 040623/YW402-YW402 Water, Sanitation and"
    },
    "model": "eums.programme",
    "pk": 15
  },
  {
    "fields": {
      "wbs_element_ex": "A13",
      "name": "* 040623/YP602-YP602 Cross-Sectoral Costs"
    },
    "model": "eums.programme",
    "pk": 16
  },
  {
    "fields": {
      "wbs_element_ex": "4380/A0/04/105/005",
      "name": ""
    },
    "model": "eums.programme",
    "pk": 17
  },
  {
    "fields": {
      "wbs_element_ex": "4380/A0/04/108/003",
      "name": "PCR: 123 - Test Outcome 1"
    },
    "model": "eums.programme",
    "pk": 18
  },
  {
    "fields": {
      "date": "2014-10-13",
      "programme": 1
    },
    "model": "eums.distributionplan",
    "pk": 1
  },
  {
    "fields": {
      "date": "2014-10-16",
      "programme": 3
    },
    "model": "eums.distributionplan",
    "pk": 2
  },
  {
    "fields": {
      "date": "2014-10-16",
      "programme": 4
    },
    "model": "eums.distributionplan",
    "pk": 3
  },
  {
    "fields": {
      "date": "2014-10-20",
      "programme": 1
    },
    "model": "eums.distributionplan",
    "pk": 4
  },
  {
    "fields": {
      "date": "2014-10-20",
      "programme": 1
    },
    "model": "eums.distributionplan",
    "pk": 5
  },
  {
    "fields": {
      "date": "2014-10-22",
      "programme": 1
    },
    "model": "eums.distributionplan",
    "pk": 6
  },
  {
    "fields": {
      "date": "2014-10-22",
      "programme": 3
    },
    "model": "eums.distributionplan",
    "pk": 7
  },
  {
    "fields": {
      "name": "second consigne",
      "imported_from_vision": false,
      "location": null,
      "remarks": null,
      "customer_id": "",
      "type": "implementing_partner"
    },
    "model": "eums.consignee",
    "pk": 2
  },
  {
    "fields": {
      "name": "end user consignee",
      "imported_from_vision": false,
      "location": null,
      "remarks": null,
      "customer_id": "",
      "type": "implementing_partner"
    },
    "model": "eums.consignee",
    "pk": 3
  },
  {
    "fields": {
      "name": "ARUA DHO DR. ANGUZU PATRICK",
      "imported_from_vision": false,
      "location": null,
      "remarks": null,
      "customer_id": "L438000580",
      "type": "implementing_partner"
    },
    "model": "eums.consignee",
    "pk": 4
  },
  {
    "fields": {
      "name": "DUMMY",
      "imported_from_vision": false,
      "location": null,
      "remarks": null,
      "customer_id": "L438000581",
      "type": "implementing_partner"
    },
    "model": "eums.consignee",
    "pk": 5
  },
  {
    "fields": {
      "name": "KAABONG DHO",
      "imported_from_vision": false,
      "location": null,
      "remarks": null,
      "customer_id": "L438000215",
      "type": "implementing_partner"
    },
    "model": "eums.consignee",
    "pk": 6
  },
  {
    "fields": {
      "name": "Ntungamo  DHO",
      "imported_from_vision": false,
      "location": null,
      "remarks": null,
      "customer_id": "L438000520",
      "type": "implementing_partner"
    },
    "model": "eums.consignee",
    "pk": 7
  },
  {
    "fields": {
      "name": "AGAGO DHO",
      "imported_from_vision": false,
      "location": null,
      "remarks": null,
      "customer_id": "L438000024",
      "type": "implementing_partner"
    },
    "model": "eums.consignee",
    "pk": 8
  },
  {
    "fields": {
      "name": "AMURU DHO",
      "imported_from_vision": false,
      "location": null,
      "remarks": null,
      "customer_id": "L438000043",
      "type": "implementing_partner"
    },
    "model": "eums.consignee",
    "pk": 9
  },
  {
    "fields": {
      "name": "PADER DHO",
      "imported_from_vision": false,
      "location": null,
      "remarks": null,
      "customer_id": "L438000394",
      "type": "implementing_partner"
    },
    "model": "eums.consignee",
    "pk": 10
  },
  {
    "fields": {
      "name": "KITGUM DHO",
      "imported_from_vision": false,
      "location": null,
      "remarks": null,
      "customer_id": "L438000256",
      "type": "implementing_partner"
    },
    "model": "eums.consignee",
    "pk": 11
  },
  {
    "fields": {
      "name": "LAMWO DHO",
      "imported_from_vision": false,
      "location": null,
      "remarks": null,
      "customer_id": "L438000286",
      "type": "implementing_partner"
    },
    "model": "eums.consignee",
    "pk": 12
  },
  {
    "fields": {
      "name": "NWOYA DHO",
      "imported_from_vision": false,
      "location": null,
      "remarks": null,
      "customer_id": "L438000381",
      "type": "implementing_partner"
    },
    "model": "eums.consignee",
    "pk": 13
  },
  {
    "fields": {
      "name": "YUMBE DHO",
      "imported_from_vision": false,
      "location": null,
      "remarks": null,
      "customer_id": "L438000498",
      "type": "implementing_partner"
    },
    "model": "eums.consignee",
    "pk": 14
  },
  {
    "fields": {
      "name": "BUIKWE DHO",
      "imported_from_vision": false,
      "location": null,
      "remarks": null,
      "customer_id": "L438000080",
      "type": "implementing_partner"
    },
    "model": "eums.consignee",
    "pk": 15
  },
  {
    "fields": {
      "name": "BUKOMANSIMBI DHO",
      "imported_from_vision": false,
      "location": null,
      "remarks": null,
      "customer_id": "L438000503",
      "type": "implementing_partner"
    },
    "model": "eums.consignee",
    "pk": 16
  },
  {
    "fields": {
      "name": "KALUNGU DHO",
      "imported_from_vision": false,
      "location": null,
      "remarks": null,
      "customer_id": "L438000504",
      "type": "implementing_partner"
    },
    "model": "eums.consignee",
    "pk": 17
  },
  {
    "fields": {
      "name": "LWENGO DHO",
      "imported_from_vision": false,
      "location": null,
      "remarks": null,
      "customer_id": "L438000505",
      "type": "implementing_partner"
    },
    "model": "eums.consignee",
    "pk": 18
  },
  {
    "fields": {
      "name": "MUBENDE DHO",
      "imported_from_vision": false,
      "location": null,
      "remarks": null,
      "customer_id": "L438000351",
      "type": "implementing_partner"
    },
    "model": "eums.consignee",
    "pk": 19
  },
  {
    "fields": {
      "name": "MUKONO DHO",
      "imported_from_vision": false,
      "location": null,
      "remarks": null,
      "customer_id": "L438000354",
      "type": "implementing_partner"
    },
    "model": "eums.consignee",
    "pk": 20
  },
  {
    "fields": {
      "name": "BUNDIBUGYO DHO",
      "imported_from_vision": false,
      "location": null,
      "remarks": null,
      "customer_id": "L438000088",
      "type": "implementing_partner"
    },
    "model": "eums.consignee",
    "pk": 21
  },
  {
    "fields": {
      "name": "KABALORE DHO",
      "imported_from_vision": false,
      "location": null,
      "remarks": null,
      "customer_id": "L438000222",
      "type": "implementing_partner"
    },
    "model": "eums.consignee",
    "pk": 22
  },
  {
    "fields": {
      "name": "KYENGEGWA DHO",
      "imported_from_vision": false,
      "location": null,
      "remarks": null,
      "customer_id": "L438000281",
      "type": "implementing_partner"
    },
    "model": "eums.consignee",
    "pk": 23
  },
  {
    "fields": {
      "name": "KYENJOJO DHO",
      "imported_from_vision": false,
      "location": null,
      "remarks": null,
      "customer_id": "L438000283",
      "type": "implementing_partner"
    },
    "model": "eums.consignee",
    "pk": 24
  },
  {
    "fields": {
      "name": "NTOROKO DHO",
      "imported_from_vision": false,
      "location": null,
      "remarks": null,
      "customer_id": "L438000378",
      "type": "implementing_partner"
    },
    "model": "eums.consignee",
    "pk": 25
  },
  {
    "fields": {
      "name": "KAMULI DHO",
      "imported_from_vision": false,
      "location": null,
      "remarks": null,
      "customer_id": "L438000233",
      "type": "implementing_partner"
    },
    "model": "eums.consignee",
    "pk": 26
  },
  {
    "fields": {
      "name": "IGANGA DHO",
      "imported_from_vision": false,
      "location": null,
      "remarks": null,
      "customer_id": "L438000196",
      "type": "implementing_partner"
    },
    "model": "eums.consignee",
    "pk": 27
  },
  {
    "fields": {
      "name": "Makindye Division Dr Walyomo Richard",
      "imported_from_vision": false,
      "location": null,
      "remarks": null,
      "customer_id": "L438000524",
      "type": "implementing_partner"
    },
    "model": "eums.consignee",
    "pk": 28
  },
  {
    "fields": {
      "name": "Central Division Dr Muhammed Kirumira",
      "imported_from_vision": false,
      "location": null,
      "remarks": null,
      "customer_id": "L438000525",
      "type": "implementing_partner"
    },
    "model": "eums.consignee",
    "pk": 29
  },
  {
    "fields": {
      "name": "Lubaga Division Jannat Kulabako",
      "imported_from_vision": false,
      "location": null,
      "remarks": null,
      "customer_id": "L438000523",
      "type": "implementing_partner"
    },
    "model": "eums.consignee",
    "pk": 30
  },
  {
    "fields": {
      "name": "Kawempe Division Dr Henry Mugerwa",
      "imported_from_vision": false,
      "location": null,
      "remarks": null,
      "customer_id": "L438000522",
      "type": "implementing_partner"
    },
    "model": "eums.consignee",
    "pk": 31
  },
  {
    "fields": {
      "name": "ADJUMANI DHO",
      "imported_from_vision": false,
      "location": null,
      "remarks": null,
      "customer_id": "L438000019",
      "type": "implementing_partner"
    },
    "model": "eums.consignee",
    "pk": 32
  },
  {
    "fields": {
      "name": "RAKAI DHO",
      "imported_from_vision": false,
      "location": null,
      "remarks": null,
      "customer_id": "L438000401",
      "type": "implementing_partner"
    },
    "model": "eums.consignee",
    "pk": 33
  },
  {
    "fields": {
      "name": "UNITED NATIONS HIGH COMMISSION FOR REFUGEES",
      "imported_from_vision": false,
      "location": null,
      "remarks": null,
      "customer_id": "L438000501",
      "type": "implementing_partner"
    },
    "model": "eums.consignee",
    "pk": 34
  },
  {
    "fields": {
      "name": "GULU DHO",
      "imported_from_vision": false,
      "location": null,
      "remarks": null,
      "customer_id": "L438000176",
      "type": "implementing_partner"
    },
    "model": "eums.consignee",
    "pk": 35
  },
  {
    "fields": {
      "name": "KYEGEGWA DHO",
      "imported_from_vision": false,
      "location": null,
      "remarks": null,
      "customer_id": "L438000279",
      "type": "implementing_partner"
    },
    "model": "eums.consignee",
    "pk": 36
  },
  {
    "fields": {
      "name": "MOROTO DHO",
      "imported_from_vision": false,
      "location": null,
      "remarks": null,
      "customer_id": "L438000331",
      "type": "implementing_partner"
    },
    "model": "eums.consignee",
    "pk": 37
  },
  {
    "fields": {
      "name": "NAPAK DHO",
      "imported_from_vision": true,
      "location": null,
      "remarks": null,
      "customer_id": "L438000368",
      "type": "implementing_partner"
    },
    "model": "eums.consignee",
    "pk": 38
  },
  {
    "fields": {
      "name": "KOTIDO DHO",
      "imported_from_vision": false,
      "location": null,
      "remarks": null,
      "customer_id": "L438000267",
      "type": "implementing_partner"
    },
    "model": "eums.consignee",
    "pk": 39
  },
  {
    "fields": {
      "name": "AMUDAT DHO",
      "imported_from_vision": false,
      "location": null,
      "remarks": null,
      "customer_id": "L438000038",
      "type": "implementing_partner"
    },
    "model": "eums.consignee",
    "pk": 40
  },
  {
    "fields": {
      "name": "NAKAPIRIPIRIT DHO",
      "imported_from_vision": false,
      "location": null,
      "remarks": null,
      "customer_id": "L438000362",
      "type": "implementing_partner"
    },
    "model": "eums.consignee",
    "pk": 41
  },
  {
    "fields": {
      "name": "MALARIA CONSORTIUM",
      "imported_from_vision": false,
      "location": null,
      "remarks": null,
      "customer_id": "L438000296",
      "type": "implementing_partner"
    },
    "model": "eums.consignee",
    "pk": 42
  },
  {
    "fields": {
      "name": "CUAMM KAMPALA",
      "imported_from_vision": true,
      "location": null,
      "remarks": null,
      "customer_id": "L438000143",
      "type": "implementing_partner"
    },
    "model": "eums.consignee",
    "pk": 44
  },
  {
    "fields": {
      "name": "UNICEF",
      "imported_from_vision": true,
      "location": null,
      "remarks": null,
      "customer_id": "L438000519",
      "type": "implementing_partner"
    },
    "model": "eums.consignee",
    "pk": 45
  },
  {
    "fields": {"name": "kgs"},
    "model": "eums.itemunit",
    "pk": 1
  },
  {
    "fields": {"name": "Each"},
    "model": "eums.itemunit",
    "pk": 2
  },
  {
    "fields": {"name": "Kit"},
    "model": "eums.itemunit",
    "pk": 3
  },
  {
    "fields": {"name": "Sachet"},
    "model": "eums.itemunit",
    "pk": 4
  },
  {
    "fields": {"name": "PU"},
    "model": "eums.itemunit",
    "pk": 5
  },
  {
    "fields": {
      "material_code": "SL004639",
      "description": "Leaflet \u2013 A5 or A4 with 3 fold \u2013 Full",
      "unit": 1
    },
    "model": "eums.item",
    "pk": 1
  },
  {
    "fields": {
      "material_code": "SL004638",
      "description": "Fact sheet \u2013 A4 \u2013 Full colour \u2013 double s",
      "unit": 1
    },
    "model": "eums.item",
    "pk": 2
  },
  {
    "fields": {
      "material_code": "SL005144",
      "description": "Laptop,Lenovo,ThinkPad T510",
      "unit": 2
    },
    "model": "eums.item",
    "pk": 3
  },
  {
    "fields": {
      "material_code": "SL002248",
      "description": "Laptop bag",
      "unit": 2
    },
    "model": "eums.item",
    "pk": 4
  },
  {
    "fields": {
      "material_code": "SL005981",
      "description": "EXTRA POWER ADAPTER",
      "unit": 2
    },
    "model": "eums.item",
    "pk": 5
  },
  {
    "fields": {
      "material_code": "SL002315",
      "description": "LENOVO USB 2.0 SUPER MULTI-BURNER DRIVE",
      "unit": 2
    },
    "model": "eums.item",
    "pk": 6
  },
  {
    "fields": {
      "material_code": "SL004169",
      "description": "Toner",
      "unit": 2
    },
    "model": "eums.item",
    "pk": 7
  },
  {
    "fields": {
      "material_code": "S0782208",
      "description": "Safety box f.used syrgs/ndls 5lt/BOX-25",
      "unit": 2
    },
    "model": "eums.item",
    "pk": 8
  },
  {
    "fields": {
      "material_code": "S0060240",
      "description": "Therapeutic spread,sachet 92g/CAR-150",
      "unit": 4
    },
    "model": "eums.item",
    "pk": 9
  },
  {
    "fields": {
      "material_code": "S1569125",
      "description": "ReSoMal,42g sachet for 1 litre/CAR-100",
      "unit": 4
    },
    "model": "eums.item",
    "pk": 10
  },
  {
    "fields": {
      "material_code": "S0145620",
      "description": "MUAC,Child 11.5 Red/PAC-50",
      "unit": 4
    },
    "model": "eums.item",
    "pk": 11
  },
  {
    "fields": {
      "material_code": "S0700208",
      "description": "F-75 therap.diet,sachet, 102.5g/CAR-120",
      "unit": 4
    },
    "model": "eums.item",
    "pk": 12
  },
  {
    "fields": {
      "material_code": "SL004159",
      "description": "Toner",
      "unit": 5
    },
    "model": "eums.item",
    "pk": 13
  },
  {
    "fields": {
      "material_code": "SL003247",
      "description": "Printer",
      "unit": 2
    },
    "model": "eums.item",
    "pk": 14
  },
  {
    "fields": {
      "material_code": "S9906621",
      "description": "IEHK2006,kit,basic unit",
      "unit": 3
    },
    "model": "eums.item",
    "pk": 15
  },
  {
    "fields": {
      "material_code": "S1906623",
      "description": "IEHK2006,kit,suppl.1-drugs",
      "unit": 3
    },
    "model": "eums.item",
    "pk": 16
  },
  {
    "fields": {
      "material_code": "SL062371",
      "description": "MAMA KITS, CLEAN DELIVERY KITS",
      "unit": 3
    },
    "model": "eums.item",
    "pk": 17
  },
  {
    "fields": {
      "material_code": "S9906623",
      "description": "IEHK2006,kit,suppl.1-drugs",
      "unit": 3
    },
    "model": "eums.item",
    "pk": 18
  },
  {
    "fields": {
      "material_code": "S9901006",
      "description": "IEHK2011,kit,suppl.1-medicines",
      "unit": 1
    },
    "model": "eums.item",
    "pk": 19
  },
  {
    "fields": {
      "material_code": "S0000240",
      "description": "Therapeutic spread,sachet 92g/CAR-150",
      "unit": 1
    },
    "model": "eums.item",
    "pk": 20
  },
  {
    "fields": {
      "material_code": "S0000209",
      "description": "F-100 therap. diet, sachet,114g/CAR-90",
      "unit": 1
    },
    "model": "eums.item",
    "pk": 21
  },
  {
    "fields": {
      "material_code": "S0000208",
      "description": "F-75 therap.diet,sachet, 102.5g/CAR-120",
      "unit": 1
    },
    "model": "eums.item",
    "pk": 22
  },
  {
    "fields": {
      "material_code": "S0114530",
      "description": "Portable baby/child L-hgt mea.syst/SET-2",
      "unit": 1
    },
    "model": "eums.item",
    "pk": 23
  },
  {
    "fields": {
      "material_code": "S0572510",
      "description": "Blanket,survival,220x140cm (Adult)",
      "unit": 1
    },
    "model": "eums.item",
    "pk": 24
  },
  {
    "fields": {
      "material_code": "S0156000",
      "description": "Sterilizer,steam,39L",
      "unit": 1
    },
    "model": "eums.item",
    "pk": 25
  },
  {
    "fields": {
      "material_code": "S0791500",
      "description": "Vacuum extractor,Bird,manual,comple.set",
      "unit": 1
    },
    "model": "eums.item",
    "pk": 26
  },
  {
    "fields": {
      "material_code": "S0004123",
      "description": "Motor cycles- Yamaha DT125",
      "unit": 1
    },
    "model": "eums.item",
    "pk": 27
  },
  {
    "fields": {
      "material_code": "S9906730",
      "description": "Diarrhoeal Disease Set Packing",
      "unit": 1
    },
    "model": "eums.item",
    "pk": 28
  },
  {
    "fields": {
      "material_code": "SL006645",
      "description": "Round Neck T-Shirts",
      "unit": 1
    },
    "model": "eums.item",
    "pk": 29
  },
  {
    "fields": {
      "material_code": "U320000",
      "description": "PVC Horizontal banner 6m x 2m",
      "unit": 1
    },
    "model": "eums.item",
    "pk": 30
  },
  {
    "fields": {
      "material_code": "U320000",
      "description": "Tear Drops 70cm x265cm, 300cm length to",
      "unit": 1
    },
    "model": "eums.item",
    "pk": 31
  },
  {
    "fields": {
      "material_code": "U320000",
      "description": "Rollup Exhibition Stands (Heavy Wide bas",
      "unit": 1
    },
    "model": "eums.item",
    "pk": 32
  },
  {
    "fields": {
      "material_code": "S0000538",
      "description": "Chlorine 65% - 45 Kg. cartons",
      "unit": 1
    },
    "model": "eums.item",
    "pk": 33
  },
  {
    "fields": {
      "material_code": "U320000",
      "description": "PVC banners",
      "unit": 1
    },
    "model": "eums.item",
    "pk": 34
  },
  {
    "fields": {
      "material_code": "SL004594",
      "description": "Tally sheets printed on A4 Paper",
      "unit": 1
    },
    "model": "eums.item",
    "pk": 35
  },
  {
    "fields": {
      "material_code": "SL004594",
      "description": "Throw Boxes",
      "unit": 1
    },
    "model": "eums.item",
    "pk": 36
  },
  {
    "fields": {
      "material_code": "SL004594",
      "description": "Play Card box",
      "unit": 1
    },
    "model": "eums.item",
    "pk": 37
  },
  {
    "fields": {
      "material_code": "SL004594",
      "description": "Value Cards and Value Card messages box",
      "unit": 1
    },
    "model": "eums.item",
    "pk": 38
  },
  {
    "fields": {
      "material_code": "SL004594",
      "description": "Play card messages box",
      "unit": 1
    },
    "model": "eums.item",
    "pk": 39
  },
  {
    "fields": {
      "material_code": "SL004594",
      "description": "Value cards",
      "unit": 1
    },
    "model": "eums.item",
    "pk": 40
  },
  {
    "fields": {
      "material_code": "SL004594",
      "description": "Value Cards messages",
      "unit": 1
    },
    "model": "eums.item",
    "pk": 41
  },
  {
    "fields": {
      "material_code": "SL004594",
      "description": "Message Booklet-Full colour print,",
      "unit": 1
    },
    "model": "eums.item",
    "pk": 42
  },
  {
    "fields": {
      "material_code": "SL004594",
      "description": "Play Cards",
      "unit": 1
    },
    "model": "eums.item",
    "pk": 43
  },
  {
    "fields": {
      "material_code": "SL004594",
      "description": "Play Card messages",
      "unit": 1
    },
    "model": "eums.item",
    "pk": 44
  },
  {
    "fields": {
      "material_code": "U458000",
      "description": "MIcrosoft windows 7 Proefessional OLP NL",
      "unit": 1
    },
    "model": "eums.item",
    "pk": 45
  },
  {
    "fields": {
      "material_code": "SL004775",
      "description": "Bar Soap 800gm",
      "unit": 1
    },
    "model": "eums.item",
    "pk": 46
  },
  {
    "fields": {
      "material_code": "U320000",
      "description": "Invitation Cards",
      "unit": 1
    },
    "model": "eums.item",
    "pk": 47
  },
  {
    "fields": {
      "material_code": "SL004594",
      "description": "Notebooks",
      "unit": 1
    },
    "model": "eums.item",
    "pk": 48
  },
  {
    "fields": {
      "material_code": "SL006645",
      "description": "Round Neck Tshirts",
      "unit": 1
    },
    "model": "eums.item",
    "pk": 49
  },
  {
    "fields": {
      "material_code": "U320000",
      "description": "PVC Horizontal Banner",
      "unit": 1
    },
    "model": "eums.item",
    "pk": 50
  },
  {
    "fields": {
      "material_code": "U320000",
      "description": "Banner",
      "unit": 1
    },
    "model": "eums.item",
    "pk": 51
  },
  {
    "fields": {
      "material_code": "U320000",
      "description": "Pull Up Stand banners",
      "unit": 1
    },
    "model": "eums.item",
    "pk": 52
  },
  {
    "fields": {
      "material_code": "U792100",
      "description": "Printing services (NSGE) booklets",
      "unit": 1
    },
    "model": "eums.item",
    "pk": 53
  },
  {
    "fields": {
      "material_code": "SL004594",
      "description": "Longitudinal ANC Register",
      "unit": 1
    },
    "model": "eums.item",
    "pk": 54
  },
  {
    "fields": {
      "material_code": "U792100",
      "description": "Alt Corporal punishment abridged version",
      "unit": 1
    },
    "model": "eums.item",
    "pk": 55
  },
  {
    "fields": {
      "material_code": "U792100",
      "description": "Alt Corporal punishment Original version",
      "unit": 1
    },
    "model": "eums.item",
    "pk": 56
  },
  {
    "fields": {
      "material_code": "U389900",
      "description": "Training&demonstrational models,articles",
      "unit": 1
    },
    "model": "eums.item",
    "pk": 57
  },
  {
    "fields": {
      "material_code": "S9935095",
      "description": "Replenishment kit for S9935098",
      "unit": 1
    },
    "model": "eums.item",
    "pk": 58
  },
  {
    "fields": {
      "material_code": "S5086012",
      "description": "Tarpaulin,plastic,roll,4x50m",
      "unit": 1
    },
    "model": "eums.item",
    "pk": 59
  },
  {
    "fields": {
      "material_code": "S9935062",
      "description": "Early Childhood Development (ECD - IKA)",
      "unit": 1
    },
    "model": "eums.item",
    "pk": 60
  },
  {
    "fields": {
      "material_code": "S5088008",
      "description": "Tent,light weight,rectangular,24m\u00b2",
      "unit": 1
    },
    "model": "eums.item",
    "pk": 61
  },
  {
    "fields": {
      "material_code": "S5088020",
      "description": "Tent,light weight,rectangular,72m\u00b2",
      "unit": 1
    },
    "model": "eums.item",
    "pk": 62
  },
  {
    "fields": {
      "material_code": "S9910003",
      "description": "Surg.inst.,delivery /SET",
      "unit": 1
    },
    "model": "eums.item",
    "pk": 63
  },
  {
    "fields": {
      "material_code": "S0845000",
      "description": "Resuscitator,hand-oper.,infant/child,set",
      "unit": 1
    },
    "model": "eums.item",
    "pk": 64
  },
  {
    "fields": {
      "material_code": "SL004619",
      "description": "Printed Book",
      "unit": 1
    },
    "model": "eums.item",
    "pk": 65
  },
  {
    "fields": {
      "material_code": "S0000204",
      "description": "Amoxicillin 125mg disp.tab/PAC-30",
      "unit": 1
    },
    "model": "eums.item",
    "pk": 66
  },
  {
    "fields": {
      "material_code": "S1580020",
      "description": "Zinc 20mg tablets/PAC-100",
      "unit": 1
    },
    "model": "eums.item",
    "pk": 67
  },
  {
    "fields": {
      "material_code": "S0000207",
      "description": "Amoxicillin 125mg disp.tab/PAC-20",
      "unit": 1
    },
    "model": "eums.item",
    "pk": 68
  },
  {
    "fields": {
      "material_code": "S0845010",
      "description": "Timer,respiration for ARI",
      "unit": 1
    },
    "model": "eums.item",
    "pk": 69
  },
  {
    "fields": {
      "material_code": "S1300074",
      "description": "Artem 20mg+Lumef120mg disp tabs/6/PAC-30",
      "unit": 1
    },
    "model": "eums.item",
    "pk": 70
  },
  {
    "fields": {
      "material_code": "S0003581",
      "description": "SD Bioline Mal Pf (HRP2)kit/25\u2019",
      "unit": 1
    },
    "model": "eums.item",
    "pk": 71
  },
  {
    "fields": {
      "material_code": "S1561121",
      "description": "ORS low osm. 20.5g/1L CAR/10x100",
      "unit": 1
    },
    "model": "eums.item",
    "pk": 72
  },
  {
    "fields": {
      "material_code": "SL004594",
      "description": "ICCM Facilitators Guide",
      "unit": 1
    },
    "model": "eums.item",
    "pk": 73
  },
  {
    "fields": {
      "material_code": "SL004594",
      "description": "VHTJob Aids",
      "unit": 1
    },
    "model": "eums.item",
    "pk": 74
  },
  {
    "fields": {
      "material_code": "SL004594",
      "description": "VHTParticipants Manual",
      "unit": 1
    },
    "model": "eums.item",
    "pk": 75
  },
  {
    "fields": {
      "material_code": "SL004594",
      "description": "VHTCertificate basic package",
      "unit": 1
    },
    "model": "eums.item",
    "pk": 76
  },
  {
    "fields": {
      "material_code": "SL004594",
      "description": "ICCM Sick Child Job Aid",
      "unit": 1
    },
    "model": "eums.item",
    "pk": 77
  },
  {
    "fields": {
      "material_code": "SL004594",
      "description": "ICCM Training Certificate",
      "unit": 1
    },
    "model": "eums.item",
    "pk": 78
  },
  {
    "fields": {
      "material_code": "SL004594",
      "description": "VHTPatient Register",
      "unit": 1
    },
    "model": "eums.item",
    "pk": 79
  },
  {
    "fields": {
      "material_code": "SL004594",
      "description": "VHTFacilitator Guide",
      "unit": 1
    },
    "model": "eums.item",
    "pk": 80
  },
  {
    "fields": {
      "material_code": "SL004594",
      "description": "VHT TOT Guide",
      "unit": 1
    },
    "model": "eums.item",
    "pk": 81
  },
  {
    "fields": {
      "material_code": "SL004594",
      "description": "Medicine Boxes",
      "unit": 1
    },
    "model": "eums.item",
    "pk": 82
  },
  {
    "fields": {
      "material_code": "U456100",
      "description": "TARGUS CARRYING CASE, NYLON NOTEPAC BASI",
      "unit": 1
    },
    "model": "eums.item",
    "pk": 83
  },
  {
    "fields": {
      "material_code": "SL001267",
      "description": "Internet Modems - MTN",
      "unit": 1
    },
    "model": "eums.item",
    "pk": 84
  },
  {
    "fields": {
      "material_code": "SL001267",
      "description": "Internet Modems - Orange",
      "unit": 1
    },
    "model": "eums.item",
    "pk": 85
  },
  {
    "fields": {
      "material_code": "SL001267",
      "description": "Dongle, modem - Airtel",
      "unit": 1
    },
    "model": "eums.item",
    "pk": 86
  },
  {
    "fields": {
      "material_code": "U452150",
      "description": "Computers,laptop/notebook",
      "unit": 1
    },
    "model": "eums.item",
    "pk": 87
  },
  {
    "fields": {
      "material_code": "U322000",
      "description": "Information Guide for Adolescents",
      "unit": 1
    },
    "model": "eums.item",
    "pk": 88
  },
  {
    "fields": {
      "material_code": "U322000",
      "description": "Life skills Training Guide Manual",
      "unit": 1
    },
    "model": "eums.item",
    "pk": 89
  },
  {
    "fields": {
      "material_code": "SL001679",
      "description": "Birth Registration forms",
      "unit": 1
    },
    "model": "eums.item",
    "pk": 90
  },
  {
    "fields": {
      "material_code": "U471000",
      "description": "TVs for Comms unit office",
      "unit": 1
    },
    "model": "eums.item",
    "pk": 91
  },
  {
    "fields": {
      "material_code": "SL004594",
      "description": "Printed booklet-VHT Registers",
      "unit": 1
    },
    "model": "eums.item",
    "pk": 92
  },
  {
    "fields": {
      "material_code": "SL004594",
      "description": "Printed booklet-VHT Referral forms",
      "unit": 1
    },
    "model": "eums.item",
    "pk": 93
  },
  {
    "fields": {
      "material_code": "SL004594",
      "description": "Printed booklet-IYCG Counselling cards",
      "unit": 1
    },
    "model": "eums.item",
    "pk": 94
  },
  {
    "fields": {
      "material_code": "SL004594",
      "description": "Printed booklet-Health worker ref. forms",
      "unit": 1
    },
    "model": "eums.item",
    "pk": 95
  },
  {
    "fields": {
      "material_code": "SL004594",
      "description": "Printed booklet-VHT Manuals",
      "unit": 1
    },
    "model": "eums.item",
    "pk": 96
  },
  {
    "fields": {
      "material_code": "U271610",
      "description": "Tarpaulins",
      "unit": 1
    },
    "model": "eums.item",
    "pk": 97
  },
  {
    "fields": {
      "material_code": "SL004594",
      "description": "UNICEF branded notepads",
      "unit": 1
    },
    "model": "eums.item",
    "pk": 98
  },
  {
    "fields": {
      "material_code": "U320000",
      "description": "UNICEF branded folders",
      "unit": 1
    },
    "model": "eums.item",
    "pk": 99
  },
  {
    "fields": {
      "material_code": "U320000",
      "description": "UNICEF Exhibition banners",
      "unit": 1
    },
    "model": "eums.item",
    "pk": 100
  },
  {
    "fields": {
      "material_code": "U320000",
      "description": "UNICEF branded feather banners",
      "unit": 1
    },
    "model": "eums.item",
    "pk": 101
  },
  {
    "fields": {
      "material_code": "S1561125",
      "description": "ReSoMal,42g sachet for 1 litre/CAR-100",
      "unit": 1
    },
    "model": "eums.item",
    "pk": 102
  },
  {
    "fields": {
      "material_code": "S0481053",
      "description": "Thermometer,clinical,digital,32-43\u00baC",
      "unit": 1
    },
    "model": "eums.item",
    "pk": 103
  },
  {
    "fields": {
      "material_code": "S0557200",
      "description": "Sling for use w5555,0557000,0557100",
      "unit": 1
    },
    "model": "eums.item",
    "pk": 104
  },
  {
    "fields": {
      "material_code": "S9910005",
      "description": "Surg.inst.,dressing /SET",
      "unit": 1
    },
    "model": "eums.item",
    "pk": 105
  },
  {
    "fields": {
      "material_code": "S0777500",
      "description": "Speculum,vaginal,Graves,95x35mm",
      "unit": 1
    },
    "model": "eums.item",
    "pk": 106
  },
  {
    "fields": {
      "material_code": "S0683200",
      "description": "Sphygmomanometer,(adult),aneroid",
      "unit": 1
    },
    "model": "eums.item",
    "pk": 107
  },
  {
    "fields": {
      "material_code": "S0683300",
      "description": "Sphygmomanometer,(child),aneroid",
      "unit": 1
    },
    "model": "eums.item",
    "pk": 108
  },
  {
    "fields": {
      "material_code": "S9910002",
      "description": "Surg.inst.,curettage /SET",
      "unit": 1
    },
    "model": "eums.item",
    "pk": 109
  },
  {
    "fields": {
      "material_code": "S0145520",
      "description": "Scale,infant,clinic,beamtype,16kg x 10g",
      "unit": 1
    },
    "model": "eums.item",
    "pk": 110
  },
  {
    "fields": {
      "material_code": "S0140500",
      "description": "Scale,physician,adult,metric,6-180kg",
      "unit": 1
    },
    "model": "eums.item",
    "pk": 111
  },
  {
    "fields": {
      "material_code": "S0114520",
      "description": "Portable baby/child/adult L-hgt mea.syst",
      "unit": 1
    },
    "model": "eums.item",
    "pk": 112
  },
  {
    "fields": {
      "material_code": "S0760640",
      "description": "Pump,suction,foot-operated",
      "unit": 1
    },
    "model": "eums.item",
    "pk": 113
  },
  {
    "fields": {
      "material_code": "S0002047",
      "description": "Oxygen concentrator/SET",
      "unit": 1
    },
    "model": "eums.item",
    "pk": 114
  },
  {
    "fields": {
      "material_code": "S0001300",
      "description": "Microscope, binocular, basic",
      "unit": 1
    },
    "model": "eums.item",
    "pk": 115
  },
  {
    "fields": {
      "material_code": "SL001824",
      "description": "GUM BOOTS, White, labour ward use",
      "unit": 1
    },
    "model": "eums.item",
    "pk": 116
  },
  {
    "fields": {
      "material_code": "S0002171",
      "description": "Table,examination - Couch",
      "unit": 1
    },
    "model": "eums.item",
    "pk": 117
  },
  {
    "fields": {
      "material_code": "S0002152",
      "description": "Trolley,dressing,ss,2 trays",
      "unit": 1
    },
    "model": "eums.item",
    "pk": 118
  },
  {
    "fields": {
      "material_code": "SL001824",
      "description": "GUM BOOTS,white-Labour ward use",
      "unit": 1
    },
    "model": "eums.item",
    "pk": 119
  },
  {
    "fields": {
      "material_code": "SL004605",
      "description": "Printed Flyer",
      "unit": 1
    },
    "model": "eums.item",
    "pk": 120
  },
  {
    "fields": {
      "material_code": "S0686000",
      "description": "Stethoscope,binaural,complete",
      "unit": 1
    },
    "model": "eums.item",
    "pk": 121
  },
  {
    "fields": {
      "material_code": "S9910006",
      "description": "Surg.inst.,exam/sut,vaginal/cervical/SET",
      "unit": 1
    },
    "model": "eums.item",
    "pk": 122
  },
  {
    "fields": {
      "material_code": "S0002299",
      "description": "Ess. spares for 10 solar systems ordered",
      "unit": 1
    },
    "model": "eums.item",
    "pk": 123
  },
  {
    "fields": {
      "material_code": "S0005077",
      "description": "Solar refrig-freezer,>50L,4.5Kw/24hrs",
      "unit": 1
    },
    "model": "eums.item",
    "pk": 124
  },
  {
    "fields": {
      "material_code": "SL004601",
      "description": "DCC Guidlines",
      "unit": 1
    },
    "model": "eums.item",
    "pk": 125
  },
  {
    "fields": {
      "material_code": "SL004601",
      "description": "Brochures",
      "unit": 1
    },
    "model": "eums.item",
    "pk": 126
  },
  {
    "fields": {
      "material_code": "SL004601",
      "description": "Posture - Your right as a child-School",
      "unit": 1
    },
    "model": "eums.item",
    "pk": 127
  },
  {
    "fields": {
      "material_code": "SL004601",
      "description": "Posture - violence against women and chi",
      "unit": 1
    },
    "model": "eums.item",
    "pk": 128
  },
  {
    "fields": {
      "material_code": "U456100",
      "description": "Targus Carrying Case Nylon Notepac",
      "unit": 1
    },
    "model": "eums.item",
    "pk": 129
  },
  {
    "fields": {
      "material_code": "S0003595",
      "description": "STAT-PAK HIV1/2,dipstick,kit/30",
      "unit": 1
    },
    "model": "eums.item",
    "pk": 130
  },
  {
    "fields": {
      "material_code": "S0003406",
      "description": "Uni-Gold HIV1/2,kit/20",
      "unit": 1
    },
    "model": "eums.item",
    "pk": 131
  },
  {
    "fields": {
      "material_code": "S0003403",
      "description": "Alere Determine HIV1/2,WB set,kit/100",
      "unit": 1
    },
    "model": "eums.item",
    "pk": 132
  },
  {
    "fields": {
      "material_code": "U454200",
      "description": "HP  LaserJet P3015DN",
      "unit": 1
    },
    "model": "eums.item",
    "pk": 133
  },
  {
    "fields": {
      "material_code": "U452150",
      "description": "Laptops-ThinkPad x230 Notebook",
      "unit": 1
    },
    "model": "eums.item",
    "pk": 134
  },
  {
    "fields": {
      "material_code": "SL004601",
      "description": "Printed brochure (stickers)",
      "unit": 1
    },
    "model": "eums.item",
    "pk": 135
  },
  {
    "fields": {
      "material_code": "SL006645",
      "description": "Round neck T-Shirts",
      "unit": 1
    },
    "model": "eums.item",
    "pk": 136
  },
  {
    "fields": {
      "material_code": "SL006645",
      "description": "T-shirt, cotton",
      "unit": 1
    },
    "model": "eums.item",
    "pk": 137
  },
  {
    "fields": {
      "material_code": "U320000",
      "description": "Press Banner",
      "unit": 1
    },
    "model": "eums.item",
    "pk": 138
  },
  {
    "fields": {
      "material_code": "U320000",
      "description": "Pull up Banners",
      "unit": 1
    },
    "model": "eums.item",
    "pk": 139
  },
  {
    "fields": {
      "material_code": "U320000",
      "description": "Tear Drops- Feather Banners",
      "unit": 1
    },
    "model": "eums.item",
    "pk": 140
  },
  {
    "fields": {
      "material_code": "SL002371",
      "description": "MAMA KITS, CLEAN DELIVERY KITS",
      "unit": 1
    },
    "model": "eums.item",
    "pk": 141
  },
  {
    "fields": {
      "material_code": "SL007747",
      "description": "Latrin material, foundation, wooden",
      "unit": 1
    },
    "model": "eums.item",
    "pk": 142
  },
  {
    "fields": {
      "material_code": "SL007746",
      "description": "Latrin material, wooden",
      "unit": 1
    },
    "model": "eums.item",
    "pk": 143
  },
  {
    "fields": {
      "material_code": "S0686000",
      "description": "Stethoscope,binaural (digital)",
      "unit": 1
    },
    "model": "eums.item",
    "pk": 144
  },
  {
    "fields": {
      "material_code": "S0683300",
      "description": "Sphygmomanometer,aneroid(Mercury)moveabl",
      "unit": 1
    },
    "model": "eums.item",
    "pk": 145
  },
  {
    "fields": {
      "material_code": "S0683300",
      "description": "Sphygmomanometer, adult",
      "unit": 1
    },
    "model": "eums.item",
    "pk": 146
  },
  {
    "fields": {
      "material_code": "S0305020",
      "description": "Plastic Aprons",
      "unit": 1
    },
    "model": "eums.item",
    "pk": 147
  },
  {
    "fields": {
      "material_code": "SL001824",
      "description": "GUM BOOTS-White, use in labour rooms",
      "unit": 1
    },
    "model": "eums.item",
    "pk": 148
  },
  {
    "fields": {
      "material_code": "S0002164",
      "description": "Wheelchair,adult",
      "unit": 1
    },
    "model": "eums.item",
    "pk": 149
  },
  {
    "fields": {
      "material_code": "S0002160",
      "description": "Bedscreen,hospital,on castors",
      "unit": 1
    },
    "model": "eums.item",
    "pk": 150
  },
  {
    "fields": {
      "material_code": "S0002150",
      "description": "Cot,baby,hospital,w/mattresses ,on cast",
      "unit": 1
    },
    "model": "eums.item",
    "pk": 151
  },
  {
    "fields": {
      "material_code": "S0002152",
      "description": "Wheeling Trolleys",
      "unit": 1
    },
    "model": "eums.item",
    "pk": 152
  },
  {
    "fields": {
      "material_code": "S0002035",
      "description": "Table,resusc,newborn,w/access",
      "unit": 1
    },
    "model": "eums.item",
    "pk": 153
  },
  {
    "fields": {
      "material_code": "S5086012",
      "description": "Tarpaulin, Plastic rolls",
      "unit": 1
    },
    "model": "eums.item",
    "pk": 154
  },
  {
    "fields": {
      "material_code": "U467100",
      "description": "SD Memory card",
      "unit": 1
    },
    "model": "eums.item",
    "pk": 155
  },
  {
    "fields": {
      "material_code": "U467100",
      "description": "Samsung S duos 2 (7582)",
      "unit": 1
    },
    "model": "eums.item",
    "pk": 156
  },
  {
    "fields": {
      "material_code": "SL004594",
      "description": "Community Based Newborn Care",
      "unit": 1
    },
    "model": "eums.item",
    "pk": 157
  },
  {
    "fields": {
      "material_code": "SL004594",
      "description": "VHT Nutrition Facilitators Guide",
      "unit": 1
    },
    "model": "eums.item",
    "pk": 158
  },
  {
    "fields": {
      "material_code": "SL004594",
      "description": "Newborn facilitators manual",
      "unit": 1
    },
    "model": "eums.item",
    "pk": 159
  },
  {
    "fields": {
      "material_code": "SL004594",
      "description": "VHT Nutrition Participants Manual",
      "unit": 1
    },
    "model": "eums.item",
    "pk": 160
  },
  {
    "fields": {
      "material_code": "U456100",
      "description": "Lenovo Optical Scrollpoint USB mouse",
      "unit": 1
    },
    "model": "eums.item",
    "pk": 161
  },
  {
    "fields": {
      "material_code": "U456100",
      "description": "Targus Carrying Case, Nylon Notepc basic",
      "unit": 1
    },
    "model": "eums.item",
    "pk": 162
  },
  {
    "fields": {
      "material_code": "SL001894",
      "description": "Helmet",
      "unit": 1
    },
    "model": "eums.item",
    "pk": 163
  },
  {
    "fields": {
      "material_code": "SL001679",
      "description": "A5 Manila White printing paper for Birth",
      "unit": 1
    },
    "model": "eums.item",
    "pk": 164
  },
  {
    "fields": {
      "material_code": "SL004369",
      "description": "Toner",
      "unit": 1
    },
    "model": "eums.item",
    "pk": 165
  },
  {
    "fields": {
      "material_code": "SL007247",
      "description": "Printer",
      "unit": 1
    },
    "model": "eums.item",
    "pk": 166
  },
  {
    "fields": {
      "material_code": "SL000171",
      "description": "APC Smart UPS",
      "unit": 1
    },
    "model": "eums.item",
    "pk": 167
  },
  {
    "fields": {
      "material_code": "SL003339",
      "description": "EMO Effective Micro Organism Cleana",
      "unit": 1
    },
    "model": "eums.item",
    "pk": 168
  },
  {
    "fields": {
      "material_code": "SL004164",
      "description": "Squatting plate, Latrine Slabs",
      "unit": 1
    },
    "model": "eums.item",
    "pk": 169
  },
  {
    "fields": {
      "material_code": "U441800",
      "description": "Latrine digging kits",
      "unit": 1
    },
    "model": "eums.item",
    "pk": 170
  },
  {
    "fields": {
      "material_code": "S0686500",
      "description": "Stethoscope,foetal,Pinard",
      "unit": 1
    },
    "model": "eums.item",
    "pk": 171
  },
  {
    "fields": {
      "material_code": "S0211000",
      "description": "Basin,kidney,stainless steel,825ml",
      "unit": 1
    },
    "model": "eums.item",
    "pk": 172
  },
  {
    "fields": {
      "material_code": "S0141021",
      "description": "Scale,electronic,mother/child,150kgx100g",
      "unit": 1
    },
    "model": "eums.item",
    "pk": 173
  },
  {
    "fields": {
      "material_code": "SL005328",
      "description": "Birth Cushion set",
      "unit": 1
    },
    "model": "eums.item",
    "pk": 174
  },
  {
    "fields": {
      "material_code": "S9908200",
      "description": "Sterilization, kit C",
      "unit": 1
    },
    "model": "eums.item",
    "pk": 175
  },
  {
    "fields": {
      "material_code": "SL002486",
      "description": "Mattress With PVC Cover,Adult",
      "unit": 1
    },
    "model": "eums.item",
    "pk": 176
  },
  {
    "fields": {
      "material_code": "SL001638",
      "description": "Patient Bed:W.Back Rest & w.out castors",
      "unit": 1
    },
    "model": "eums.item",
    "pk": 177
  },
  {
    "fields": {
      "material_code": "SL002486",
      "description": "Mattress With PVC Cover,Adul 190x90x10cm",
      "unit": 1
    },
    "model": "eums.item",
    "pk": 178
  },
  {
    "fields": {
      "material_code": "SL001638",
      "description": "Patient Bed:With Back Rest& w.out castor",
      "unit": 1
    },
    "model": "eums.item",
    "pk": 179
  },
  {
    "fields": {
      "material_code": "SL005328",
      "description": "Birth Cushion Set",
      "unit": 1
    },
    "model": "eums.item",
    "pk": 180
  },
  {
    "fields": {
      "material_code": "SL001638",
      "description": "Patient Bed: With castors",
      "unit": 1
    },
    "model": "eums.item",
    "pk": 181
  },
  {
    "fields": {
      "material_code": "S0002151",
      "description": "Bed,labour/delivery,w/access",
      "unit": 1
    },
    "model": "eums.item",
    "pk": 182
  },
  {
    "fields": {
      "material_code": "SL004594",
      "description": "Printing CP Mapping Report",
      "unit": 1
    },
    "model": "eums.item",
    "pk": 183
  },
  {
    "fields": {
      "material_code": "SL004601",
      "description": "Printed material",
      "unit": 1
    },
    "model": "eums.item",
    "pk": 184
  },
  {
    "fields": {
      "material_code": "SL001267",
      "description": "Internet Modems",
      "unit": 1
    },
    "model": "eums.item",
    "pk": 185
  },
  {
    "fields": {
      "material_code": "U320000",
      "description": "PRINTING OF PRIMARY 4 MATHS BOOK",
      "unit": 1
    },
    "model": "eums.item",
    "pk": 186
  },
  {
    "fields": {
      "material_code": "S5086011",
      "description": "Tarpaulin,reinforc.,plastic,sheet,4x5m",
      "unit": 1
    },
    "model": "eums.item",
    "pk": 187
  },
  {
    "fields": {
      "material_code": "S9935035",
      "description": "Recreation kit-in-a-carton",
      "unit": 1
    },
    "model": "eums.item",
    "pk": 188
  },
  {
    "fields": {
      "material_code": "S5088015",
      "description": "Tent,light weight,rectangular,42m\u00b2",
      "unit": 1
    },
    "model": "eums.item",
    "pk": 189
  },
  {
    "fields": {
      "material_code": "S0782156",
      "description": "Syringe,A-D,0.5ml,Soloshot Mini/BOX-100",
      "unit": 1
    },
    "model": "eums.item",
    "pk": 190
  },
  {
    "fields": {
      "material_code": "S0782306",
      "description": "Syringe,RUP, 5ml,w/fixed ndl/BOX-100",
      "unit": 1
    },
    "model": "eums.item",
    "pk": 191
  },
  {
    "fields": {
      "material_code": "SL004594",
      "description": "A4 Size booklet",
      "unit": 1
    },
    "model": "eums.item",
    "pk": 192
  },
  {
    "fields": {
      "material_code": "SL004594",
      "description": "Posters",
      "unit": 1
    },
    "model": "eums.item",
    "pk": 193
  },
  {
    "fields": {
      "material_code": "SL004594",
      "description": "Child Poverty Report Voices",
      "unit": 1
    },
    "model": "eums.item",
    "pk": 194
  },
  {
    "fields": {
      "material_code": "SL004594",
      "description": "Child Poverty Report Analysis",
      "unit": 1
    },
    "model": "eums.item",
    "pk": 195
  },
  {
    "fields": {
      "material_code": "U471000",
      "description": "TV & radio transmitters&part/access",
      "unit": 1
    },
    "model": "eums.item",
    "pk": 196
  },
  {
    "fields": {
      "material_code": "SL004594",
      "description": "OTC Client cards",
      "unit": 1
    },
    "model": "eums.item",
    "pk": 197
  },
  {
    "fields": {
      "material_code": "SL004594",
      "description": "Ration cards",
      "unit": 1
    },
    "model": "eums.item",
    "pk": 198
  },
  {
    "fields": {
      "material_code": "SL004594",
      "description": "Clinical Monitoring Forms",
      "unit": 1
    },
    "model": "eums.item",
    "pk": 199
  },
  {
    "fields": {
      "material_code": "SL004594",
      "description": "Monthly report forms",
      "unit": 1
    },
    "model": "eums.item",
    "pk": 200
  },
  {
    "fields": {
      "material_code": "SL004594",
      "description": "OTC Registers",
      "unit": 1
    },
    "model": "eums.item",
    "pk": 201
  },
  {
    "fields": {
      "material_code": "SL004594",
      "description": "New IYCF Guidelines (2012)",
      "unit": 1
    },
    "model": "eums.item",
    "pk": 202
  },
  {
    "fields": {
      "material_code": "SL004594",
      "description": "IYCF Counselling cards",
      "unit": 1
    },
    "model": "eums.item",
    "pk": 203
  },
  {
    "fields": {
      "material_code": "SL000018",
      "description": "Bookend",
      "unit": 1
    },
    "model": "eums.item",
    "pk": 204
  },
  {
    "fields": {
      "material_code": "U484650",
      "description": "Dispensing bags, plastic (PAK 100)",
      "unit": 1
    },
    "model": "eums.item",
    "pk": 205
  },
  {
    "fields": {
      "material_code": "U484650",
      "description": "Polythene \"biohazard\" bags (red)",
      "unit": 1
    },
    "model": "eums.item",
    "pk": 206
  },
  {
    "fields": {
      "material_code": "SL001251",
      "description": "Disinfectant ( 1000 ml Bottle)",
      "unit": 1
    },
    "model": "eums.item",
    "pk": 207
  },
  {
    "fields": {
      "material_code": "U484000",
      "description": "Cotton wool, 250g, roll, non-ster",
      "unit": 1
    },
    "model": "eums.item",
    "pk": 208
  },
  {
    "fields": {
      "material_code": "U484650",
      "description": "Gloves, non-sterile, latex, large dispos",
      "unit": 1
    },
    "model": "eums.item",
    "pk": 209
  },
  {
    "fields": {
      "material_code": "SL001638",
      "description": "Portable examination beds",
      "unit": 1
    },
    "model": "eums.item",
    "pk": 210
  },
  {
    "fields": {
      "material_code": "S1555370",
      "description": "Albendazole 400mg chewable tabs/PAC-100",
      "unit": 1
    },
    "model": "eums.item",
    "pk": 211
  },
  {
    "fields": {
      "material_code": "S1550025",
      "description": "Fe(as fum.)+folic 60+0.4mg tab/PAC-1000",
      "unit": 1
    },
    "model": "eums.item",
    "pk": 212
  },
  {
    "fields": {
      "material_code": "S1583015",
      "description": "Retinol 100,000IU soft gel.caps/PAC-500",
      "unit": 1
    },
    "model": "eums.item",
    "pk": 213
  },
  {
    "fields": {
      "material_code": "S1568045",
      "description": "Sulfadox+Pyrimeth 500+25mg tabs/PAC-1000",
      "unit": 1
    },
    "model": "eums.item",
    "pk": 214
  },
  {
    "fields": {
      "material_code": "SL003850",
      "description": "Graph Book ( 48 pages)",
      "unit": 1
    },
    "model": "eums.item",
    "pk": 215
  },
  {
    "fields": {
      "material_code": "SL003850",
      "description": "Art Book (48 pages)",
      "unit": 1
    },
    "model": "eums.item",
    "pk": 216
  },
  {
    "fields": {
      "material_code": "SL003850",
      "description": "Pencils (HB)",
      "unit": 1
    },
    "model": "eums.item",
    "pk": 217
  },
  {
    "fields": {
      "material_code": "SL003850",
      "description": "Counter books 2 Quire",
      "unit": 1
    },
    "model": "eums.item",
    "pk": 218
  },
  {
    "fields": {
      "material_code": "SL003850",
      "description": "Mathematical set (Oxford)",
      "unit": 1
    },
    "model": "eums.item",
    "pk": 219
  },
  {
    "fields": {
      "material_code": "SL003850",
      "description": "Box file (ALBA RADO)",
      "unit": 1
    },
    "model": "eums.item",
    "pk": 220
  },
  {
    "fields": {
      "material_code": "SL003850",
      "description": "Pens (BIC)",
      "unit": 1
    },
    "model": "eums.item",
    "pk": 221
  },
  {
    "fields": {
      "material_code": "U317100",
      "description": "Packaging and Branding",
      "unit": 1
    },
    "model": "eums.item",
    "pk": 222
  },
  {
    "fields": {
      "material_code": "SL003850",
      "description": "Sanitary Pads (Afripads)",
      "unit": 1
    },
    "model": "eums.item",
    "pk": 223
  },
  {
    "fields": {
      "material_code": "SL001149",
      "description": "Tshirts",
      "unit": 1
    },
    "model": "eums.item",
    "pk": 224
  },
  {
    "fields": {
      "material_code": "S0004208",
      "description": "Bicycles",
      "unit": 1
    },
    "model": "eums.item",
    "pk": 225
  },
  {
    "fields": {
      "material_code": "SL004594",
      "description": "Flyers: Tippy Tap",
      "unit": 1
    },
    "model": "eums.item",
    "pk": 226
  },
  {
    "fields": {
      "material_code": "SL004594",
      "description": "Flyers: Feeding children",
      "unit": 1
    },
    "model": "eums.item",
    "pk": 227
  },
  {
    "fields": {
      "material_code": "SL004594",
      "description": "Flyers: Breast feeding",
      "unit": 1
    },
    "model": "eums.item",
    "pk": 228
  },
  {
    "fields": {
      "material_code": "SL004594",
      "description": "Flyers: Hand washing",
      "unit": 1
    },
    "model": "eums.item",
    "pk": 229
  },
  {
    "fields": {
      "material_code": "SL004594",
      "description": "Flyers: Making water safe",
      "unit": 1
    },
    "model": "eums.item",
    "pk": 230
  },
  {
    "fields": {
      "material_code": "SL004594",
      "description": "Flyers: How to avoid diarrhea",
      "unit": 1
    },
    "model": "eums.item",
    "pk": 231
  },
  {
    "fields": {
      "material_code": "SL004594",
      "description": "Printed booklet-Message Booklet",
      "unit": 1
    },
    "model": "eums.item",
    "pk": 232
  },
  {
    "fields": {
      "material_code": "SL004164",
      "description": "Squatting plate, Latrine Slab",
      "unit": 1
    },
    "model": "eums.item",
    "pk": 233
  },
  {
    "fields": {
      "material_code": "SL002247",
      "description": "Computer, laptop",
      "unit": 1
    },
    "model": "eums.item",
    "pk": 234
  },
  {
    "fields": {
      "material_code": "U456100",
      "description": "Expendables for use with IT equipment",
      "unit": 1
    },
    "model": "eums.item",
    "pk": 235
  },
  {
    "fields": {
      "material_code": "SL004594",
      "description": "Booklet: Introduction to Quality Improv'",
      "unit": 1
    },
    "model": "eums.item",
    "pk": 236
  },
  {
    "fields": {
      "material_code": "SL004594",
      "description": "Booklet:-Immunisation Practice in Ug",
      "unit": 1
    },
    "model": "eums.item",
    "pk": 237
  },
  {
    "fields": {
      "material_code": "S0002172",
      "description": "Table,baby dressing",
      "unit": 1
    },
    "model": "eums.item",
    "pk": 238
  },
  {
    "fields": {
      "material_code": "SL004594",
      "description": "RMNCH Plan",
      "unit": 1
    },
    "model": "eums.item",
    "pk": 239
  },
  {
    "fields": {
      "material_code": "SL004594",
      "description": "Printed booklet",
      "unit": 1
    },
    "model": "eums.item",
    "pk": 240
  },
  {
    "fields": {
      "material_code": "S1300075",
      "description": "Artem20mg+Lumef120mg disp tabs/12/PAC-30",
      "unit": 1
    },
    "model": "eums.item",
    "pk": 241
  },
  {
    "fields": {
      "material_code": "S0000559",
      "description": "Chlorine test,DPD N\u00ba3,Rapid,tabs/PAC-250",
      "unit": 1
    },
    "model": "eums.item",
    "pk": 242
  },
  {
    "fields": {
      "material_code": "S0000235",
      "description": "Hygiene kit,adult",
      "unit": 1
    },
    "model": "eums.item",
    "pk": 243
  },
  {
    "fields": {
      "material_code": "S5006051",
      "description": "Chlorine/pH, Pool Tester Kit for 250 tst",
      "unit": 1
    },
    "model": "eums.item",
    "pk": 244
  },
  {
    "fields": {
      "material_code": "S1588345",
      "description": "Water purif.(NaDCC) 67mg tabs/BOX-16000",
      "unit": 1
    },
    "model": "eums.item",
    "pk": 245
  },
  {
    "fields": {
      "material_code": "U441800",
      "description": "Sanitation Digging Kit",
      "unit": 1
    },
    "model": "eums.item",
    "pk": 246
  },
  {
    "fields": {
      "material_code": "S0005828",
      "description": "Water quality assessment kit,basic",
      "unit": 1
    },
    "model": "eums.item",
    "pk": 247
  },
  {
    "fields": {
      "material_code": "S0145920",
      "description": "MUAC,Child 11.5 Red/PAC-50",
      "unit": 1
    },
    "model": "eums.item",
    "pk": 248
  },
  {
    "fields": {
      "material_code": "S0145630",
      "description": "MUAC,Adult,without colour code/PAC-50",
      "unit": 1
    },
    "model": "eums.item",
    "pk": 249
  },
  {
    "fields": {
      "material_code": "S0114540",
      "description": "Portable baby/chd/adt L-H mea.syst/SET-2",
      "unit": 1
    },
    "model": "eums.item",
    "pk": 250
  },
  {
    "fields": {
      "material_code": "S0114052",
      "description": "Nut. kit,inpatient,module-equipment",
      "unit": 1
    },
    "model": "eums.item",
    "pk": 251
  },
  {
    "fields": {
      "material_code": "X0001",
      "description": "Freight",
      "unit": 1
    },
    "model": "eums.item",
    "pk": 252
  },
  {
    "fields": {
      "material_code": "SL001267",
      "description": "Scan Disk 4GB Flash Card",
      "unit": 1
    },
    "model": "eums.item",
    "pk": 253
  },
  {
    "fields": {
      "material_code": "SL001267",
      "description": "I GB data top up bundles",
      "unit": 1
    },
    "model": "eums.item",
    "pk": 254
  },
  {
    "fields": {
      "material_code": "SL001267",
      "description": "3 GB top up for the modems",
      "unit": 1
    },
    "model": "eums.item",
    "pk": 255
  },
  {
    "fields": {
      "material_code": "SL001267",
      "description": "USB Modems",
      "unit": 1
    },
    "model": "eums.item",
    "pk": 256
  },
  {
    "fields": {
      "material_code": "U467100",
      "description": "Samsung Galaxy Fame",
      "unit": 1
    },
    "model": "eums.item",
    "pk": 257
  },
  {
    "fields": {
      "material_code": "SL002247",
      "description": "HP Probook Computer Laptop 4340s",
      "unit": 1
    },
    "model": "eums.item",
    "pk": 258
  },
  {
    "fields": {
      "material_code": "S359184",
      "description": "Oral Polio Vaccine,vial of 20 doses",
      "unit": 1
    },
    "model": "eums.item",
    "pk": 259
  },
  {
    "fields": {
      "material_code": "S7800001",
      "description": "Retinol 100,000IU soft gel.caps/PAC-500",
      "unit": 1
    },
    "model": "eums.item",
    "pk": 260
  },
  {
    "fields": {
      "material_code": "S7800002",
      "description": "Retinol 200,000IU soft gel.caps/PAC-500",
      "unit": 1
    },
    "model": "eums.item",
    "pk": 261
  },
  {
    "fields": {
      "material_code": "SL006173",
      "description": "Drop Cable, (water resistant cable)",
      "unit": 1
    },
    "model": "eums.item",
    "pk": 262
  },
  {
    "fields": {
      "material_code": "SL006173",
      "description": "Cable Ties",
      "unit": 1
    },
    "model": "eums.item",
    "pk": 263
  },
  {
    "fields": {
      "material_code": "SL006173",
      "description": "Dayliff PVC 3M",
      "unit": 1
    },
    "model": "eums.item",
    "pk": 264
  },
  {
    "fields": {
      "material_code": "SL006173",
      "description": "Water Proof Joint (6.0)mm2",
      "unit": 1
    },
    "model": "eums.item",
    "pk": 265
  },
  {
    "fields": {
      "material_code": "SL006173",
      "description": "1.25\" Cover Plate",
      "unit": 1
    },
    "model": "eums.item",
    "pk": 266
  },
  {
    "fields": {
      "material_code": "SL006173",
      "description": "Pedestal Stand",
      "unit": 1
    },
    "model": "eums.item",
    "pk": 267
  },
  {
    "fields": {
      "material_code": "SL006173",
      "description": "Solar Power System",
      "unit": 1
    },
    "model": "eums.item",
    "pk": 268
  },
  {
    "fields": {
      "material_code": "SL006173",
      "description": "Electrical Fittings",
      "unit": 1
    },
    "model": "eums.item",
    "pk": 269
  },
  {
    "fields": {
      "material_code": "SL006173",
      "description": "Plumbing fitting",
      "unit": 1
    },
    "model": "eums.item",
    "pk": 270
  },
  {
    "fields": {
      "material_code": "SL006173",
      "description": "Switch Box, Power Control Unit CU",
      "unit": 1
    },
    "model": "eums.item",
    "pk": 271
  },
  {
    "fields": {
      "material_code": "SL006173",
      "description": "Solar Panel mountng Structure",
      "unit": 1
    },
    "model": "eums.item",
    "pk": 272
  },
  {
    "fields": {
      "material_code": "SL006147",
      "description": "Earthing System & Lightining Protection",
      "unit": 1
    },
    "model": "eums.item",
    "pk": 273
  },
  {
    "fields": {
      "material_code": "U711100",
      "description": "Transport and installation charges",
      "unit": 1
    },
    "model": "eums.item",
    "pk": 274
  },
  {
    "fields": {
      "material_code": "S0009113",
      "description": "SQFlex 3-10 Pump C/W 1.4KW",
      "unit": 1
    },
    "model": "eums.item",
    "pk": 275
  },
  {
    "fields": {
      "material_code": "SL004638",
      "description": "Children's Rights & Busi Principles Info",
      "unit": null
    },
    "model": "eums.item",
    "pk": 276
  },
  {
    "fields": {
      "material_code": "SL004638",
      "description": "Children's Rights & Business Principles",
      "unit": null
    },
    "model": "eums.item",
    "pk": 277
  },
  {
    "fields": {
      "material_code": "SL004638",
      "description": "Children's Rights&Corporate Sector bklet",
      "unit": null
    },
    "model": "eums.item",
    "pk": 278
  },
  {
    "fields": {
      "material_code": "SL004638",
      "description": "How Business Affects Us",
      "unit": null
    },
    "model": "eums.item",
    "pk": 279
  },
  {
    "fields": {
      "material_code": "SL004638",
      "description": "Investor Perspectives & Children's Right",
      "unit": null
    },
    "model": "eums.item",
    "pk": 280
  },
  {
    "fields": {
      "distribution_plan": 1,
      "remark": "hh",
      "tree_position": "END_USER",
      "parent": null,
      "targeted_quantity": 5,
      "track": false,
      "planned_distribution_date": "2014-10-14",
      "consignee": 1,
      "item": 1,
      "location": "Amuru",
      "contact_person_id": "54213ccc797221e84ac993fe"
    },
    "model": "eums.distributionplannode",
    "pk": 2
  },
  {
    "fields": {
      "distribution_plan": 1,
      "remark": "hh",
      "tree_position": "END_USER",
      "parent": 2,
      "targeted_quantity": 5,
      "track": false,
      "planned_distribution_date": "2014-10-14",
      "consignee": 2,
      "item": 1,
      "location": "Amuru",
      "contact_person_id": "54213ccc797221e84ac993fe"
    },
    "model": "eums.distributionplannode",
    "pk": 3
  },
  {
    "fields": {
      "distribution_plan": 1,
      "remark": "hh",
      "tree_position": "END_USER",
      "parent": 3,
      "targeted_quantity": 5,
      "track": false,
      "planned_distribution_date": "2014-10-14",
      "consignee": 3,
      "item": 1,
      "location": "Amuru",
      "contact_person_id": "54213ccc797221e84ac993fe"
    },
    "model": "eums.distributionplannode",
    "pk": 4
  },
  {
    "fields": {
      "distribution_plan": 2,
      "remark": "SAFE Programme",
      "tree_position": "END_USER",
      "parent": 2,
      "targeted_quantity": 100,
      "track": false,
      "planned_distribution_date": "2014-10-06",
      "consignee": 10,
      "item": 3,
      "location": "PADER",
      "contact_person_id": "5420508290cc38715b1af928"
    },
    "model": "eums.distributionplannode",
    "pk": 5
  },
  {
    "fields": {
      "distribution_plan": 2,
      "remark": "Safe Programme",
      "tree_position": "END_USER",
      "parent": 2,
      "targeted_quantity": 30,
      "track": false,
      "planned_distribution_date": "2014-10-06",
      "consignee": 4,
      "item": 3,
      "location": "ARUA",
      "contact_person_id": "5420525490cc38715b1af92b"
    },
    "model": "eums.distributionplannode",
    "pk": 6
  },
  {
    "fields": {
      "distribution_plan": 2,
      "remark": "Safe Programme",
      "tree_position": "END_USER",
      "parent": 2,
      "targeted_quantity": 30,
      "track": false,
      "planned_distribution_date": "2014-10-06",
      "consignee": 6,
      "item": 3,
      "location": "KAABONG",
      "contact_person_id": "542126831a8a4f1e4337edb2"
    },
    "model": "eums.distributionplannode",
    "pk": 7
  },
  {
    "fields": {
      "distribution_plan": 2,
      "remark": "Safe Programme",
      "tree_position": "END_USER",
      "parent": 2,
      "targeted_quantity": 10,
      "track": false,
      "planned_distribution_date": "2014-10-06",
      "consignee": 1,
      "item": 3,
      "location": "WAKISO",
      "contact_person_id": "542126831a8a4f1e4337edb2"
    },
    "model": "eums.distributionplannode",
    "pk": 8
  },
  {
    "fields": {
      "distribution_plan": 2,
      "remark": "Safe Programme",
      "tree_position": "END_USER",
      "parent": 2,
      "targeted_quantity": 10,
      "track": false,
      "planned_distribution_date": "2014-10-06",
      "consignee": 7,
      "item": 3,
      "location": "Ntungamo",
      "contact_person_id": "542126831a8a4f1e4337edb2"
    },
    "model": "eums.distributionplannode",
    "pk": 9
  },
  {
    "fields": {
      "distribution_plan": 2,
      "remark": "Safe Programme",
      "tree_position": "END_USER",
      "parent": 2,
      "targeted_quantity": 30,
      "track": false,
      "planned_distribution_date": "2014-10-06",
      "consignee": 8,
      "item": 3,
      "location": "Agago",
      "contact_person_id": "542126831a8a4f1e4337edb2"
    },
    "model": "eums.distributionplannode",
    "pk": 10
  },
  {
    "fields": {
      "distribution_plan": 2,
      "remark": "Safe Programme",
      "tree_position": "END_USER",
      "parent": 2,
      "targeted_quantity": 20,
      "track": false,
      "planned_distribution_date": "2014-10-06",
      "consignee": 9,
      "item": 3,
      "location": "AMURU",
      "contact_person_id": "54212a70797221e84ac993fc"
    },
    "model": "eums.distributionplannode",
    "pk": 11
  },
  {
    "fields": {
      "distribution_plan": 2,
      "remark": "Safe ",
      "tree_position": "END_USER",
      "parent": 2,
      "targeted_quantity": 150,
      "track": false,
      "planned_distribution_date": "2014-10-06",
      "consignee": 11,
      "item": 3,
      "location": "kitgum",
      "contact_person_id": "54212a70797221e84ac993fc"
    },
    "model": "eums.distributionplannode",
    "pk": 12
  },
  {
    "fields": {
      "distribution_plan": 3,
      "remark": "Mother and Child",
      "tree_position": "END_USER",
      "parent": 2,
      "targeted_quantity": 1,
      "track": false,
      "planned_distribution_date": "2014-10-01",
      "consignee": 21,
      "item": 13,
      "location": "bundibugyo",
      "contact_person_id": "54213ccc797221e84ac993fe"
    },
    "model": "eums.distributionplannode",
    "pk": 13
  },
  {
    "fields": {
      "distribution_plan": 3,
      "remark": "hh",
      "tree_position": "END_USER",
      "parent": 2,
      "targeted_quantity": 5,
      "track": false,
      "planned_distribution_date": "2014-10-14",
      "consignee": 15,
      "item": 1,
      "location": "buikwe",
      "contact_person_id": "54213ccc797221e84ac993fe"
    },
    "model": "eums.distributionplannode",
    "pk": 14
  },
  {
    "fields": {
      "distribution_plan": 3,
      "remark": "hh",
      "tree_position": "END_USER",
      "parent": 2,
      "targeted_quantity": 5,
      "track": false,
      "planned_distribution_date": "2014-10-14",
      "consignee": 17,
      "item": 1,
      "location": "kalungu",
      "contact_person_id": "54213ccc797221e84ac993fe"
    },
    "model": "eums.distributionplannode",
    "pk": 15
  },
  {
    "fields": {
      "distribution_plan": 3,
      "remark": "Mother and child",
      "tree_position": "END_USER",
      "parent": 2,
      "targeted_quantity": 1,
      "track": false,
      "planned_distribution_date": "2014-09-22",
      "consignee": 1,
      "item": 14,
      "location": "Wakiso",
      "contact_person_id": "54213ccc797221e84ac993fe"
    },
    "model": "eums.distributionplannode",
    "pk": 16
  },
  {
    "fields": {
      "distribution_plan": 3,
      "remark": "Mother and child",
      "tree_position": "END_USER",
      "parent": 2,
      "targeted_quantity": 1,
      "track": false,
      "planned_distribution_date": "2014-09-29",
      "consignee": 19,
      "item": 13,
      "location": "mubende",
      "contact_person_id": "54213ccc797221e84ac993fe"
    },
    "model": "eums.distributionplannode",
    "pk": 17
  },
  {
    "fields": {
      "distribution_plan": 5,
      "remark": "hh",
      "tree_position": "END_USER",
      "parent": null,
      "targeted_quantity": 5,
      "track": false,
      "planned_distribution_date": "2014-10-14",
      "consignee": 33,
      "item": 1,
      "location": "Bukomansimbi",
      "contact_person_id": "542bfa5108453c32ffd4cade"
    },
    "model": "eums.distributionplannode",
    "pk": 18
  },
  {
    "fields": {
      "distribution_plan": 6,
      "remark": "blah blah",
      "tree_position": "END_USER",
      "parent": null,
      "targeted_quantity": 3,
      "track": false,
      "planned_distribution_date": "2014-06-10",
      "consignee": 32,
      "item": 2,
      "location": "Bukomansimbi",
      "contact_person_id": "542bfa5108453c32ffd4cade"
    },
    "model": "eums.distributionplannode",
    "pk": 19
  },
  {
    "fields": {
      "distribution_plan": 6,
      "remark": "blah blah",
      "tree_position": "END_USER",
      "parent": null,
      "targeted_quantity": 3,
      "track": false,
      "planned_distribution_date": "2014-06-10",
      "consignee": 32,
      "item": 2,
      "location": "Bukomansimbi",
      "contact_person_id": "542bfa5108453c32ffd4cade"
    },
    "model": "eums.distributionplannode",
    "pk": 20
  },
  {
    "fields": {
      "distribution_plan": 6,
      "remark": "heoo",
      "tree_position": "END_USER",
      "parent": null,
      "targeted_quantity": 4,
      "track": false,
      "planned_distribution_date": "2014-09-29",
      "consignee": 36,
      "item": 2,
      "location": "Kalungu",
      "contact_person_id": "5422bf5999f3eb0000a46ae6"
    },
    "model": "eums.distributionplannode",
    "pk": 21
  },
  {
    "fields": {
      "distribution_plan": 6,
      "remark": "hfhf",
      "tree_position": "END_USER",
      "parent": null,
      "targeted_quantity": 2,
      "track": false,
      "planned_distribution_date": "2014-06-10",
      "consignee": 33,
      "item": 1,
      "location": "Bukomansimbi",
      "contact_person_id": "5422bf5999f3eb0000a46ae6"
    },
    "model": "eums.distributionplannode",
    "pk": 22
  },
  {
    "fields": {
      "distribution_plan": 6,
      "remark": "hdh",
      "tree_position": "END_USER",
      "parent": null,
      "targeted_quantity": 0,
      "track": false,
      "planned_distribution_date": "2014-06-10",
      "consignee": 33,
      "item": 1,
      "location": "Bukomansimbi",
      "contact_person_id": "5422bf5999f3eb0000a46ae6"
    },
    "model": "eums.distributionplannode",
    "pk": 23
  },
  {
    "fields": {
      "distribution_plan": 6,
      "remark": "hfhf",
      "tree_position": "END_USER",
      "parent": null,
      "targeted_quantity": 2,
      "track": false,
      "planned_distribution_date": "2014-06-10",
      "consignee": 33,
      "item": 1,
      "location": "Bukomansimbi",
      "contact_person_id": "5422bf5999f3eb0000a46ae6"
    },
    "model": "eums.distributionplannode",
    "pk": 24
  },
  {
    "fields": {
      "distribution_plan": 6,
      "remark": "gktt",
      "tree_position": "END_USER",
      "parent": null,
      "targeted_quantity": 5,
      "track": false,
      "planned_distribution_date": "2014-10-07",
      "consignee": 35,
      "item": 1,
      "location": "Kalungu",
      "contact_person_id": "542bfa5108453c32ffd4cade"
    },
    "model": "eums.distributionplannode",
    "pk": 25
  },
  {
    "fields": {
      "distribution_plan": 6,
      "remark": "hh",
      "tree_position": "END_USER",
      "parent": null,
      "targeted_quantity": 5,
      "track": false,
      "planned_distribution_date": "2014-10-14",
      "consignee": 37,
      "item": 1,
      "location": "Oyam",
      "contact_person_id": "5422bf5999f3eb0000a46ae6"
    },
    "model": "eums.distributionplannode",
    "pk": 26
  },
  {
    "fields": {
      "distribution_plan": 7,
      "remark": "hh",
      "tree_position": "END_USER",
      "parent": null,
      "targeted_quantity": 5,
      "track": false,
      "planned_distribution_date": "2014-10-14",
      "consignee": 38,
      "item": 1,
      "location": "Oyam",
      "contact_person_id": "5422bf5999f3eb0000a46ae6"
    },
    "model": "eums.distributionplannode",
    "pk": 27
  },
  {
    "fields": {
      "distribution_plan": 7,
      "remark": "hh",
      "tree_position": "END_USER",
      "parent": null,
      "targeted_quantity": 5,
      "track": false,
      "planned_distribution_date": "2014-10-14",
      "consignee": 38,
      "item": 1,
      "location": "Oyam",
      "contact_person_id": "5422bf5999f3eb0000a46ae6"
    },
    "model": "eums.distributionplannode",
    "pk": 28
  },
  {
    "fields": {
      "distribution_plan": 6,
      "remark": "hh",
      "tree_position": "END_USER",
      "parent": null,
      "targeted_quantity": 5,
      "track": false,
      "planned_distribution_date": "2014-10-14",
      "consignee": 37,
      "item": 1,
      "location": "Oyam",
      "contact_person_id": "5422bf5999f3eb0000a46ae6"
    },
    "model": "eums.distributionplannode",
    "pk": 29
  },
  {
    "fields": {
      "distribution_plan": 6,
      "remark": "hh",
      "tree_position": "END_USER",
      "parent": null,
      "targeted_quantity": 5,
      "track": false,
      "planned_distribution_date": "2014-10-14",
      "consignee": 37,
      "item": 1,
      "location": "Oyam",
      "contact_person_id": "5422bf5999f3eb0000a46ae6"
    },
    "model": "eums.distributionplannode",
    "pk": 30
  },
  {
    "fields": {
      "distribution_plan": 6,
      "remark": "hh",
      "tree_position": "END_USER",
      "parent": null,
      "targeted_quantity": 5,
      "track": false,
      "planned_distribution_date": "2014-10-14",
      "consignee": 35,
      "item": 1,
      "location": "Oyam",
      "contact_person_id": "5422bf5999f3eb0000a46ae6"
    },
    "model": "eums.distributionplannode",
    "pk": 31
  },
  {
    "fields": {
      "distribution_plan": 6,
      "remark": "hh",
      "tree_position": "END_USER",
      "parent": null,
      "targeted_quantity": 5,
      "track": false,
      "planned_distribution_date": "2014-10-14",
      "consignee": 35,
      "item": 1,
      "location": "Oyam",
      "contact_person_id": "5422bf5999f3eb0000a46ae6"
    },
    "model": "eums.distributionplannode",
    "pk": 32
  },
  {
    "fields": {
      "distribution_plan": 6,
      "remark": "hh",
      "tree_position": "END_USER",
      "parent": null,
      "targeted_quantity": 5,
      "track": false,
      "planned_distribution_date": "2014-10-14",
      "consignee": 35,
      "item": 1,
      "location": "Oyam",
      "contact_person_id": "5422bf5999f3eb0000a46ae6"
    },
    "model": "eums.distributionplannode",
    "pk": 33
  },
  {
    "fields": {
      "distribution_plan": 6,
      "remark": "hh",
      "tree_position": "END_USER",
      "parent": null,
      "targeted_quantity": 5,
      "track": false,
      "planned_distribution_date": "2014-10-14",
      "consignee": 35,
      "item": 1,
      "location": "Oyam",
      "contact_person_id": "5422bf5999f3eb0000a46ae6"
    },
    "model": "eums.distributionplannode",
    "pk": 34
  },
  {
    "fields": {
      "distribution_plan": 6,
      "remark": "hh",
      "tree_position": "END_USER",
      "parent": null,
      "targeted_quantity": 5,
      "track": false,
      "planned_distribution_date": "2014-10-14",
      "consignee": 35,
      "item": 1,
      "location": "Kalungu",
      "contact_person_id": "5422bf5999f3eb0000a46ae6"
    },
    "model": "eums.distributionplannode",
    "pk": 35
  },
  {
    "fields": {
      "distribution_plan": 6,
      "remark": "hh",
      "tree_position": "END_USER",
      "parent": null,
      "targeted_quantity": 5,
      "track": false,
      "planned_distribution_date": "2014-10-14",
      "consignee": 35,
      "item": 1,
      "location": "Oyam",
      "contact_person_id": "5422bf5999f3eb0000a46ae6"
    },
    "model": "eums.distributionplannode",
    "pk": 36
  },
  {
    "fields": {
      "date": "2014-01-01",
      "order_number": 12345,
      "description": "sample sales order",
      "programme": 1
    },
    "model": "eums.salesorder",
    "pk": 1
  },
  {
    "fields": {
      "date": "2014-01-08",
      "order_number": 20148033,
      "description": "Laptop,Lenovo,ThinkPad T510",
      "programme": 3
    },
    "model": "eums.salesorder",
    "pk": 2
  },
  {
    "fields": {
      "date": "2014-07-22",
      "order_number": 20150358,
      "description": "Laptop bag",
      "programme": 3
    },
    "model": "eums.salesorder",
    "pk": 3
  },
  {
    "fields": {
      "date": "2014-07-29",
      "order_number": 20147539,
      "description": "EXTRA POWER ADAPTER",
      "programme": 4
    },
    "model": "eums.salesorder",
    "pk": 4
  },
  {
    "fields": {
      "date": "2014-08-13",
      "order_number": 20141971,
      "description": "LENOVO USB 2.0 SUPER MULTI-BURNER DRIVE",
      "programme": 4
    },
    "model": "eums.salesorder",
    "pk": 5
  },
  {
    "fields": {
      "date": "2014-09-23",
      "order_number": 20135486,
      "description": "Printer",
      "programme": 4
    },
    "model": "eums.salesorder",
    "pk": 6
  },
  {
    "fields": {
      "date": "2014-05-22",
      "order_number": 20148737,
      "description": "Therapeutic spread,sachet 92g/CAR-150",
      "programme": 4
    },
    "model": "eums.salesorder",
    "pk": 7
  },
  {
    "fields": {
      "date": "2014-07-29",
      "order_number": 20135300,
      "description": "ReSoMal,42g sachet for 1 litre/CAR-100",
      "programme": 3
    },
    "model": "eums.salesorder",
    "pk": 8
  },
  {
    "fields": {
      "date": "2014-06-30",
      "order_number": 20135686,
      "description": "F-100 therap. diet, sachet,114g/CAR-90",
      "programme": 3
    },
    "model": "eums.salesorder",
    "pk": 9
  },
  {
    "fields": {
      "date": "2014-10-20",
      "order_number": 20149353,
      "description": "F-75 therap.diet,sachet, 102.5g/CAR-120",
      "programme": 4
    },
    "model": "eums.salesorder",
    "pk": 10
  },
  {
    "fields": {
      "date": "2014-04-28",
      "order_number": 20149293,
      "description": "F-100 therap. diet, sachet,114g/CAR-90",
      "programme": 9
    },
    "model": "eums.salesorder",
    "pk": 11
  },
  {
    "fields": {
      "date": "2014-07-27",
      "order_number": 20152899,
      "description": "F-75 therap.diet,sachet, 102.5g/CAR-120",
      "programme": 3
    },
    "model": "eums.salesorder",
    "pk": 12
  },
  {
    "fields": {
      "date": "2014-04-22",
      "order_number": 20153396,
      "description": "IEHK2006,kit,suppl.1-drugs",
      "programme": 4
    },
    "model": "eums.salesorder",
    "pk": 13
  },
  {
    "fields": {
      "date": "2014-10-05",
      "order_number": 20145809,
      "description": "MAMA KITS, CLEAN DELIVERY KITS",
      "programme": 3
    },
    "model": "eums.salesorder",
    "pk": 14
  },
  {
    "fields": {
      "date": "2014-05-14",
      "order_number": 20148341,
      "description": "Safety box f.used syrgs/ndls 5lt/BOX-25",
      "programme": 4
    },
    "model": "eums.salesorder",
    "pk": 15
  },
  {
    "fields": {
      "date": "2014-09-15",
      "order_number": 20156130,
      "description": null,
      "programme": 1
    },
    "model": "eums.salesorder",
    "pk": 16
  },
  {
    "fields": {
      "date": "2014-09-12",
      "order_number": 20156023,
      "description": null,
      "programme": 2
    },
    "model": "eums.salesorder",
    "pk": 17
  },
  {
    "fields": {
      "date": "2014-09-12",
      "order_number": 20156020,
      "description": null,
      "programme": 1
    },
    "model": "eums.salesorder",
    "pk": 18
  },
  {
    "fields": {
      "date": "2014-09-02",
      "order_number": 20155548,
      "description": null,
      "programme": 2
    },
    "model": "eums.salesorder",
    "pk": 19
  },
  {
    "fields": {
      "date": "2014-08-26",
      "order_number": 20155285,
      "description": null,
      "programme": 2
    },
    "model": "eums.salesorder",
    "pk": 20
  },
  {
    "fields": {
      "date": "2014-08-26",
      "order_number": 20155260,
      "description": null,
      "programme": 3
    },
    "model": "eums.salesorder",
    "pk": 21
  },
  {
    "fields": {
      "date": "2014-08-14",
      "order_number": 20154856,
      "description": null,
      "programme": 2
    },
    "model": "eums.salesorder",
    "pk": 22
  },
  {
    "fields": {
      "date": "2014-08-13",
      "order_number": 20154788,
      "description": null,
      "programme": 2
    },
    "model": "eums.salesorder",
    "pk": 23
  },
  {
    "fields": {
      "date": "2014-08-11",
      "order_number": 20154704,
      "description": null,
      "programme": 1
    },
    "model": "eums.salesorder",
    "pk": 24
  },
  {
    "fields": {
      "date": "2014-08-11",
      "order_number": 20154698,
      "description": null,
      "programme": 4
    },
    "model": "eums.salesorder",
    "pk": 25
  },
  {
    "fields": {
      "date": "2014-08-08",
      "order_number": 20154640,
      "description": null,
      "programme": 2
    },
    "model": "eums.salesorder",
    "pk": 26
  },
  {
    "fields": {
      "date": "2014-08-06",
      "order_number": 20154551,
      "description": null,
      "programme": 2
    },
    "model": "eums.salesorder",
    "pk": 27
  },
  {
    "fields": {
      "date": "2014-08-01",
      "order_number": 20154411,
      "description": null,
      "programme": 4
    },
    "model": "eums.salesorder",
    "pk": 28
  },
  {
    "fields": {
      "date": "2014-08-01",
      "order_number": 20154406,
      "description": null,
      "programme": 2
    },
    "model": "eums.salesorder",
    "pk": 29
  },
  {
    "fields": {
      "date": "2014-07-30",
      "order_number": 20154234,
      "description": null,
      "programme": 4
    },
    "model": "eums.salesorder",
    "pk": 30
  },
  {
    "fields": {
      "date": "2014-07-21",
      "order_number": 20153917,
      "description": null,
      "programme": 2
    },
    "model": "eums.salesorder",
    "pk": 31
  },
  {
    "fields": {
      "date": "2014-07-10",
      "order_number": 20153539,
      "description": null,
      "programme": 4
    },
    "model": "eums.salesorder",
    "pk": 32
  },
  {
    "fields": {
      "date": "2014-07-09",
      "order_number": 20153457,
      "description": null,
      "programme": 2
    },
    "model": "eums.salesorder",
    "pk": 33
  },
  {
    "fields": {
      "date": "2014-07-08",
      "order_number": 20153438,
      "description": null,
      "programme": 2
    },
    "model": "eums.salesorder",
    "pk": 34
  },
  {
    "fields": {
      "date": "2014-07-07",
      "order_number": 20153397,
      "description": null,
      "programme": 3
    },
    "model": "eums.salesorder",
    "pk": 35
  },
  {
    "fields": {
      "date": "2014-07-02",
      "order_number": 20153195,
      "description": null,
      "programme": 1
    },
    "model": "eums.salesorder",
    "pk": 36
  },
  {
    "fields": {
      "date": "2014-06-25",
      "order_number": 20152898,
      "description": null,
      "programme": 3
    },
    "model": "eums.salesorder",
    "pk": 37
  },
  {
    "fields": {
      "date": "2014-06-25",
      "order_number": 20152894,
      "description": null,
      "programme": 1
    },
    "model": "eums.salesorder",
    "pk": 38
  },
  {
    "fields": {
      "date": "2014-06-24",
      "order_number": 20152848,
      "description": null,
      "programme": 2
    },
    "model": "eums.salesorder",
    "pk": 39
  },
  {
    "fields": {
      "date": "2014-06-24",
      "order_number": 20152836,
      "description": null,
      "programme": 2
    },
    "model": "eums.salesorder",
    "pk": 40
  },
  {
    "fields": {
      "date": "2014-06-24",
      "order_number": 20152826,
      "description": null,
      "programme": 1
    },
    "model": "eums.salesorder",
    "pk": 41
  },
  {
    "fields": {
      "date": "2014-06-18",
      "order_number": 20152614,
      "description": null,
      "programme": 2
    },
    "model": "eums.salesorder",
    "pk": 42
  },
  {
    "fields": {
      "date": "2014-06-17",
      "order_number": 20152484,
      "description": null,
      "programme": 3
    },
    "model": "eums.salesorder",
    "pk": 43
  },
  {
    "fields": {
      "date": "2014-06-17",
      "order_number": 20152479,
      "description": null,
      "programme": 2
    },
    "model": "eums.salesorder",
    "pk": 44
  },
  {
    "fields": {
      "date": "2014-06-16",
      "order_number": 20152446,
      "description": null,
      "programme": 2
    },
    "model": "eums.salesorder",
    "pk": 45
  },
  {
    "fields": {
      "date": "2014-06-16",
      "order_number": 20152438,
      "description": null,
      "programme": 2
    },
    "model": "eums.salesorder",
    "pk": 46
  },
  {
    "fields": {
      "date": "2014-06-16",
      "order_number": 20152431,
      "description": null,
      "programme": 2
    },
    "model": "eums.salesorder",
    "pk": 47
  },
  {
    "fields": {
      "date": "2014-06-12",
      "order_number": 20152327,
      "description": null,
      "programme": 1
    },
    "model": "eums.salesorder",
    "pk": 48
  },
  {
    "fields": {
      "date": "2014-06-09",
      "order_number": 20152124,
      "description": null,
      "programme": 2
    },
    "model": "eums.salesorder",
    "pk": 49
  },
  {
    "fields": {
      "date": "2014-06-02",
      "order_number": 20151862,
      "description": null,
      "programme": 3
    },
    "model": "eums.salesorder",
    "pk": 50
  },
  {
    "fields": {
      "date": "2014-06-02",
      "order_number": 20151855,
      "description": null,
      "programme": 3
    },
    "model": "eums.salesorder",
    "pk": 51
  },
  {
    "fields": {
      "date": "2014-05-28",
      "order_number": 20151698,
      "description": null,
      "programme": 2
    },
    "model": "eums.salesorder",
    "pk": 52
  },
  {
    "fields": {
      "date": "2014-05-28",
      "order_number": 20151686,
      "description": null,
      "programme": 2
    },
    "model": "eums.salesorder",
    "pk": 53
  },
  {
    "fields": {
      "date": "2014-05-23",
      "order_number": 20151491,
      "description": null,
      "programme": 3
    },
    "model": "eums.salesorder",
    "pk": 54
  },
  {
    "fields": {
      "date": "2014-05-22",
      "order_number": 20151442,
      "description": null,
      "programme": 4
    },
    "model": "eums.salesorder",
    "pk": 55
  },
  {
    "fields": {
      "date": "2014-05-21",
      "order_number": 20151377,
      "description": null,
      "programme": 2
    },
    "model": "eums.salesorder",
    "pk": 56
  },
  {
    "fields": {
      "date": "2014-05-21",
      "order_number": 20151371,
      "description": null,
      "programme": 2
    },
    "model": "eums.salesorder",
    "pk": 57
  },
  {
    "fields": {
      "date": "2014-05-14",
      "order_number": 20151097,
      "description": null,
      "programme": 2
    },
    "model": "eums.salesorder",
    "pk": 58
  },
  {
    "fields": {
      "date": "2014-05-14",
      "order_number": 20151094,
      "description": null,
      "programme": 2
    },
    "model": "eums.salesorder",
    "pk": 59
  },
  {
    "fields": {
      "date": "2014-05-10",
      "order_number": 20150937,
      "description": null,
      "programme": 3
    },
    "model": "eums.salesorder",
    "pk": 60
  },
  {
    "fields": {
      "date": "2014-05-05",
      "order_number": 20150684,
      "description": null,
      "programme": 2
    },
    "model": "eums.salesorder",
    "pk": 61
  },
  {
    "fields": {
      "date": "2014-04-25",
      "order_number": 20150447,
      "description": null,
      "programme": 2
    },
    "model": "eums.salesorder",
    "pk": 62
  },
  {
    "fields": {
      "date": "2014-04-25",
      "order_number": 20150442,
      "description": null,
      "programme": 2
    },
    "model": "eums.salesorder",
    "pk": 63
  },
  {
    "fields": {
      "date": "2014-04-24",
      "order_number": 20150432,
      "description": null,
      "programme": 2
    },
    "model": "eums.salesorder",
    "pk": 64
  },
  {
    "fields": {
      "date": "2014-04-23",
      "order_number": 20150364,
      "description": null,
      "programme": 2
    },
    "model": "eums.salesorder",
    "pk": 65
  },
  {
    "fields": {
      "date": "2014-04-23",
      "order_number": 20150357,
      "description": null,
      "programme": 3
    },
    "model": "eums.salesorder",
    "pk": 66
  },
  {
    "fields": {
      "date": "2014-04-16",
      "order_number": 20150138,
      "description": null,
      "programme": 2
    },
    "model": "eums.salesorder",
    "pk": 67
  },
  {
    "fields": {
      "date": "2014-04-10",
      "order_number": 20149876,
      "description": null,
      "programme": 2
    },
    "model": "eums.salesorder",
    "pk": 68
  },
  {
    "fields": {
      "date": "2014-04-10",
      "order_number": 20149865,
      "description": null,
      "programme": 2
    },
    "model": "eums.salesorder",
    "pk": 69
  },
  {
    "fields": {
      "date": "2014-04-09",
      "order_number": 20149812,
      "description": null,
      "programme": 2
    },
    "model": "eums.salesorder",
    "pk": 70
  },
  {
    "fields": {
      "date": "2014-04-07",
      "order_number": 20149713,
      "description": null,
      "programme": 3
    },
    "model": "eums.salesorder",
    "pk": 71
  },
  {
    "fields": {
      "date": "2014-04-01",
      "order_number": 20149529,
      "description": null,
      "programme": 3
    },
    "model": "eums.salesorder",
    "pk": 72
  },
  {
    "fields": {
      "date": "2014-03-31",
      "order_number": 20149456,
      "description": null,
      "programme": 3
    },
    "model": "eums.salesorder",
    "pk": 73
  },
  {
    "fields": {
      "date": "2014-03-28",
      "order_number": 20149396,
      "description": null,
      "programme": 4
    },
    "model": "eums.salesorder",
    "pk": 74
  },
  {
    "fields": {
      "date": "2014-03-27",
      "order_number": 20149354,
      "description": null,
      "programme": 2
    },
    "model": "eums.salesorder",
    "pk": 75
  },
  {
    "fields": {
      "date": "2014-03-26",
      "order_number": 20149298,
      "description": null,
      "programme": 4
    },
    "model": "eums.salesorder",
    "pk": 76
  },
  {
    "fields": {
      "date": "2014-03-24",
      "order_number": 20149207,
      "description": null,
      "programme": 2
    },
    "model": "eums.salesorder",
    "pk": 77
  },
  {
    "fields": {
      "date": "2014-03-24",
      "order_number": 20149204,
      "description": null,
      "programme": 2
    },
    "model": "eums.salesorder",
    "pk": 78
  },
  {
    "fields": {
      "date": "2014-03-19",
      "order_number": 20149038,
      "description": null,
      "programme": 1
    },
    "model": "eums.salesorder",
    "pk": 79
  },
  {
    "fields": {
      "date": "2014-03-17",
      "order_number": 20148958,
      "description": null,
      "programme": 1
    },
    "model": "eums.salesorder",
    "pk": 80
  },
  {
    "fields": {
      "date": "2014-03-11",
      "order_number": 20148739,
      "description": null,
      "programme": 2
    },
    "model": "eums.salesorder",
    "pk": 81
  },
  {
    "fields": {
      "date": "2014-02-28",
      "order_number": 20148400,
      "description": null,
      "programme": 2
    },
    "model": "eums.salesorder",
    "pk": 82
  },
  {
    "fields": {
      "date": "2014-02-27",
      "order_number": 20148359,
      "description": null,
      "programme": 2
    },
    "model": "eums.salesorder",
    "pk": 83
  },
  {
    "fields": {
      "date": "2014-02-27",
      "order_number": 20148342,
      "description": null,
      "programme": 2
    },
    "model": "eums.salesorder",
    "pk": 84
  },
  {
    "fields": {
      "date": "2014-02-26",
      "order_number": 20148307,
      "description": null,
      "programme": 4
    },
    "model": "eums.salesorder",
    "pk": 85
  },
  {
    "fields": {
      "date": "2014-02-24",
      "order_number": 20148208,
      "description": null,
      "programme": 2
    },
    "model": "eums.salesorder",
    "pk": 86
  },
  {
    "fields": {
      "date": "2014-02-21",
      "order_number": 20148149,
      "description": null,
      "programme": 2
    },
    "model": "eums.salesorder",
    "pk": 87
  },
  {
    "fields": {
      "date": "2014-02-19",
      "order_number": 20148083,
      "description": null,
      "programme": 2
    },
    "model": "eums.salesorder",
    "pk": 88
  },
  {
    "fields": {
      "date": "2014-02-18",
      "order_number": 20148049,
      "description": null,
      "programme": 3
    },
    "model": "eums.salesorder",
    "pk": 89
  },
  {
    "fields": {
      "date": "2014-02-18",
      "order_number": 20148031,
      "description": null,
      "programme": 3
    },
    "model": "eums.salesorder",
    "pk": 90
  },
  {
    "fields": {
      "date": "2014-02-11",
      "order_number": 20147814,
      "description": null,
      "programme": 2
    },
    "model": "eums.salesorder",
    "pk": 91
  },
  {
    "fields": {
      "date": "2014-02-07",
      "order_number": 20147735,
      "description": null,
      "programme": 2
    },
    "model": "eums.salesorder",
    "pk": 92
  },
  {
    "fields": {
      "date": "2014-02-06",
      "order_number": 20147702,
      "description": null,
      "programme": 2
    },
    "model": "eums.salesorder",
    "pk": 93
  },
  {
    "fields": {
      "date": "2014-02-05",
      "order_number": 20147633,
      "description": null,
      "programme": 2
    },
    "model": "eums.salesorder",
    "pk": 94
  },
  {
    "fields": {
      "date": "2014-02-04",
      "order_number": 20147610,
      "description": null,
      "programme": 2
    },
    "model": "eums.salesorder",
    "pk": 95
  },
  {
    "fields": {
      "date": "2014-02-04",
      "order_number": 20147608,
      "description": null,
      "programme": 2
    },
    "model": "eums.salesorder",
    "pk": 96
  },
  {
    "fields": {
      "date": "2014-02-04",
      "order_number": 20147602,
      "description": null,
      "programme": 2
    },
    "model": "eums.salesorder",
    "pk": 97
  },
  {
    "fields": {
      "date": "2014-01-31",
      "order_number": 20147548,
      "description": null,
      "programme": 2
    },
    "model": "eums.salesorder",
    "pk": 98
  },
  {
    "fields": {
      "date": "2014-01-31",
      "order_number": 20147537,
      "description": null,
      "programme": 2
    },
    "model": "eums.salesorder",
    "pk": 99
  },
  {
    "fields": {
      "date": "2014-01-30",
      "order_number": 20147523,
      "description": null,
      "programme": 3
    },
    "model": "eums.salesorder",
    "pk": 100
  },
  {
    "fields": {
      "date": "2014-01-24",
      "order_number": 20147381,
      "description": null,
      "programme": 3
    },
    "model": "eums.salesorder",
    "pk": 101
  },
  {
    "fields": {
      "date": "2014-01-20",
      "order_number": 20147188,
      "description": null,
      "programme": 2
    },
    "model": "eums.salesorder",
    "pk": 102
  },
  {
    "fields": {
      "date": "2014-01-09",
      "order_number": 20147028,
      "description": null,
      "programme": 2
    },
    "model": "eums.salesorder",
    "pk": 103
  },
  {
    "fields": {
      "date": "2014-01-03",
      "order_number": 20146879,
      "description": null,
      "programme": 2
    },
    "model": "eums.salesorder",
    "pk": 104
  },
  {
    "fields": {
      "date": "2014-03-27",
      "order_number": 20129353,
      "description": null,
      "programme": 17
    },
    "model": "eums.salesorder",
    "pk": 105
  },
  {
    "fields": {
      "date": "2014-10-13",
      "order_number": 20157313,
      "description": null,
      "programme": 18
    },
    "model": "eums.salesorder",
    "pk": 106
  },
  {
    "fields": {
      "item_number": 0,
      "item": 1,
      "quantity": "10000.00",
      "polymorphic_ctype": 27
    },
    "model": "eums.orderitem",
    "pk": 1
  },
  {
    "fields": {
      "item_number": 0,
      "item": 2,
      "quantity": "5000.00",
      "polymorphic_ctype": 27
    },
    "model": "eums.orderitem",
    "pk": 2
  },
  {
    "fields": {
      "item_number": 0,
      "item": 8,
      "quantity": "420.00",
      "polymorphic_ctype": 27
    },
    "model": "eums.orderitem",
    "pk": 3
  },
  {
    "fields": {
      "item_number": 0,
      "item": 9,
      "quantity": "100.00",
      "polymorphic_ctype": 27
    },
    "model": "eums.orderitem",
    "pk": 4
  },
  {
    "fields": {
      "item_number": 0,
      "item": 10,
      "quantity": "1.00",
      "polymorphic_ctype": 27
    },
    "model": "eums.orderitem",
    "pk": 5
  },
  {
    "fields": {
      "item_number": 0,
      "item": 11,
      "quantity": "7000.00",
      "polymorphic_ctype": 27
    },
    "model": "eums.orderitem",
    "pk": 6
  },
  {
    "fields": {
      "item_number": 0,
      "item": 12,
      "quantity": "105.00",
      "polymorphic_ctype": 27
    },
    "model": "eums.orderitem",
    "pk": 7
  },
  {
    "fields": {
      "item_number": 0,
      "item": 3,
      "quantity": "1.00",
      "polymorphic_ctype": 27
    },
    "model": "eums.orderitem",
    "pk": 8
  },
  {
    "fields": {
      "item_number": 0,
      "item": 4,
      "quantity": "1.00",
      "polymorphic_ctype": 27
    },
    "model": "eums.orderitem",
    "pk": 9
  },
  {
    "fields": {
      "item_number": 0,
      "item": 5,
      "quantity": "1.00",
      "polymorphic_ctype": 27
    },
    "model": "eums.orderitem",
    "pk": 10
  },
  {
    "fields": {
      "item_number": 0,
      "item": 7,
      "quantity": "44.00",
      "polymorphic_ctype": 27
    },
    "model": "eums.orderitem",
    "pk": 11
  },
  {
    "fields": {
      "item_number": 0,
      "item": 14,
      "quantity": "1.00",
      "polymorphic_ctype": 27
    },
    "model": "eums.orderitem",
    "pk": 12
  },
  {
    "fields": {
      "item_number": 0,
      "item": 15,
      "quantity": "30.00",
      "polymorphic_ctype": 27
    },
    "model": "eums.orderitem",
    "pk": 13
  },
  {
    "fields": {
      "item_number": 0,
      "item": 16,
      "quantity": "7.00",
      "polymorphic_ctype": 27
    },
    "model": "eums.orderitem",
    "pk": 14
  },
  {
    "fields": {
      "item_number": 0,
      "item": 17,
      "quantity": "2200.00",
      "polymorphic_ctype": 27
    },
    "model": "eums.orderitem",
    "pk": 15
  },
  {
    "fields": {
      "item_number": 0,
      "item": 18,
      "quantity": "1.00",
      "polymorphic_ctype": 27
    },
    "model": "eums.orderitem",
    "pk": 16
  },
  {
    "fields": {
      "item_number": 0,
      "item": 13,
      "quantity": "30.00",
      "polymorphic_ctype": 27
    },
    "model": "eums.orderitem",
    "pk": 17
  },
  {
    "fields": {
      "item_number": 0,
      "item": 14,
      "quantity": "60.00",
      "polymorphic_ctype": 27
    },
    "model": "eums.orderitem",
    "pk": 18
  },
  {
    "fields": {
      "item_number": 0,
      "item": 15,
      "quantity": "4.00",
      "polymorphic_ctype": 27
    },
    "model": "eums.orderitem",
    "pk": 19
  },
  {
    "fields": {
      "item_number": 0,
      "item": 16,
      "quantity": "1.00",
      "polymorphic_ctype": 27
    },
    "model": "eums.orderitem",
    "pk": 20
  },
  {
    "fields": {
      "item_number": 0,
      "item": 17,
      "quantity": "1.00",
      "polymorphic_ctype": 27
    },
    "model": "eums.orderitem",
    "pk": 21
  },
  {
    "fields": {
      "item_number": 0,
      "item": 18,
      "quantity": "4.00",
      "polymorphic_ctype": 27
    },
    "model": "eums.orderitem",
    "pk": 22
  },
  {
    "fields": {
      "item_number": 0,
      "item": 19,
      "quantity": "1.00",
      "polymorphic_ctype": 27
    },
    "model": "eums.orderitem",
    "pk": 23
  },
  {
    "fields": {
      "item_number": 0,
      "item": 6,
      "quantity": "1.00",
      "polymorphic_ctype": 27
    },
    "model": "eums.orderitem",
    "pk": 24
  },
  {
    "fields": {
      "item_number": 0,
      "item": 20,
      "quantity": "4500.00",
      "polymorphic_ctype": 27
    },
    "model": "eums.orderitem",
    "pk": 25
  },
  {
    "fields": {
      "item_number": 0,
      "item": 21,
      "quantity": "300.00",
      "polymorphic_ctype": 27
    },
    "model": "eums.orderitem",
    "pk": 26
  },
  {
    "fields": {
      "item_number": 0,
      "item": 22,
      "quantity": "200.00",
      "polymorphic_ctype": 27
    },
    "model": "eums.orderitem",
    "pk": 27
  },
  {
    "fields": {
      "item_number": 0,
      "item": 23,
      "quantity": "200.00",
      "polymorphic_ctype": 27
    },
    "model": "eums.orderitem",
    "pk": 28
  },
  {
    "fields": {
      "item_number": 0,
      "item": 6,
      "quantity": "1.00",
      "polymorphic_ctype": 27
    },
    "model": "eums.orderitem",
    "pk": 29
  },
  {
    "fields": {
      "item_number": 0,
      "item": 20,
      "quantity": "3784.00",
      "polymorphic_ctype": 27
    },
    "model": "eums.orderitem",
    "pk": 30
  },
  {
    "fields": {
      "item_number": 0,
      "item": 21,
      "quantity": "300.00",
      "polymorphic_ctype": 27
    },
    "model": "eums.orderitem",
    "pk": 31
  },
  {
    "fields": {
      "item_number": 0,
      "item": 22,
      "quantity": "100.00",
      "polymorphic_ctype": 27
    },
    "model": "eums.orderitem",
    "pk": 32
  },
  {
    "fields": {
      "item_number": 0,
      "item": 23,
      "quantity": "100.00",
      "polymorphic_ctype": 27
    },
    "model": "eums.orderitem",
    "pk": 33
  },
  {
    "fields": {
      "item_number": 0,
      "item": 6,
      "quantity": "1.00",
      "polymorphic_ctype": 27
    },
    "model": "eums.orderitem",
    "pk": 34
  },
  {
    "fields": {
      "item_number": 0,
      "item": 6,
      "quantity": "1.00",
      "polymorphic_ctype": 27
    },
    "model": "eums.orderitem",
    "pk": 35
  },
  {
    "fields": {
      "item_number": 0,
      "item": 6,
      "quantity": "1.00",
      "polymorphic_ctype": 27
    },
    "model": "eums.orderitem",
    "pk": 36
  },
  {
    "fields": {
      "item_number": 0,
      "item": 18,
      "quantity": "5.00",
      "polymorphic_ctype": 27
    },
    "model": "eums.orderitem",
    "pk": 37
  },
  {
    "fields": {
      "item_number": 0,
      "item": 6,
      "quantity": "1.00",
      "polymorphic_ctype": 27
    },
    "model": "eums.orderitem",
    "pk": 38
  },
  {
    "fields": {
      "item_number": 0,
      "item": 6,
      "quantity": "1.00",
      "polymorphic_ctype": 27
    },
    "model": "eums.orderitem",
    "pk": 39
  },
  {
    "fields": {
      "item_number": 0,
      "item": 18,
      "quantity": "1.00",
      "polymorphic_ctype": 27
    },
    "model": "eums.orderitem",
    "pk": 40
  },
  {
    "fields": {
      "item_number": 0,
      "item": 24,
      "quantity": "60.00",
      "polymorphic_ctype": 27
    },
    "model": "eums.orderitem",
    "pk": 41
  },
  {
    "fields": {
      "item_number": 0,
      "item": 12,
      "quantity": "10.00",
      "polymorphic_ctype": 27
    },
    "model": "eums.orderitem",
    "pk": 42
  },
  {
    "fields": {
      "item_number": 0,
      "item": 13,
      "quantity": "120.00",
      "polymorphic_ctype": 27
    },
    "model": "eums.orderitem",
    "pk": 43
  },
  {
    "fields": {
      "item_number": 0,
      "item": 14,
      "quantity": "240.00",
      "polymorphic_ctype": 27
    },
    "model": "eums.orderitem",
    "pk": 44
  },
  {
    "fields": {
      "item_number": 0,
      "item": 15,
      "quantity": "26.00",
      "polymorphic_ctype": 27
    },
    "model": "eums.orderitem",
    "pk": 45
  },
  {
    "fields": {
      "item_number": 0,
      "item": 25,
      "quantity": "2.00",
      "polymorphic_ctype": 27
    },
    "model": "eums.orderitem",
    "pk": 46
  },
  {
    "fields": {
      "item_number": 0,
      "item": 26,
      "quantity": "26.00",
      "polymorphic_ctype": 27
    },
    "model": "eums.orderitem",
    "pk": 47
  },
  {
    "fields": {
      "item_number": 0,
      "item": 27,
      "quantity": "14.00",
      "polymorphic_ctype": 27
    },
    "model": "eums.orderitem",
    "pk": 48
  },
  {
    "fields": {
      "item_number": 0,
      "item": 28,
      "quantity": "2.00",
      "polymorphic_ctype": 27
    },
    "model": "eums.orderitem",
    "pk": 49
  },
  {
    "fields": {
      "item_number": 0,
      "item": 6,
      "quantity": "1.00",
      "polymorphic_ctype": 27
    },
    "model": "eums.orderitem",
    "pk": 50
  },
  {
    "fields": {
      "item_number": 0,
      "item": 29,
      "quantity": "2500.00",
      "polymorphic_ctype": 27
    },
    "model": "eums.orderitem",
    "pk": 51
  },
  {
    "fields": {
      "item_number": 0,
      "item": 30,
      "quantity": "5.00",
      "polymorphic_ctype": 27
    },
    "model": "eums.orderitem",
    "pk": 52
  },
  {
    "fields": {
      "item_number": 0,
      "item": 31,
      "quantity": "6.00",
      "polymorphic_ctype": 27
    },
    "model": "eums.orderitem",
    "pk": 53
  },
  {
    "fields": {
      "item_number": 0,
      "item": 32,
      "quantity": "6.00",
      "polymorphic_ctype": 27
    },
    "model": "eums.orderitem",
    "pk": 54
  },
  {
    "fields": {
      "item_number": 0,
      "item": 33,
      "quantity": "5.00",
      "polymorphic_ctype": 27
    },
    "model": "eums.orderitem",
    "pk": 55
  },
  {
    "fields": {
      "item_number": 0,
      "item": 29,
      "quantity": "1000.00",
      "polymorphic_ctype": 27
    },
    "model": "eums.orderitem",
    "pk": 56
  },
  {
    "fields": {
      "item_number": 0,
      "item": 34,
      "quantity": "7.00",
      "polymorphic_ctype": 27
    },
    "model": "eums.orderitem",
    "pk": 57
  },
  {
    "fields": {
      "item_number": 0,
      "item": 35,
      "quantity": "224000.00",
      "polymorphic_ctype": 27
    },
    "model": "eums.orderitem",
    "pk": 58
  },
  {
    "fields": {
      "item_number": 0,
      "item": 36,
      "quantity": "1000.00",
      "polymorphic_ctype": 27
    },
    "model": "eums.orderitem",
    "pk": 59
  },
  {
    "fields": {
      "item_number": 0,
      "item": 37,
      "quantity": "3250.00",
      "polymorphic_ctype": 27
    },
    "model": "eums.orderitem",
    "pk": 60
  },
  {
    "fields": {
      "item_number": 0,
      "item": 38,
      "quantity": "1000.00",
      "polymorphic_ctype": 27
    },
    "model": "eums.orderitem",
    "pk": 61
  },
  {
    "fields": {
      "item_number": 0,
      "item": 39,
      "quantity": "3250.00",
      "polymorphic_ctype": 27
    },
    "model": "eums.orderitem",
    "pk": 62
  },
  {
    "fields": {
      "item_number": 0,
      "item": 40,
      "quantity": "1000.00",
      "polymorphic_ctype": 27
    },
    "model": "eums.orderitem",
    "pk": 63
  },
  {
    "fields": {
      "item_number": 0,
      "item": 41,
      "quantity": "1000.00",
      "polymorphic_ctype": 27
    },
    "model": "eums.orderitem",
    "pk": 64
  },
  {
    "fields": {
      "item_number": 0,
      "item": 42,
      "quantity": "1000.00",
      "polymorphic_ctype": 27
    },
    "model": "eums.orderitem",
    "pk": 65
  },
  {
    "fields": {
      "item_number": 0,
      "item": 43,
      "quantity": "3250.00",
      "polymorphic_ctype": 27
    },
    "model": "eums.orderitem",
    "pk": 66
  },
  {
    "fields": {
      "item_number": 0,
      "item": 44,
      "quantity": "3250.00",
      "polymorphic_ctype": 27
    },
    "model": "eums.orderitem",
    "pk": 67
  },
  {
    "fields": {
      "item_number": 0,
      "item": 45,
      "quantity": "50.00",
      "polymorphic_ctype": 27
    },
    "model": "eums.orderitem",
    "pk": 68
  },
  {
    "fields": {
      "item_number": 0,
      "item": 46,
      "quantity": "384000.00",
      "polymorphic_ctype": 27
    },
    "model": "eums.orderitem",
    "pk": 69
  },
  {
    "fields": {
      "item_number": 0,
      "item": 6,
      "quantity": "1.00",
      "polymorphic_ctype": 27
    },
    "model": "eums.orderitem",
    "pk": 70
  },
  {
    "fields": {
      "item_number": 0,
      "item": 18,
      "quantity": "4.00",
      "polymorphic_ctype": 27
    },
    "model": "eums.orderitem",
    "pk": 71
  },
  {
    "fields": {
      "item_number": 0,
      "item": 47,
      "quantity": "300.00",
      "polymorphic_ctype": 27
    },
    "model": "eums.orderitem",
    "pk": 72
  },
  {
    "fields": {
      "item_number": 0,
      "item": 48,
      "quantity": "298.00",
      "polymorphic_ctype": 27
    },
    "model": "eums.orderitem",
    "pk": 73
  },
  {
    "fields": {
      "item_number": 0,
      "item": 49,
      "quantity": "286.00",
      "polymorphic_ctype": 27
    },
    "model": "eums.orderitem",
    "pk": 74
  },
  {
    "fields": {
      "item_number": 0,
      "item": 2,
      "quantity": "214.00",
      "polymorphic_ctype": 27
    },
    "model": "eums.orderitem",
    "pk": 75
  },
  {
    "fields": {
      "item_number": 0,
      "item": 40,
      "quantity": "702.00",
      "polymorphic_ctype": 27
    },
    "model": "eums.orderitem",
    "pk": 76
  },
  {
    "fields": {
      "item_number": 0,
      "item": 50,
      "quantity": "1.00",
      "polymorphic_ctype": 27
    },
    "model": "eums.orderitem",
    "pk": 77
  },
  {
    "fields": {
      "item_number": 0,
      "item": 51,
      "quantity": "2.00",
      "polymorphic_ctype": 27
    },
    "model": "eums.orderitem",
    "pk": 78
  },
  {
    "fields": {
      "item_number": 0,
      "item": 52,
      "quantity": "6.00",
      "polymorphic_ctype": 27
    },
    "model": "eums.orderitem",
    "pk": 79
  },
  {
    "fields": {
      "item_number": 0,
      "item": 53,
      "quantity": "30000.00",
      "polymorphic_ctype": 27
    },
    "model": "eums.orderitem",
    "pk": 80
  },
  {
    "fields": {
      "item_number": 0,
      "item": 54,
      "quantity": "300.00",
      "polymorphic_ctype": 27
    },
    "model": "eums.orderitem",
    "pk": 81
  },
  {
    "fields": {
      "item_number": 0,
      "item": 6,
      "quantity": "1.00",
      "polymorphic_ctype": 27
    },
    "model": "eums.orderitem",
    "pk": 82
  },
  {
    "fields": {
      "item_number": 0,
      "item": 18,
      "quantity": "1.00",
      "polymorphic_ctype": 27
    },
    "model": "eums.orderitem",
    "pk": 83
  },
  {
    "fields": {
      "item_number": 0,
      "item": 55,
      "quantity": "10000.00",
      "polymorphic_ctype": 27
    },
    "model": "eums.orderitem",
    "pk": 84
  },
  {
    "fields": {
      "item_number": 0,
      "item": 56,
      "quantity": "3000.00",
      "polymorphic_ctype": 27
    },
    "model": "eums.orderitem",
    "pk": 85
  },
  {
    "fields": {
      "item_number": 0,
      "item": 57,
      "quantity": "270.00",
      "polymorphic_ctype": 27
    },
    "model": "eums.orderitem",
    "pk": 86
  },
  {
    "fields": {
      "item_number": 0,
      "item": 58,
      "quantity": "40.00",
      "polymorphic_ctype": 27
    },
    "model": "eums.orderitem",
    "pk": 87
  },
  {
    "fields": {
      "item_number": 0,
      "item": 59,
      "quantity": "50.00",
      "polymorphic_ctype": 27
    },
    "model": "eums.orderitem",
    "pk": 88
  },
  {
    "fields": {
      "item_number": 0,
      "item": 60,
      "quantity": "200.00",
      "polymorphic_ctype": 27
    },
    "model": "eums.orderitem",
    "pk": 89
  },
  {
    "fields": {
      "item_number": 0,
      "item": 61,
      "quantity": "10.00",
      "polymorphic_ctype": 27
    },
    "model": "eums.orderitem",
    "pk": 90
  },
  {
    "fields": {
      "item_number": 0,
      "item": 62,
      "quantity": "13.00",
      "polymorphic_ctype": 27
    },
    "model": "eums.orderitem",
    "pk": 91
  },
  {
    "fields": {
      "item_number": 0,
      "item": 6,
      "quantity": "1.00",
      "polymorphic_ctype": 27
    },
    "model": "eums.orderitem",
    "pk": 92
  },
  {
    "fields": {
      "item_number": 0,
      "item": 63,
      "quantity": "20.00",
      "polymorphic_ctype": 27
    },
    "model": "eums.orderitem",
    "pk": 93
  },
  {
    "fields": {
      "item_number": 0,
      "item": 64,
      "quantity": "25.00",
      "polymorphic_ctype": 27
    },
    "model": "eums.orderitem",
    "pk": 94
  },
  {
    "fields": {
      "item_number": 0,
      "item": 57,
      "quantity": "20.00",
      "polymorphic_ctype": 27
    },
    "model": "eums.orderitem",
    "pk": 95
  },
  {
    "fields": {
      "item_number": 0,
      "item": 6,
      "quantity": "1.00",
      "polymorphic_ctype": 27
    },
    "model": "eums.orderitem",
    "pk": 96
  },
  {
    "fields": {
      "item_number": 0,
      "item": 65,
      "quantity": "1500.00",
      "polymorphic_ctype": 27
    },
    "model": "eums.orderitem",
    "pk": 97
  },
  {
    "fields": {
      "item_number": 0,
      "item": 66,
      "quantity": "99020.00",
      "polymorphic_ctype": 27
    },
    "model": "eums.orderitem",
    "pk": 98
  },
  {
    "fields": {
      "item_number": 0,
      "item": 67,
      "quantity": "12475.00",
      "polymorphic_ctype": 27
    },
    "model": "eums.orderitem",
    "pk": 99
  },
  {
    "fields": {
      "item_number": 0,
      "item": 68,
      "quantity": "50000.00",
      "polymorphic_ctype": 27
    },
    "model": "eums.orderitem",
    "pk": 100
  },
  {
    "fields": {
      "item_number": 0,
      "item": 69,
      "quantity": "6000.00",
      "polymorphic_ctype": 27
    },
    "model": "eums.orderitem",
    "pk": 101
  },
  {
    "fields": {
      "item_number": 0,
      "item": 70,
      "quantity": "8000.00",
      "polymorphic_ctype": 27
    },
    "model": "eums.orderitem",
    "pk": 102
  },
  {
    "fields": {
      "item_number": 0,
      "item": 2,
      "quantity": "6000.00",
      "polymorphic_ctype": 27
    },
    "model": "eums.orderitem",
    "pk": 103
  },
  {
    "fields": {
      "item_number": 0,
      "item": 71,
      "quantity": "8550.00",
      "polymorphic_ctype": 27
    },
    "model": "eums.orderitem",
    "pk": 104
  },
  {
    "fields": {
      "item_number": 0,
      "item": 72,
      "quantity": "278.00",
      "polymorphic_ctype": 27
    },
    "model": "eums.orderitem",
    "pk": 105
  },
  {
    "fields": {
      "item_number": 0,
      "item": 6,
      "quantity": "1.00",
      "polymorphic_ctype": 27
    },
    "model": "eums.orderitem",
    "pk": 106
  },
  {
    "fields": {
      "item_number": 0,
      "item": 73,
      "quantity": "30.00",
      "polymorphic_ctype": 27
    },
    "model": "eums.orderitem",
    "pk": 107
  },
  {
    "fields": {
      "item_number": 0,
      "item": 74,
      "quantity": "4600.00",
      "polymorphic_ctype": 27
    },
    "model": "eums.orderitem",
    "pk": 108
  },
  {
    "fields": {
      "item_number": 0,
      "item": 75,
      "quantity": "4600.00",
      "polymorphic_ctype": 27
    },
    "model": "eums.orderitem",
    "pk": 109
  },
  {
    "fields": {
      "item_number": 0,
      "item": 76,
      "quantity": "4600.00",
      "polymorphic_ctype": 27
    },
    "model": "eums.orderitem",
    "pk": 110
  },
  {
    "fields": {
      "item_number": 0,
      "item": 77,
      "quantity": "3000.00",
      "polymorphic_ctype": 27
    },
    "model": "eums.orderitem",
    "pk": 111
  },
  {
    "fields": {
      "item_number": 0,
      "item": 78,
      "quantity": "3000.00",
      "polymorphic_ctype": 27
    },
    "model": "eums.orderitem",
    "pk": 112
  },
  {
    "fields": {
      "item_number": 0,
      "item": 79,
      "quantity": "4600.00",
      "polymorphic_ctype": 27
    },
    "model": "eums.orderitem",
    "pk": 113
  },
  {
    "fields": {
      "item_number": 0,
      "item": 80,
      "quantity": "30.00",
      "polymorphic_ctype": 27
    },
    "model": "eums.orderitem",
    "pk": 114
  },
  {
    "fields": {
      "item_number": 0,
      "item": 81,
      "quantity": "120.00",
      "polymorphic_ctype": 27
    },
    "model": "eums.orderitem",
    "pk": 115
  },
  {
    "fields": {
      "item_number": 0,
      "item": 82,
      "quantity": "3000.00",
      "polymorphic_ctype": 27
    },
    "model": "eums.orderitem",
    "pk": 116
  },
  {
    "fields": {
      "item_number": 0,
      "item": 83,
      "quantity": "32.00",
      "polymorphic_ctype": 27
    },
    "model": "eums.orderitem",
    "pk": 117
  },
  {
    "fields": {
      "item_number": 0,
      "item": 84,
      "quantity": "45.00",
      "polymorphic_ctype": 27
    },
    "model": "eums.orderitem",
    "pk": 118
  },
  {
    "fields": {
      "item_number": 0,
      "item": 85,
      "quantity": "20.00",
      "polymorphic_ctype": 27
    },
    "model": "eums.orderitem",
    "pk": 119
  },
  {
    "fields": {
      "item_number": 0,
      "item": 86,
      "quantity": "10.00",
      "polymorphic_ctype": 27
    },
    "model": "eums.orderitem",
    "pk": 120
  },
  {
    "fields": {
      "item_number": 0,
      "item": 87,
      "quantity": "32.00",
      "polymorphic_ctype": 27
    },
    "model": "eums.orderitem",
    "pk": 121
  },
  {
    "fields": {
      "item_number": 0,
      "item": 6,
      "quantity": "1.00",
      "polymorphic_ctype": 27
    },
    "model": "eums.orderitem",
    "pk": 122
  },
  {
    "fields": {
      "item_number": 0,
      "item": 88,
      "quantity": "8000.00",
      "polymorphic_ctype": 27
    },
    "model": "eums.orderitem",
    "pk": 123
  },
  {
    "fields": {
      "item_number": 0,
      "item": 89,
      "quantity": "500.00",
      "polymorphic_ctype": 27
    },
    "model": "eums.orderitem",
    "pk": 124
  },
  {
    "fields": {
      "item_number": 0,
      "item": 90,
      "quantity": "5500.00",
      "polymorphic_ctype": 27
    },
    "model": "eums.orderitem",
    "pk": 125
  },
  {
    "fields": {
      "item_number": 0,
      "item": 2,
      "quantity": "2500.00",
      "polymorphic_ctype": 27
    },
    "model": "eums.orderitem",
    "pk": 126
  },
  {
    "fields": {
      "item_number": 0,
      "item": 91,
      "quantity": "2.00",
      "polymorphic_ctype": 27
    },
    "model": "eums.orderitem",
    "pk": 127
  },
  {
    "fields": {
      "item_number": 0,
      "item": 2,
      "quantity": "1.00",
      "polymorphic_ctype": 27
    },
    "model": "eums.orderitem",
    "pk": 128
  },
  {
    "fields": {
      "item_number": 0,
      "item": 92,
      "quantity": "2770.00",
      "polymorphic_ctype": 27
    },
    "model": "eums.orderitem",
    "pk": 129
  },
  {
    "fields": {
      "item_number": 0,
      "item": 93,
      "quantity": "2770.00",
      "polymorphic_ctype": 27
    },
    "model": "eums.orderitem",
    "pk": 130
  },
  {
    "fields": {
      "item_number": 0,
      "item": 94,
      "quantity": "2770.00",
      "polymorphic_ctype": 27
    },
    "model": "eums.orderitem",
    "pk": 131
  },
  {
    "fields": {
      "item_number": 0,
      "item": 95,
      "quantity": "2770.00",
      "polymorphic_ctype": 27
    },
    "model": "eums.orderitem",
    "pk": 132
  },
  {
    "fields": {
      "item_number": 0,
      "item": 96,
      "quantity": "2770.00",
      "polymorphic_ctype": 27
    },
    "model": "eums.orderitem",
    "pk": 133
  },
  {
    "fields": {
      "item_number": 0,
      "item": 97,
      "quantity": "222.00",
      "polymorphic_ctype": 27
    },
    "model": "eums.orderitem",
    "pk": 134
  },
  {
    "fields": {
      "item_number": 0,
      "item": 98,
      "quantity": "500.00",
      "polymorphic_ctype": 27
    },
    "model": "eums.orderitem",
    "pk": 135
  },
  {
    "fields": {
      "item_number": 0,
      "item": 99,
      "quantity": "2000.00",
      "polymorphic_ctype": 27
    },
    "model": "eums.orderitem",
    "pk": 136
  },
  {
    "fields": {
      "item_number": 0,
      "item": 100,
      "quantity": "4.00",
      "polymorphic_ctype": 27
    },
    "model": "eums.orderitem",
    "pk": 137
  },
  {
    "fields": {
      "item_number": 0,
      "item": 101,
      "quantity": "4.00",
      "polymorphic_ctype": 27
    },
    "model": "eums.orderitem",
    "pk": 138
  },
  {
    "fields": {
      "item_number": 0,
      "item": 102,
      "quantity": "50.00",
      "polymorphic_ctype": 27
    },
    "model": "eums.orderitem",
    "pk": 139
  },
  {
    "fields": {
      "item_number": 0,
      "item": 20,
      "quantity": "3000.00",
      "polymorphic_ctype": 27
    },
    "model": "eums.orderitem",
    "pk": 140
  },
  {
    "fields": {
      "item_number": 0,
      "item": 21,
      "quantity": "500.00",
      "polymorphic_ctype": 27
    },
    "model": "eums.orderitem",
    "pk": 141
  },
  {
    "fields": {
      "item_number": 0,
      "item": 22,
      "quantity": "500.00",
      "polymorphic_ctype": 27
    },
    "model": "eums.orderitem",
    "pk": 142
  },
  {
    "fields": {
      "item_number": 0,
      "item": 6,
      "quantity": "1.00",
      "polymorphic_ctype": 27
    },
    "model": "eums.orderitem",
    "pk": 143
  },
  {
    "fields": {
      "item_number": 0,
      "item": 6,
      "quantity": "1.00",
      "polymorphic_ctype": 27
    },
    "model": "eums.orderitem",
    "pk": 144
  },
  {
    "fields": {
      "item_number": 0,
      "item": 103,
      "quantity": "90.00",
      "polymorphic_ctype": 27
    },
    "model": "eums.orderitem",
    "pk": 145
  },
  {
    "fields": {
      "item_number": 0,
      "item": 104,
      "quantity": "31.00",
      "polymorphic_ctype": 27
    },
    "model": "eums.orderitem",
    "pk": 146
  },
  {
    "fields": {
      "item_number": 0,
      "item": 105,
      "quantity": "45.00",
      "polymorphic_ctype": 27
    },
    "model": "eums.orderitem",
    "pk": 147
  },
  {
    "fields": {
      "item_number": 0,
      "item": 106,
      "quantity": "36.00",
      "polymorphic_ctype": 27
    },
    "model": "eums.orderitem",
    "pk": 148
  },
  {
    "fields": {
      "item_number": 0,
      "item": 63,
      "quantity": "14.00",
      "polymorphic_ctype": 27
    },
    "model": "eums.orderitem",
    "pk": 149
  },
  {
    "fields": {
      "item_number": 0,
      "item": 107,
      "quantity": "64.00",
      "polymorphic_ctype": 27
    },
    "model": "eums.orderitem",
    "pk": 150
  },
  {
    "fields": {
      "item_number": 0,
      "item": 108,
      "quantity": "64.00",
      "polymorphic_ctype": 27
    },
    "model": "eums.orderitem",
    "pk": 151
  },
  {
    "fields": {
      "item_number": 0,
      "item": 12,
      "quantity": "26.00",
      "polymorphic_ctype": 27
    },
    "model": "eums.orderitem",
    "pk": 152
  },
  {
    "fields": {
      "item_number": 0,
      "item": 109,
      "quantity": "5.00",
      "polymorphic_ctype": 27
    },
    "model": "eums.orderitem",
    "pk": 153
  },
  {
    "fields": {
      "item_number": 0,
      "item": 110,
      "quantity": "9.00",
      "polymorphic_ctype": 27
    },
    "model": "eums.orderitem",
    "pk": 154
  },
  {
    "fields": {
      "item_number": 0,
      "item": 111,
      "quantity": "36.00",
      "polymorphic_ctype": 27
    },
    "model": "eums.orderitem",
    "pk": 155
  },
  {
    "fields": {
      "item_number": 0,
      "item": 112,
      "quantity": "14.00",
      "polymorphic_ctype": 27
    },
    "model": "eums.orderitem",
    "pk": 156
  },
  {
    "fields": {
      "item_number": 0,
      "item": 113,
      "quantity": "16.00",
      "polymorphic_ctype": 27
    },
    "model": "eums.orderitem",
    "pk": 157
  },
  {
    "fields": {
      "item_number": 0,
      "item": 114,
      "quantity": "1.00",
      "polymorphic_ctype": 27
    },
    "model": "eums.orderitem",
    "pk": 158
  },
  {
    "fields": {
      "item_number": 0,
      "item": 115,
      "quantity": "6.00",
      "polymorphic_ctype": 27
    },
    "model": "eums.orderitem",
    "pk": 159
  },
  {
    "fields": {
      "item_number": 0,
      "item": 6,
      "quantity": "1.00",
      "polymorphic_ctype": 27
    },
    "model": "eums.orderitem",
    "pk": 160
  },
  {
    "fields": {
      "item_number": 0,
      "item": 108,
      "quantity": "64.00",
      "polymorphic_ctype": 27
    },
    "model": "eums.orderitem",
    "pk": 161
  },
  {
    "fields": {
      "item_number": 0,
      "item": 6,
      "quantity": "1.00",
      "polymorphic_ctype": 27
    },
    "model": "eums.orderitem",
    "pk": 162
  },
  {
    "fields": {
      "item_number": 0,
      "item": 116,
      "quantity": "76.00",
      "polymorphic_ctype": 27
    },
    "model": "eums.orderitem",
    "pk": 163
  },
  {
    "fields": {
      "item_number": 0,
      "item": 117,
      "quantity": "15.00",
      "polymorphic_ctype": 27
    },
    "model": "eums.orderitem",
    "pk": 164
  },
  {
    "fields": {
      "item_number": 0,
      "item": 118,
      "quantity": "45.00",
      "polymorphic_ctype": 27
    },
    "model": "eums.orderitem",
    "pk": 165
  },
  {
    "fields": {
      "item_number": 0,
      "item": 6,
      "quantity": "1.00",
      "polymorphic_ctype": 27
    },
    "model": "eums.orderitem",
    "pk": 166
  },
  {
    "fields": {
      "item_number": 0,
      "item": 119,
      "quantity": "80.00",
      "polymorphic_ctype": 27
    },
    "model": "eums.orderitem",
    "pk": 167
  },
  {
    "fields": {
      "item_number": 0,
      "item": 109,
      "quantity": "3.00",
      "polymorphic_ctype": 27
    },
    "model": "eums.orderitem",
    "pk": 168
  },
  {
    "fields": {
      "item_number": 0,
      "item": 15,
      "quantity": "8.00",
      "polymorphic_ctype": 27
    },
    "model": "eums.orderitem",
    "pk": 169
  },
  {
    "fields": {
      "item_number": 0,
      "item": 6,
      "quantity": "1.00",
      "polymorphic_ctype": 27
    },
    "model": "eums.orderitem",
    "pk": 170
  },
  {
    "fields": {
      "item_number": 0,
      "item": 120,
      "quantity": "1000000.00",
      "polymorphic_ctype": 27
    },
    "model": "eums.orderitem",
    "pk": 171
  },
  {
    "fields": {
      "item_number": 0,
      "item": 103,
      "quantity": "140.00",
      "polymorphic_ctype": 27
    },
    "model": "eums.orderitem",
    "pk": 172
  },
  {
    "fields": {
      "item_number": 0,
      "item": 121,
      "quantity": "140.00",
      "polymorphic_ctype": 27
    },
    "model": "eums.orderitem",
    "pk": 173
  },
  {
    "fields": {
      "item_number": 0,
      "item": 63,
      "quantity": "35.00",
      "polymorphic_ctype": 27
    },
    "model": "eums.orderitem",
    "pk": 174
  },
  {
    "fields": {
      "item_number": 0,
      "item": 12,
      "quantity": "34.00",
      "polymorphic_ctype": 27
    },
    "model": "eums.orderitem",
    "pk": 175
  },
  {
    "fields": {
      "item_number": 0,
      "item": 122,
      "quantity": "55.00",
      "polymorphic_ctype": 27
    },
    "model": "eums.orderitem",
    "pk": 176
  },
  {
    "fields": {
      "item_number": 0,
      "item": 64,
      "quantity": "27.00",
      "polymorphic_ctype": 27
    },
    "model": "eums.orderitem",
    "pk": 177
  },
  {
    "fields": {
      "item_number": 0,
      "item": 23,
      "quantity": "89.00",
      "polymorphic_ctype": 27
    },
    "model": "eums.orderitem",
    "pk": 178
  },
  {
    "fields": {
      "item_number": 0,
      "item": 123,
      "quantity": "1.00",
      "polymorphic_ctype": 27
    },
    "model": "eums.orderitem",
    "pk": 179
  },
  {
    "fields": {
      "item_number": 0,
      "item": 124,
      "quantity": "10.00",
      "polymorphic_ctype": 27
    },
    "model": "eums.orderitem",
    "pk": 180
  },
  {
    "fields": {
      "item_number": 0,
      "item": 2,
      "quantity": "1.00",
      "polymorphic_ctype": 27
    },
    "model": "eums.orderitem",
    "pk": 181
  },
  {
    "fields": {
      "item_number": 0,
      "item": 6,
      "quantity": "1.00",
      "polymorphic_ctype": 27
    },
    "model": "eums.orderitem",
    "pk": 182
  },
  {
    "fields": {
      "item_number": 0,
      "item": 125,
      "quantity": "10000.00",
      "polymorphic_ctype": 27
    },
    "model": "eums.orderitem",
    "pk": 183
  },
  {
    "fields": {
      "item_number": 0,
      "item": 126,
      "quantity": "24000.00",
      "polymorphic_ctype": 27
    },
    "model": "eums.orderitem",
    "pk": 184
  },
  {
    "fields": {
      "item_number": 0,
      "item": 127,
      "quantity": "3000.00",
      "polymorphic_ctype": 27
    },
    "model": "eums.orderitem",
    "pk": 185
  },
  {
    "fields": {
      "item_number": 0,
      "item": 128,
      "quantity": "1500.00",
      "polymorphic_ctype": 27
    },
    "model": "eums.orderitem",
    "pk": 186
  },
  {
    "fields": {
      "item_number": 0,
      "item": 129,
      "quantity": "7.00",
      "polymorphic_ctype": 27
    },
    "model": "eums.orderitem",
    "pk": 187
  },
  {
    "fields": {
      "item_number": 0,
      "item": 130,
      "quantity": "1040.00",
      "polymorphic_ctype": 27
    },
    "model": "eums.orderitem",
    "pk": 188
  },
  {
    "fields": {
      "item_number": 0,
      "item": 131,
      "quantity": "104.00",
      "polymorphic_ctype": 27
    },
    "model": "eums.orderitem",
    "pk": 189
  },
  {
    "fields": {
      "item_number": 0,
      "item": 132,
      "quantity": "1040.00",
      "polymorphic_ctype": 27
    },
    "model": "eums.orderitem",
    "pk": 190
  },
  {
    "fields": {
      "item_number": 0,
      "item": 133,
      "quantity": "7.00",
      "polymorphic_ctype": 27
    },
    "model": "eums.orderitem",
    "pk": 191
  },
  {
    "fields": {
      "item_number": 0,
      "item": 134,
      "quantity": "7.00",
      "polymorphic_ctype": 27
    },
    "model": "eums.orderitem",
    "pk": 192
  },
  {
    "fields": {
      "item_number": 0,
      "item": 6,
      "quantity": "1.00",
      "polymorphic_ctype": 27
    },
    "model": "eums.orderitem",
    "pk": 193
  },
  {
    "fields": {
      "item_number": 0,
      "item": 21,
      "quantity": "500.00",
      "polymorphic_ctype": 27
    },
    "model": "eums.orderitem",
    "pk": 194
  },
  {
    "fields": {
      "item_number": 0,
      "item": 20,
      "quantity": "3000.00",
      "polymorphic_ctype": 27
    },
    "model": "eums.orderitem",
    "pk": 195
  },
  {
    "fields": {
      "item_number": 0,
      "item": 22,
      "quantity": "500.00",
      "polymorphic_ctype": 27
    },
    "model": "eums.orderitem",
    "pk": 196
  },
  {
    "fields": {
      "item_number": 0,
      "item": 6,
      "quantity": "1.00",
      "polymorphic_ctype": 27
    },
    "model": "eums.orderitem",
    "pk": 197
  },
  {
    "fields": {
      "item_number": 0,
      "item": 135,
      "quantity": "1500.00",
      "polymorphic_ctype": 27
    },
    "model": "eums.orderitem",
    "pk": 198
  },
  {
    "fields": {
      "item_number": 0,
      "item": 2,
      "quantity": "1500.00",
      "polymorphic_ctype": 27
    },
    "model": "eums.orderitem",
    "pk": 199
  },
  {
    "fields": {
      "item_number": 0,
      "item": 126,
      "quantity": "3000.00",
      "polymorphic_ctype": 27
    },
    "model": "eums.orderitem",
    "pk": 200
  },
  {
    "fields": {
      "item_number": 0,
      "item": 136,
      "quantity": "2000.00",
      "polymorphic_ctype": 27
    },
    "model": "eums.orderitem",
    "pk": 201
  },
  {
    "fields": {
      "item_number": 0,
      "item": 137,
      "quantity": "1000.00",
      "polymorphic_ctype": 27
    },
    "model": "eums.orderitem",
    "pk": 202
  },
  {
    "fields": {
      "item_number": 0,
      "item": 138,
      "quantity": "1.00",
      "polymorphic_ctype": 27
    },
    "model": "eums.orderitem",
    "pk": 203
  },
  {
    "fields": {
      "item_number": 0,
      "item": 139,
      "quantity": "4.00",
      "polymorphic_ctype": 27
    },
    "model": "eums.orderitem",
    "pk": 204
  },
  {
    "fields": {
      "item_number": 0,
      "item": 140,
      "quantity": "20.00",
      "polymorphic_ctype": 27
    },
    "model": "eums.orderitem",
    "pk": 205
  },
  {
    "fields": {
      "item_number": 0,
      "item": 6,
      "quantity": "1.00",
      "polymorphic_ctype": 27
    },
    "model": "eums.orderitem",
    "pk": 206
  },
  {
    "fields": {
      "item_number": 0,
      "item": 18,
      "quantity": "4.00",
      "polymorphic_ctype": 27
    },
    "model": "eums.orderitem",
    "pk": 207
  },
  {
    "fields": {
      "item_number": 0,
      "item": 141,
      "quantity": "1000.00",
      "polymorphic_ctype": 27
    },
    "model": "eums.orderitem",
    "pk": 208
  },
  {
    "fields": {
      "item_number": 0,
      "item": 6,
      "quantity": "1.00",
      "polymorphic_ctype": 27
    },
    "model": "eums.orderitem",
    "pk": 209
  },
  {
    "fields": {
      "item_number": 0,
      "item": 142,
      "quantity": "4000.00",
      "polymorphic_ctype": 27
    },
    "model": "eums.orderitem",
    "pk": 210
  },
  {
    "fields": {
      "item_number": 0,
      "item": 143,
      "quantity": "7000.00",
      "polymorphic_ctype": 27
    },
    "model": "eums.orderitem",
    "pk": 211
  },
  {
    "fields": {
      "item_number": 0,
      "item": 144,
      "quantity": "8.00",
      "polymorphic_ctype": 27
    },
    "model": "eums.orderitem",
    "pk": 212
  },
  {
    "fields": {
      "item_number": 0,
      "item": 63,
      "quantity": "6.00",
      "polymorphic_ctype": 27
    },
    "model": "eums.orderitem",
    "pk": 213
  },
  {
    "fields": {
      "item_number": 0,
      "item": 145,
      "quantity": "12.00",
      "polymorphic_ctype": 27
    },
    "model": "eums.orderitem",
    "pk": 214
  },
  {
    "fields": {
      "item_number": 0,
      "item": 146,
      "quantity": "12.00",
      "polymorphic_ctype": 27
    },
    "model": "eums.orderitem",
    "pk": 215
  },
  {
    "fields": {
      "item_number": 0,
      "item": 147,
      "quantity": "40.00",
      "polymorphic_ctype": 27
    },
    "model": "eums.orderitem",
    "pk": 216
  },
  {
    "fields": {
      "item_number": 0,
      "item": 141,
      "quantity": "3000.00",
      "polymorphic_ctype": 27
    },
    "model": "eums.orderitem",
    "pk": 217
  },
  {
    "fields": {
      "item_number": 0,
      "item": 148,
      "quantity": "20.00",
      "polymorphic_ctype": 27
    },
    "model": "eums.orderitem",
    "pk": 218
  },
  {
    "fields": {
      "item_number": 0,
      "item": 149,
      "quantity": "8.00",
      "polymorphic_ctype": 27
    },
    "model": "eums.orderitem",
    "pk": 219
  },
  {
    "fields": {
      "item_number": 0,
      "item": 110,
      "quantity": "3.00",
      "polymorphic_ctype": 27
    },
    "model": "eums.orderitem",
    "pk": 220
  },
  {
    "fields": {
      "item_number": 0,
      "item": 150,
      "quantity": "20.00",
      "polymorphic_ctype": 27
    },
    "model": "eums.orderitem",
    "pk": 221
  },
  {
    "fields": {
      "item_number": 0,
      "item": 151,
      "quantity": "12.00",
      "polymorphic_ctype": 27
    },
    "model": "eums.orderitem",
    "pk": 222
  },
  {
    "fields": {
      "item_number": 0,
      "item": 15,
      "quantity": "14.00",
      "polymorphic_ctype": 27
    },
    "model": "eums.orderitem",
    "pk": 223
  },
  {
    "fields": {
      "item_number": 0,
      "item": 152,
      "quantity": "8.00",
      "polymorphic_ctype": 27
    },
    "model": "eums.orderitem",
    "pk": 224
  },
  {
    "fields": {
      "item_number": 0,
      "item": 114,
      "quantity": "4.00",
      "polymorphic_ctype": 27
    },
    "model": "eums.orderitem",
    "pk": 225
  },
  {
    "fields": {
      "item_number": 0,
      "item": 153,
      "quantity": "4.00",
      "polymorphic_ctype": 27
    },
    "model": "eums.orderitem",
    "pk": 226
  },
  {
    "fields": {
      "item_number": 0,
      "item": 6,
      "quantity": "1.00",
      "polymorphic_ctype": 27
    },
    "model": "eums.orderitem",
    "pk": 227
  },
  {
    "fields": {
      "item_number": 0,
      "item": 154,
      "quantity": "431.00",
      "polymorphic_ctype": 27
    },
    "model": "eums.orderitem",
    "pk": 228
  },
  {
    "fields": {
      "item_number": 0,
      "item": 6,
      "quantity": "1.00",
      "polymorphic_ctype": 27
    },
    "model": "eums.orderitem",
    "pk": 229
  },
  {
    "fields": {
      "item_number": 0,
      "item": 155,
      "quantity": "5.00",
      "polymorphic_ctype": 27
    },
    "model": "eums.orderitem",
    "pk": 230
  },
  {
    "fields": {
      "item_number": 0,
      "item": 156,
      "quantity": "5.00",
      "polymorphic_ctype": 27
    },
    "model": "eums.orderitem",
    "pk": 231
  },
  {
    "fields": {
      "item_number": 0,
      "item": 20,
      "quantity": "1458.00",
      "polymorphic_ctype": 27
    },
    "model": "eums.orderitem",
    "pk": 232
  },
  {
    "fields": {
      "item_number": 0,
      "item": 2,
      "quantity": "780.00",
      "polymorphic_ctype": 27
    },
    "model": "eums.orderitem",
    "pk": 233
  },
  {
    "fields": {
      "item_number": 0,
      "item": 6,
      "quantity": "1.00",
      "polymorphic_ctype": 27
    },
    "model": "eums.orderitem",
    "pk": 234
  },
  {
    "fields": {
      "item_number": 0,
      "item": 157,
      "quantity": "2770.00",
      "polymorphic_ctype": 27
    },
    "model": "eums.orderitem",
    "pk": 235
  },
  {
    "fields": {
      "item_number": 0,
      "item": 158,
      "quantity": "122.00",
      "polymorphic_ctype": 27
    },
    "model": "eums.orderitem",
    "pk": 236
  },
  {
    "fields": {
      "item_number": 0,
      "item": 159,
      "quantity": "122.00",
      "polymorphic_ctype": 27
    },
    "model": "eums.orderitem",
    "pk": 237
  },
  {
    "fields": {
      "item_number": 0,
      "item": 160,
      "quantity": "2770.00",
      "polymorphic_ctype": 27
    },
    "model": "eums.orderitem",
    "pk": 238
  },
  {
    "fields": {
      "item_number": 0,
      "item": 161,
      "quantity": "7.00",
      "polymorphic_ctype": 27
    },
    "model": "eums.orderitem",
    "pk": 239
  },
  {
    "fields": {
      "item_number": 0,
      "item": 162,
      "quantity": "7.00",
      "polymorphic_ctype": 27
    },
    "model": "eums.orderitem",
    "pk": 240
  },
  {
    "fields": {
      "item_number": 0,
      "item": 87,
      "quantity": "7.00",
      "polymorphic_ctype": 27
    },
    "model": "eums.orderitem",
    "pk": 241
  },
  {
    "fields": {
      "item_number": 0,
      "item": 6,
      "quantity": "1.00",
      "polymorphic_ctype": 27
    },
    "model": "eums.orderitem",
    "pk": 242
  },
  {
    "fields": {
      "item_number": 0,
      "item": 163,
      "quantity": "4.00",
      "polymorphic_ctype": 27
    },
    "model": "eums.orderitem",
    "pk": 243
  },
  {
    "fields": {
      "item_number": 0,
      "item": 18,
      "quantity": "4.00",
      "polymorphic_ctype": 27
    },
    "model": "eums.orderitem",
    "pk": 244
  },
  {
    "fields": {
      "item_number": 0,
      "item": 143,
      "quantity": "5000.00",
      "polymorphic_ctype": 27
    },
    "model": "eums.orderitem",
    "pk": 245
  },
  {
    "fields": {
      "item_number": 0,
      "item": 164,
      "quantity": "12000.00",
      "polymorphic_ctype": 27
    },
    "model": "eums.orderitem",
    "pk": 246
  },
  {
    "fields": {
      "item_number": 0,
      "item": 165,
      "quantity": "886.00",
      "polymorphic_ctype": 27
    },
    "model": "eums.orderitem",
    "pk": 247
  },
  {
    "fields": {
      "item_number": 0,
      "item": 166,
      "quantity": "30.00",
      "polymorphic_ctype": 27
    },
    "model": "eums.orderitem",
    "pk": 248
  },
  {
    "fields": {
      "item_number": 0,
      "item": 167,
      "quantity": "10.00",
      "polymorphic_ctype": 27
    },
    "model": "eums.orderitem",
    "pk": 249
  },
  {
    "fields": {
      "item_number": 0,
      "item": 168,
      "quantity": "10000.00",
      "polymorphic_ctype": 27
    },
    "model": "eums.orderitem",
    "pk": 250
  },
  {
    "fields": {
      "item_number": 0,
      "item": 169,
      "quantity": "5000.00",
      "polymorphic_ctype": 27
    },
    "model": "eums.orderitem",
    "pk": 251
  },
  {
    "fields": {
      "item_number": 0,
      "item": 170,
      "quantity": "125.00",
      "polymorphic_ctype": 27
    },
    "model": "eums.orderitem",
    "pk": 252
  },
  {
    "fields": {
      "item_number": 0,
      "item": 171,
      "quantity": "5.00",
      "polymorphic_ctype": 27
    },
    "model": "eums.orderitem",
    "pk": 253
  },
  {
    "fields": {
      "item_number": 0,
      "item": 172,
      "quantity": "9.00",
      "polymorphic_ctype": 27
    },
    "model": "eums.orderitem",
    "pk": 254
  },
  {
    "fields": {
      "item_number": 0,
      "item": 63,
      "quantity": "9.00",
      "polymorphic_ctype": 27
    },
    "model": "eums.orderitem",
    "pk": 255
  },
  {
    "fields": {
      "item_number": 0,
      "item": 110,
      "quantity": "6.00",
      "polymorphic_ctype": 27
    },
    "model": "eums.orderitem",
    "pk": 256
  },
  {
    "fields": {
      "item_number": 0,
      "item": 173,
      "quantity": "4.00",
      "polymorphic_ctype": 27
    },
    "model": "eums.orderitem",
    "pk": 257
  },
  {
    "fields": {
      "item_number": 0,
      "item": 174,
      "quantity": "4.00",
      "polymorphic_ctype": 27
    },
    "model": "eums.orderitem",
    "pk": 258
  },
  {
    "fields": {
      "item_number": 0,
      "item": 15,
      "quantity": "6.00",
      "polymorphic_ctype": 27
    },
    "model": "eums.orderitem",
    "pk": 259
  },
  {
    "fields": {
      "item_number": 0,
      "item": 175,
      "quantity": "10.00",
      "polymorphic_ctype": 27
    },
    "model": "eums.orderitem",
    "pk": 260
  },
  {
    "fields": {
      "item_number": 0,
      "item": 6,
      "quantity": "1.00",
      "polymorphic_ctype": 27
    },
    "model": "eums.orderitem",
    "pk": 261
  },
  {
    "fields": {
      "item_number": 0,
      "item": 176,
      "quantity": "50.00",
      "polymorphic_ctype": 27
    },
    "model": "eums.orderitem",
    "pk": 262
  },
  {
    "fields": {
      "item_number": 0,
      "item": 177,
      "quantity": "10.00",
      "polymorphic_ctype": 27
    },
    "model": "eums.orderitem",
    "pk": 263
  },
  {
    "fields": {
      "item_number": 0,
      "item": 148,
      "quantity": "16.00",
      "polymorphic_ctype": 27
    },
    "model": "eums.orderitem",
    "pk": 264
  },
  {
    "fields": {
      "item_number": 0,
      "item": 178,
      "quantity": "52.00",
      "polymorphic_ctype": 27
    },
    "model": "eums.orderitem",
    "pk": 265
  },
  {
    "fields": {
      "item_number": 0,
      "item": 109,
      "quantity": "2.00",
      "polymorphic_ctype": 27
    },
    "model": "eums.orderitem",
    "pk": 266
  },
  {
    "fields": {
      "item_number": 0,
      "item": 13,
      "quantity": "8.00",
      "polymorphic_ctype": 27
    },
    "model": "eums.orderitem",
    "pk": 267
  },
  {
    "fields": {
      "item_number": 0,
      "item": 179,
      "quantity": "47.00",
      "polymorphic_ctype": 27
    },
    "model": "eums.orderitem",
    "pk": 268
  },
  {
    "fields": {
      "item_number": 0,
      "item": 180,
      "quantity": "3.00",
      "polymorphic_ctype": 27
    },
    "model": "eums.orderitem",
    "pk": 269
  },
  {
    "fields": {
      "item_number": 0,
      "item": 181,
      "quantity": "15.00",
      "polymorphic_ctype": 27
    },
    "model": "eums.orderitem",
    "pk": 270
  },
  {
    "fields": {
      "item_number": 0,
      "item": 182,
      "quantity": "8.00",
      "polymorphic_ctype": 27
    },
    "model": "eums.orderitem",
    "pk": 271
  },
  {
    "fields": {
      "item_number": 0,
      "item": 6,
      "quantity": "1.00",
      "polymorphic_ctype": 27
    },
    "model": "eums.orderitem",
    "pk": 272
  },
  {
    "fields": {
      "item_number": 0,
      "item": 183,
      "quantity": "300.00",
      "polymorphic_ctype": 27
    },
    "model": "eums.orderitem",
    "pk": 273
  },
  {
    "fields": {
      "item_number": 0,
      "item": 61,
      "quantity": "9.00",
      "polymorphic_ctype": 27
    },
    "model": "eums.orderitem",
    "pk": 274
  },
  {
    "fields": {
      "item_number": 0,
      "item": 62,
      "quantity": "10.00",
      "polymorphic_ctype": 27
    },
    "model": "eums.orderitem",
    "pk": 275
  },
  {
    "fields": {
      "item_number": 0,
      "item": 6,
      "quantity": "1.00",
      "polymorphic_ctype": 27
    },
    "model": "eums.orderitem",
    "pk": 276
  },
  {
    "fields": {
      "item_number": 0,
      "item": 184,
      "quantity": "50000.00",
      "polymorphic_ctype": 27
    },
    "model": "eums.orderitem",
    "pk": 277
  },
  {
    "fields": {
      "item_number": 0,
      "item": 85,
      "quantity": "5.00",
      "polymorphic_ctype": 27
    },
    "model": "eums.orderitem",
    "pk": 278
  },
  {
    "fields": {
      "item_number": 0,
      "item": 185,
      "quantity": "5.00",
      "polymorphic_ctype": 27
    },
    "model": "eums.orderitem",
    "pk": 279
  },
  {
    "fields": {
      "item_number": 0,
      "item": 186,
      "quantity": "6900.00",
      "polymorphic_ctype": 27
    },
    "model": "eums.orderitem",
    "pk": 280
  },
  {
    "fields": {
      "item_number": 0,
      "item": 180,
      "quantity": "100.00",
      "polymorphic_ctype": 27
    },
    "model": "eums.orderitem",
    "pk": 281
  },
  {
    "fields": {
      "item_number": 0,
      "item": 187,
      "quantity": "60.00",
      "polymorphic_ctype": 27
    },
    "model": "eums.orderitem",
    "pk": 282
  },
  {
    "fields": {
      "item_number": 0,
      "item": 58,
      "quantity": "30.00",
      "polymorphic_ctype": 27
    },
    "model": "eums.orderitem",
    "pk": 283
  },
  {
    "fields": {
      "item_number": 0,
      "item": 2,
      "quantity": "15.00",
      "polymorphic_ctype": 27
    },
    "model": "eums.orderitem",
    "pk": 284
  },
  {
    "fields": {
      "item_number": 0,
      "item": 188,
      "quantity": "73.00",
      "polymorphic_ctype": 27
    },
    "model": "eums.orderitem",
    "pk": 285
  },
  {
    "fields": {
      "item_number": 0,
      "item": 1,
      "quantity": "27.00",
      "polymorphic_ctype": 27
    },
    "model": "eums.orderitem",
    "pk": 286
  },
  {
    "fields": {
      "item_number": 0,
      "item": 59,
      "quantity": "10.00",
      "polymorphic_ctype": 27
    },
    "model": "eums.orderitem",
    "pk": 287
  },
  {
    "fields": {
      "item_number": 0,
      "item": 3,
      "quantity": "10.00",
      "polymorphic_ctype": 27
    },
    "model": "eums.orderitem",
    "pk": 288
  },
  {
    "fields": {
      "item_number": 0,
      "item": 61,
      "quantity": "10.00",
      "polymorphic_ctype": 27
    },
    "model": "eums.orderitem",
    "pk": 289
  },
  {
    "fields": {
      "item_number": 0,
      "item": 4,
      "quantity": "30.00",
      "polymorphic_ctype": 27
    },
    "model": "eums.orderitem",
    "pk": 290
  },
  {
    "fields": {
      "item_number": 0,
      "item": 189,
      "quantity": "8.00",
      "polymorphic_ctype": 27
    },
    "model": "eums.orderitem",
    "pk": 291
  },
  {
    "fields": {
      "item_number": 0,
      "item": 62,
      "quantity": "20.00",
      "polymorphic_ctype": 27
    },
    "model": "eums.orderitem",
    "pk": 292
  },
  {
    "fields": {
      "item_number": 0,
      "item": 6,
      "quantity": "1.00",
      "polymorphic_ctype": 27
    },
    "model": "eums.orderitem",
    "pk": 293
  },
  {
    "fields": {
      "item_number": 0,
      "item": 7,
      "quantity": "45000.00",
      "polymorphic_ctype": 27
    },
    "model": "eums.orderitem",
    "pk": 294
  },
  {
    "fields": {
      "item_number": 0,
      "item": 190,
      "quantity": "4500.00",
      "polymorphic_ctype": 27
    },
    "model": "eums.orderitem",
    "pk": 295
  },
  {
    "fields": {
      "item_number": 0,
      "item": 191,
      "quantity": "450.00",
      "polymorphic_ctype": 27
    },
    "model": "eums.orderitem",
    "pk": 296
  },
  {
    "fields": {
      "item_number": 0,
      "item": 8,
      "quantity": "1.00",
      "polymorphic_ctype": 27
    },
    "model": "eums.orderitem",
    "pk": 297
  },
  {
    "fields": {
      "item_number": 0,
      "item": 2,
      "quantity": "197.00",
      "polymorphic_ctype": 27
    },
    "model": "eums.orderitem",
    "pk": 298
  },
  {
    "fields": {
      "item_number": 0,
      "item": 6,
      "quantity": "1.00",
      "polymorphic_ctype": 27
    },
    "model": "eums.orderitem",
    "pk": 299
  },
  {
    "fields": {
      "item_number": 0,
      "item": 192,
      "quantity": "5400.00",
      "polymorphic_ctype": 27
    },
    "model": "eums.orderitem",
    "pk": 300
  },
  {
    "fields": {
      "item_number": 0,
      "item": 193,
      "quantity": "1800.00",
      "polymorphic_ctype": 27
    },
    "model": "eums.orderitem",
    "pk": 301
  },
  {
    "fields": {
      "item_number": 0,
      "item": 194,
      "quantity": "800.00",
      "polymorphic_ctype": 27
    },
    "model": "eums.orderitem",
    "pk": 302
  },
  {
    "fields": {
      "item_number": 0,
      "item": 195,
      "quantity": "800.00",
      "polymorphic_ctype": 27
    },
    "model": "eums.orderitem",
    "pk": 303
  },
  {
    "fields": {
      "item_number": 0,
      "item": 196,
      "quantity": "2.00",
      "polymorphic_ctype": 27
    },
    "model": "eums.orderitem",
    "pk": 304
  },
  {
    "fields": {
      "item_number": 0,
      "item": 197,
      "quantity": "5000.00",
      "polymorphic_ctype": 27
    },
    "model": "eums.orderitem",
    "pk": 305
  },
  {
    "fields": {
      "item_number": 0,
      "item": 198,
      "quantity": "5000.00",
      "polymorphic_ctype": 27
    },
    "model": "eums.orderitem",
    "pk": 306
  },
  {
    "fields": {
      "item_number": 0,
      "item": 199,
      "quantity": "5000.00",
      "polymorphic_ctype": 27
    },
    "model": "eums.orderitem",
    "pk": 307
  },
  {
    "fields": {
      "item_number": 0,
      "item": 200,
      "quantity": "500.00",
      "polymorphic_ctype": 27
    },
    "model": "eums.orderitem",
    "pk": 308
  },
  {
    "fields": {
      "item_number": 0,
      "item": 201,
      "quantity": "500.00",
      "polymorphic_ctype": 27
    },
    "model": "eums.orderitem",
    "pk": 309
  },
  {
    "fields": {
      "item_number": 0,
      "item": 202,
      "quantity": "1000.00",
      "polymorphic_ctype": 27
    },
    "model": "eums.orderitem",
    "pk": 310
  },
  {
    "fields": {
      "item_number": 0,
      "item": 203,
      "quantity": "1000.00",
      "polymorphic_ctype": 27
    },
    "model": "eums.orderitem",
    "pk": 311
  },
  {
    "fields": {
      "item_number": 0,
      "item": 204,
      "quantity": "100.00",
      "polymorphic_ctype": 27
    },
    "model": "eums.orderitem",
    "pk": 312
  },
  {
    "fields": {
      "item_number": 0,
      "item": 205,
      "quantity": "13384.00",
      "polymorphic_ctype": 27
    },
    "model": "eums.orderitem",
    "pk": 313
  },
  {
    "fields": {
      "item_number": 0,
      "item": 206,
      "quantity": "30892.00",
      "polymorphic_ctype": 27
    },
    "model": "eums.orderitem",
    "pk": 314
  },
  {
    "fields": {
      "item_number": 0,
      "item": 207,
      "quantity": "13908.00",
      "polymorphic_ctype": 27
    },
    "model": "eums.orderitem",
    "pk": 315
  },
  {
    "fields": {
      "item_number": 0,
      "item": 208,
      "quantity": "8208.00",
      "polymorphic_ctype": 27
    },
    "model": "eums.orderitem",
    "pk": 316
  },
  {
    "fields": {
      "item_number": 0,
      "item": 209,
      "quantity": "12396.00",
      "polymorphic_ctype": 27
    },
    "model": "eums.orderitem",
    "pk": 317
  },
  {
    "fields": {
      "item_number": 0,
      "item": 210,
      "quantity": "300.00",
      "polymorphic_ctype": 27
    },
    "model": "eums.orderitem",
    "pk": 318
  },
  {
    "fields": {
      "item_number": 0,
      "item": 211,
      "quantity": "1856.00",
      "polymorphic_ctype": 27
    },
    "model": "eums.orderitem",
    "pk": 319
  },
  {
    "fields": {
      "item_number": 0,
      "item": 212,
      "quantity": "15204.00",
      "polymorphic_ctype": 27
    },
    "model": "eums.orderitem",
    "pk": 320
  },
  {
    "fields": {
      "item_number": 0,
      "item": 213,
      "quantity": "26.00",
      "polymorphic_ctype": 27
    },
    "model": "eums.orderitem",
    "pk": 321
  },
  {
    "fields": {
      "item_number": 0,
      "item": 8,
      "quantity": "420.00",
      "polymorphic_ctype": 27
    },
    "model": "eums.orderitem",
    "pk": 322
  },
  {
    "fields": {
      "item_number": 0,
      "item": 214,
      "quantity": "2176.00",
      "polymorphic_ctype": 27
    },
    "model": "eums.orderitem",
    "pk": 323
  },
  {
    "fields": {
      "item_number": 0,
      "item": 6,
      "quantity": "1.00",
      "polymorphic_ctype": 27
    },
    "model": "eums.orderitem",
    "pk": 324
  },
  {
    "fields": {
      "item_number": 0,
      "item": 215,
      "quantity": "2679.00",
      "polymorphic_ctype": 27
    },
    "model": "eums.orderitem",
    "pk": 325
  },
  {
    "fields": {
      "item_number": 0,
      "item": 216,
      "quantity": "2679.00",
      "polymorphic_ctype": 27
    },
    "model": "eums.orderitem",
    "pk": 326
  },
  {
    "fields": {
      "item_number": 0,
      "item": 217,
      "quantity": "10716.00",
      "polymorphic_ctype": 27
    },
    "model": "eums.orderitem",
    "pk": 327
  },
  {
    "fields": {
      "item_number": 0,
      "item": 218,
      "quantity": "10716.00",
      "polymorphic_ctype": 27
    },
    "model": "eums.orderitem",
    "pk": 328
  },
  {
    "fields": {
      "item_number": 0,
      "item": 219,
      "quantity": "893.00",
      "polymorphic_ctype": 27
    },
    "model": "eums.orderitem",
    "pk": 329
  },
  {
    "fields": {
      "item_number": 0,
      "item": 220,
      "quantity": "893.00",
      "polymorphic_ctype": 27
    },
    "model": "eums.orderitem",
    "pk": 330
  },
  {
    "fields": {
      "item_number": 0,
      "item": 221,
      "quantity": "10716.00",
      "polymorphic_ctype": 27
    },
    "model": "eums.orderitem",
    "pk": 331
  },
  {
    "fields": {
      "item_number": 0,
      "item": 222,
      "quantity": "893.00",
      "polymorphic_ctype": 27
    },
    "model": "eums.orderitem",
    "pk": 332
  },
  {
    "fields": {
      "item_number": 0,
      "item": 223,
      "quantity": "1786.00",
      "polymorphic_ctype": 27
    },
    "model": "eums.orderitem",
    "pk": 333
  },
  {
    "fields": {
      "item_number": 0,
      "item": 224,
      "quantity": "200.00",
      "polymorphic_ctype": 27
    },
    "model": "eums.orderitem",
    "pk": 334
  },
  {
    "fields": {
      "item_number": 0,
      "item": 225,
      "quantity": "60.00",
      "polymorphic_ctype": 27
    },
    "model": "eums.orderitem",
    "pk": 335
  },
  {
    "fields": {
      "item_number": 0,
      "item": 226,
      "quantity": "6000.00",
      "polymorphic_ctype": 27
    },
    "model": "eums.orderitem",
    "pk": 336
  },
  {
    "fields": {
      "item_number": 0,
      "item": 227,
      "quantity": "6000.00",
      "polymorphic_ctype": 27
    },
    "model": "eums.orderitem",
    "pk": 337
  },
  {
    "fields": {
      "item_number": 0,
      "item": 228,
      "quantity": "6000.00",
      "polymorphic_ctype": 27
    },
    "model": "eums.orderitem",
    "pk": 338
  },
  {
    "fields": {
      "item_number": 0,
      "item": 229,
      "quantity": "6000.00",
      "polymorphic_ctype": 27
    },
    "model": "eums.orderitem",
    "pk": 339
  },
  {
    "fields": {
      "item_number": 0,
      "item": 230,
      "quantity": "6000.00",
      "polymorphic_ctype": 27
    },
    "model": "eums.orderitem",
    "pk": 340
  },
  {
    "fields": {
      "item_number": 0,
      "item": 231,
      "quantity": "6000.00",
      "polymorphic_ctype": 27
    },
    "model": "eums.orderitem",
    "pk": 341
  },
  {
    "fields": {
      "item_number": 0,
      "item": 232,
      "quantity": "2000.00",
      "polymorphic_ctype": 27
    },
    "model": "eums.orderitem",
    "pk": 342
  },
  {
    "fields": {
      "item_number": 0,
      "item": 233,
      "quantity": "4000.00",
      "polymorphic_ctype": 27
    },
    "model": "eums.orderitem",
    "pk": 343
  },
  {
    "fields": {
      "item_number": 0,
      "item": 234,
      "quantity": "1.00",
      "polymorphic_ctype": 27
    },
    "model": "eums.orderitem",
    "pk": 344
  },
  {
    "fields": {
      "item_number": 0,
      "item": 235,
      "quantity": "30.00",
      "polymorphic_ctype": 27
    },
    "model": "eums.orderitem",
    "pk": 345
  },
  {
    "fields": {
      "item_number": 0,
      "item": 2,
      "quantity": "30.00",
      "polymorphic_ctype": 27
    },
    "model": "eums.orderitem",
    "pk": 346
  },
  {
    "fields": {
      "item_number": 0,
      "item": 1,
      "quantity": "30.00",
      "polymorphic_ctype": 27
    },
    "model": "eums.orderitem",
    "pk": 347
  },
  {
    "fields": {
      "item_number": 0,
      "item": 165,
      "quantity": "200.00",
      "polymorphic_ctype": 27
    },
    "model": "eums.orderitem",
    "pk": 348
  },
  {
    "fields": {
      "item_number": 0,
      "item": 87,
      "quantity": "30.00",
      "polymorphic_ctype": 27
    },
    "model": "eums.orderitem",
    "pk": 349
  },
  {
    "fields": {
      "item_number": 0,
      "item": 6,
      "quantity": "1.00",
      "polymorphic_ctype": 27
    },
    "model": "eums.orderitem",
    "pk": 350
  },
  {
    "fields": {
      "item_number": 0,
      "item": 236,
      "quantity": "60.00",
      "polymorphic_ctype": 27
    },
    "model": "eums.orderitem",
    "pk": 351
  },
  {
    "fields": {
      "item_number": 0,
      "item": 237,
      "quantity": "60.00",
      "polymorphic_ctype": 27
    },
    "model": "eums.orderitem",
    "pk": 352
  },
  {
    "fields": {
      "item_number": 0,
      "item": 238,
      "quantity": "44.00",
      "polymorphic_ctype": 27
    },
    "model": "eums.orderitem",
    "pk": 353
  },
  {
    "fields": {
      "item_number": 0,
      "item": 6,
      "quantity": "1.00",
      "polymorphic_ctype": 27
    },
    "model": "eums.orderitem",
    "pk": 354
  },
  {
    "fields": {
      "item_number": 0,
      "item": 239,
      "quantity": "2000.00",
      "polymorphic_ctype": 27
    },
    "model": "eums.orderitem",
    "pk": 355
  },
  {
    "fields": {
      "item_number": 0,
      "item": 240,
      "quantity": "3000.00",
      "polymorphic_ctype": 27
    },
    "model": "eums.orderitem",
    "pk": 356
  },
  {
    "fields": {
      "item_number": 0,
      "item": 68,
      "quantity": "17613.00",
      "polymorphic_ctype": 27
    },
    "model": "eums.orderitem",
    "pk": 357
  },
  {
    "fields": {
      "item_number": 0,
      "item": 70,
      "quantity": "979.00",
      "polymorphic_ctype": 27
    },
    "model": "eums.orderitem",
    "pk": 358
  },
  {
    "fields": {
      "item_number": 0,
      "item": 241,
      "quantity": "979.00",
      "polymorphic_ctype": 27
    },
    "model": "eums.orderitem",
    "pk": 359
  },
  {
    "fields": {
      "item_number": 0,
      "item": 72,
      "quantity": "88.00",
      "polymorphic_ctype": 27
    },
    "model": "eums.orderitem",
    "pk": 360
  },
  {
    "fields": {
      "item_number": 0,
      "item": 6,
      "quantity": "1.00",
      "polymorphic_ctype": 27
    },
    "model": "eums.orderitem",
    "pk": 361
  },
  {
    "fields": {
      "item_number": 0,
      "item": 68,
      "quantity": "39266.00",
      "polymorphic_ctype": 27
    },
    "model": "eums.orderitem",
    "pk": 362
  },
  {
    "fields": {
      "item_number": 0,
      "item": 70,
      "quantity": "2188.00",
      "polymorphic_ctype": 27
    },
    "model": "eums.orderitem",
    "pk": 363
  },
  {
    "fields": {
      "item_number": 0,
      "item": 241,
      "quantity": "2188.00",
      "polymorphic_ctype": 27
    },
    "model": "eums.orderitem",
    "pk": 364
  },
  {
    "fields": {
      "item_number": 0,
      "item": 72,
      "quantity": "197.00",
      "polymorphic_ctype": 27
    },
    "model": "eums.orderitem",
    "pk": 365
  },
  {
    "fields": {
      "item_number": 0,
      "item": 6,
      "quantity": "1.00",
      "polymorphic_ctype": 27
    },
    "model": "eums.orderitem",
    "pk": 366
  },
  {
    "fields": {
      "item_number": 0,
      "item": 68,
      "quantity": "70022.00",
      "polymorphic_ctype": 27
    },
    "model": "eums.orderitem",
    "pk": 367
  },
  {
    "fields": {
      "item_number": 0,
      "item": 70,
      "quantity": "2789.00",
      "polymorphic_ctype": 27
    },
    "model": "eums.orderitem",
    "pk": 368
  },
  {
    "fields": {
      "item_number": 0,
      "item": 241,
      "quantity": "2789.00",
      "polymorphic_ctype": 27
    },
    "model": "eums.orderitem",
    "pk": 369
  },
  {
    "fields": {
      "item_number": 0,
      "item": 72,
      "quantity": "84.00",
      "polymorphic_ctype": 27
    },
    "model": "eums.orderitem",
    "pk": 370
  },
  {
    "fields": {
      "item_number": 0,
      "item": 6,
      "quantity": "1.00",
      "polymorphic_ctype": 27
    },
    "model": "eums.orderitem",
    "pk": 371
  },
  {
    "fields": {
      "item_number": 0,
      "item": 168,
      "quantity": "20000.00",
      "polymorphic_ctype": 27
    },
    "model": "eums.orderitem",
    "pk": 372
  },
  {
    "fields": {
      "item_number": 0,
      "item": 242,
      "quantity": "25.00",
      "polymorphic_ctype": 27
    },
    "model": "eums.orderitem",
    "pk": 373
  },
  {
    "fields": {
      "item_number": 0,
      "item": 46,
      "quantity": "1000.00",
      "polymorphic_ctype": 27
    },
    "model": "eums.orderitem",
    "pk": 374
  },
  {
    "fields": {
      "item_number": 0,
      "item": 243,
      "quantity": "500.00",
      "polymorphic_ctype": 27
    },
    "model": "eums.orderitem",
    "pk": 375
  },
  {
    "fields": {
      "item_number": 0,
      "item": 244,
      "quantity": "10.00",
      "polymorphic_ctype": 27
    },
    "model": "eums.orderitem",
    "pk": 376
  },
  {
    "fields": {
      "item_number": 0,
      "item": 245,
      "quantity": "250.00",
      "polymorphic_ctype": 27
    },
    "model": "eums.orderitem",
    "pk": 377
  },
  {
    "fields": {
      "item_number": 0,
      "item": 246,
      "quantity": "100.00",
      "polymorphic_ctype": 27
    },
    "model": "eums.orderitem",
    "pk": 378
  },
  {
    "fields": {
      "item_number": 0,
      "item": 247,
      "quantity": "2.00",
      "polymorphic_ctype": 27
    },
    "model": "eums.orderitem",
    "pk": 379
  },
  {
    "fields": {
      "item_number": 0,
      "item": 6,
      "quantity": "1.00",
      "polymorphic_ctype": 27
    },
    "model": "eums.orderitem",
    "pk": 380
  },
  {
    "fields": {
      "item_number": 0,
      "item": 248,
      "quantity": "10000.00",
      "polymorphic_ctype": 27
    },
    "model": "eums.orderitem",
    "pk": 381
  },
  {
    "fields": {
      "item_number": 0,
      "item": 249,
      "quantity": "1000.00",
      "polymorphic_ctype": 27
    },
    "model": "eums.orderitem",
    "pk": 382
  },
  {
    "fields": {
      "item_number": 0,
      "item": 20,
      "quantity": "10000.00",
      "polymorphic_ctype": 27
    },
    "model": "eums.orderitem",
    "pk": 383
  },
  {
    "fields": {
      "item_number": 0,
      "item": 21,
      "quantity": "500.00",
      "polymorphic_ctype": 27
    },
    "model": "eums.orderitem",
    "pk": 384
  },
  {
    "fields": {
      "item_number": 0,
      "item": 22,
      "quantity": "500.00",
      "polymorphic_ctype": 27
    },
    "model": "eums.orderitem",
    "pk": 385
  },
  {
    "fields": {
      "item_number": 0,
      "item": 102,
      "quantity": "50.00",
      "polymorphic_ctype": 27
    },
    "model": "eums.orderitem",
    "pk": 386
  },
  {
    "fields": {
      "item_number": 0,
      "item": 173,
      "quantity": "300.00",
      "polymorphic_ctype": 27
    },
    "model": "eums.orderitem",
    "pk": 387
  },
  {
    "fields": {
      "item_number": 0,
      "item": 23,
      "quantity": "200.00",
      "polymorphic_ctype": 27
    },
    "model": "eums.orderitem",
    "pk": 388
  },
  {
    "fields": {
      "item_number": 0,
      "item": 250,
      "quantity": "50.00",
      "polymorphic_ctype": 27
    },
    "model": "eums.orderitem",
    "pk": 389
  },
  {
    "fields": {
      "item_number": 0,
      "item": 251,
      "quantity": "10.00",
      "polymorphic_ctype": 27
    },
    "model": "eums.orderitem",
    "pk": 390
  },
  {
    "fields": {
      "item_number": 0,
      "item": 252,
      "quantity": "1.00",
      "polymorphic_ctype": 27
    },
    "model": "eums.orderitem",
    "pk": 391
  },
  {
    "fields": {
      "item_number": 0,
      "item": 253,
      "quantity": "10.00",
      "polymorphic_ctype": 27
    },
    "model": "eums.orderitem",
    "pk": 392
  },
  {
    "fields": {
      "item_number": 0,
      "item": 254,
      "quantity": "10.00",
      "polymorphic_ctype": 27
    },
    "model": "eums.orderitem",
    "pk": 393
  },
  {
    "fields": {
      "item_number": 0,
      "item": 255,
      "quantity": "4.00",
      "polymorphic_ctype": 27
    },
    "model": "eums.orderitem",
    "pk": 394
  },
  {
    "fields": {
      "item_number": 0,
      "item": 256,
      "quantity": "4.00",
      "polymorphic_ctype": 27
    },
    "model": "eums.orderitem",
    "pk": 395
  },
  {
    "fields": {
      "item_number": 0,
      "item": 257,
      "quantity": "10.00",
      "polymorphic_ctype": 27
    },
    "model": "eums.orderitem",
    "pk": 396
  },
  {
    "fields": {
      "item_number": 0,
      "item": 258,
      "quantity": "3.00",
      "polymorphic_ctype": 27
    },
    "model": "eums.orderitem",
    "pk": 397
  },
  {
    "fields": {
      "item_number": 0,
      "item": 7,
      "quantity": "10000.00",
      "polymorphic_ctype": 27
    },
    "model": "eums.orderitem",
    "pk": 398
  },
  {
    "fields": {
      "item_number": 0,
      "item": 259,
      "quantity": "5000.00",
      "polymorphic_ctype": 27
    },
    "model": "eums.orderitem",
    "pk": 399
  },
  {
    "fields": {
      "item_number": 0,
      "item": 252,
      "quantity": "1.00",
      "polymorphic_ctype": 27
    },
    "model": "eums.orderitem",
    "pk": 400
  },
  {
    "fields": {
      "item_number": 0,
      "item": 260,
      "quantity": "2630.00",
      "polymorphic_ctype": 27
    },
    "model": "eums.orderitem",
    "pk": 401
  },
  {
    "fields": {
      "item_number": 0,
      "item": 261,
      "quantity": "23677.00",
      "polymorphic_ctype": 27
    },
    "model": "eums.orderitem",
    "pk": 402
  },
  {
    "fields": {
      "item_number": 0,
      "item": 6,
      "quantity": "1.00",
      "polymorphic_ctype": 27
    },
    "model": "eums.orderitem",
    "pk": 403
  },
  {
    "fields": {
      "item_number": 0,
      "item": 262,
      "quantity": "50.00",
      "polymorphic_ctype": 27
    },
    "model": "eums.orderitem",
    "pk": 404
  },
  {
    "fields": {
      "item_number": 0,
      "item": 263,
      "quantity": "2.00",
      "polymorphic_ctype": 27
    },
    "model": "eums.orderitem",
    "pk": 405
  },
  {
    "fields": {
      "item_number": 0,
      "item": 264,
      "quantity": "14.00",
      "polymorphic_ctype": 27
    },
    "model": "eums.orderitem",
    "pk": 406
  },
  {
    "fields": {
      "item_number": 0,
      "item": 265,
      "quantity": "1.00",
      "polymorphic_ctype": 27
    },
    "model": "eums.orderitem",
    "pk": 407
  },
  {
    "fields": {
      "item_number": 0,
      "item": 266,
      "quantity": "1.00",
      "polymorphic_ctype": 27
    },
    "model": "eums.orderitem",
    "pk": 408
  },
  {
    "fields": {
      "item_number": 0,
      "item": 267,
      "quantity": "1.00",
      "polymorphic_ctype": 27
    },
    "model": "eums.orderitem",
    "pk": 409
  },
  {
    "fields": {
      "item_number": 0,
      "item": 268,
      "quantity": "12.00",
      "polymorphic_ctype": 27
    },
    "model": "eums.orderitem",
    "pk": 410
  },
  {
    "fields": {
      "item_number": 0,
      "item": 269,
      "quantity": "1.00",
      "polymorphic_ctype": 27
    },
    "model": "eums.orderitem",
    "pk": 411
  },
  {
    "fields": {
      "item_number": 0,
      "item": 270,
      "quantity": "1.00",
      "polymorphic_ctype": 27
    },
    "model": "eums.orderitem",
    "pk": 412
  },
  {
    "fields": {
      "item_number": 0,
      "item": 271,
      "quantity": "1.00",
      "polymorphic_ctype": 27
    },
    "model": "eums.orderitem",
    "pk": 413
  },
  {
    "fields": {
      "item_number": 0,
      "item": 272,
      "quantity": "1.00",
      "polymorphic_ctype": 27
    },
    "model": "eums.orderitem",
    "pk": 414
  },
  {
    "fields": {
      "item_number": 0,
      "item": 273,
      "quantity": "1.00",
      "polymorphic_ctype": 27
    },
    "model": "eums.orderitem",
    "pk": 415
  },
  {
    "fields": {
      "item_number": 0,
      "item": 274,
      "quantity": "1.00",
      "polymorphic_ctype": 27
    },
    "model": "eums.orderitem",
    "pk": 416
  },
  {
    "fields": {
      "item_number": 0,
      "item": 275,
      "quantity": "1.00",
      "polymorphic_ctype": 27
    },
    "model": "eums.orderitem",
    "pk": 417
  },
  {
    "fields": {
      "item_number": 10,
      "item": 180,
      "quantity": "100.00",
      "polymorphic_ctype": 15
    },
    "model": "eums.orderitem",
    "pk": 418
  },
  {
    "fields": {
      "item_number": 50,
      "item": 276,
      "quantity": "500.00",
      "polymorphic_ctype": 15
    },
    "model": "eums.orderitem",
    "pk": 419
  },
  {
    "fields": {
      "item_number": 30,
      "item": 277,
      "quantity": "500.00",
      "polymorphic_ctype": 15
    },
    "model": "eums.orderitem",
    "pk": 420
  },
  {
    "fields": {
      "item_number": 10,
      "item": 278,
      "quantity": "500.00",
      "polymorphic_ctype": 15
    },
    "model": "eums.orderitem",
    "pk": 421
  },
  {
    "fields": {
      "item_number": 20,
      "item": 279,
      "quantity": "500.00",
      "polymorphic_ctype": 15
    },
    "model": "eums.orderitem",
    "pk": 422
  },
  {
    "fields": {
      "item_number": 40,
      "item": 280,
      "quantity": "500.00",
      "polymorphic_ctype": 15
    },
    "model": "eums.orderitem",
    "pk": 423
  },
  {
    "fields": {
      "item_number": 50,
      "item": 276,
      "quantity": "500.00",
      "polymorphic_ctype": 27
    },
    "model": "eums.orderitem",
    "pk": 424
  },
  {
    "fields": {
      "item_number": 30,
      "item": 277,
      "quantity": "500.00",
      "polymorphic_ctype": 27
    },
    "model": "eums.orderitem",
    "pk": 425
  },
  {
    "fields": {
      "item_number": 10,
      "item": 278,
      "quantity": "500.00",
      "polymorphic_ctype": 27
    },
    "model": "eums.orderitem",
    "pk": 426
  },
  {
    "fields": {
      "item_number": 20,
      "item": 279,
      "quantity": "500.00",
      "polymorphic_ctype": 27
    },
    "model": "eums.orderitem",
    "pk": 427
  },
  {
    "fields": {
      "item_number": 40,
      "item": 280,
      "quantity": "500.00",
      "polymorphic_ctype": 27
    },
    "model": "eums.orderitem",
    "pk": 428
  },
  {
    "fields": {
      "item_number": 10,
      "item": 180,
      "quantity": "100.00",
      "polymorphic_ctype": 27
    },
    "model": "eums.orderitem",
    "pk": 429
  },
  {
    "fields": {
      "item_number": 10,
      "item": 174,
      "quantity": "50.00",
      "polymorphic_ctype": 29
    },
    "model": "eums.orderitem",
    "pk": 430
  },
  {
    "fields": {
      "item_number": 10,
      "item": 174,
      "quantity": "1.00",
      "polymorphic_ctype": 29
    },
    "model": "eums.orderitem",
    "pk": 431
  },
  {
    "fields": {
      "item_number": 30,
      "item": 174,
      "quantity": "2.00",
      "polymorphic_ctype": 29
    },
    "model": "eums.orderitem",
    "pk": 432
  },
  {
    "fields": {
      "item_number": 10,
      "item": 174,
      "quantity": "1.00",
      "polymorphic_ctype": 29
    },
    "model": "eums.orderitem",
    "pk": 433
  },
  {
    "fields": {
      "item_number": 10,
      "item": 174,
      "quantity": "7.00",
      "polymorphic_ctype": 29
    },
    "model": "eums.orderitem",
    "pk": 434
  },
  {
    "fields": {
      "item_number": 10,
      "item": 174,
      "quantity": "10.00",
      "polymorphic_ctype": 29
    },
    "model": "eums.orderitem",
    "pk": 435
  },
  {
    "fields": {
      "issue_date": "2014-10-13",
      "description": "Leaflet \u2013 A5 or A4 with 3 fold \u2013 Full",
      "sales_order": 1,
      "net_price": "500.0000",
      "net_value": "0.0500",
      "delivery_date": "2014-10-13"
    },
    "model": "eums.salesorderitem",
    "pk": 1
  },
  {
    "fields": {
      "issue_date": "2014-10-13",
      "description": "Fact sheet \u2013 A4 \u2013 Full colour \u2013 double s",
      "sales_order": 1,
      "net_price": "300.0000",
      "net_value": "0.0600",
      "delivery_date": "2014-10-13"
    },
    "model": "eums.salesorderitem",
    "pk": 2
  },
  {
    "fields": {
      "issue_date": "2014-08-27",
      "description": "Safety box f.used syrgs/ndls 5lt/BOX-25",
      "sales_order": 15,
      "net_price": "14.0900",
      "net_value": "5917.8000",
      "delivery_date": "2014-10-22"
    },
    "model": "eums.salesorderitem",
    "pk": 3
  },
  {
    "fields": {
      "issue_date": "2014-09-16",
      "description": "Therapeutic spread,sachet 92g/CAR-150",
      "sales_order": 4,
      "net_price": "51.0629",
      "net_value": "5106.2900",
      "delivery_date": "2014-10-06"
    },
    "model": "eums.salesorderitem",
    "pk": 4
  },
  {
    "fields": {
      "issue_date": "2014-09-08",
      "description": "ReSoMal,42g sachet for 1 litre/CAR-100",
      "sales_order": 4,
      "net_price": "22.4500",
      "net_value": "22.4500",
      "delivery_date": "2014-10-06"
    },
    "model": "eums.salesorderitem",
    "pk": 5
  },
  {
    "fields": {
      "issue_date": "2014-09-08",
      "description": "MUAC,Child 11.5 Red/PAC-50",
      "sales_order": 4,
      "net_price": "29.4000",
      "net_value": "20580.0000",
      "delivery_date": "2014-10-06"
    },
    "model": "eums.salesorderitem",
    "pk": 6
  },
  {
    "fields": {
      "issue_date": "2014-09-22",
      "description": "F-75 therap.diet,sachet, 102.5g/CAR-120",
      "sales_order": 4,
      "net_price": "59.4400",
      "net_value": "6241.2000",
      "delivery_date": "2014-10-06"
    },
    "model": "eums.salesorderitem",
    "pk": 7
  },
  {
    "fields": {
      "issue_date": "2014-08-11",
      "description": "Laptop,Lenovo,ThinkPad T510",
      "sales_order": 2,
      "net_price": "1167.6600",
      "net_value": "1167.6600",
      "delivery_date": "2014-08-25"
    },
    "model": "eums.salesorderitem",
    "pk": 8
  },
  {
    "fields": {
      "issue_date": "2014-08-18",
      "description": "Laptop bag",
      "sales_order": 2,
      "net_price": "26.8100",
      "net_value": "26.8100",
      "delivery_date": "2014-08-25"
    },
    "model": "eums.salesorderitem",
    "pk": 9
  },
  {
    "fields": {
      "issue_date": "2014-08-18",
      "description": "Power Adapter",
      "sales_order": 2,
      "net_price": "11.0000",
      "net_value": "11.0000",
      "delivery_date": "2014-08-25"
    },
    "model": "eums.salesorderitem",
    "pk": 10
  },
  {
    "fields": {
      "issue_date": "2014-09-15",
      "description": "Toner",
      "sales_order": 3,
      "net_price": "67.9691",
      "net_value": "2990.6800",
      "delivery_date": "2014-09-29"
    },
    "model": "eums.salesorderitem",
    "pk": 11
  },
  {
    "fields": {
      "issue_date": "2014-09-15",
      "description": "Printer",
      "sales_order": 3,
      "net_price": "67.9700",
      "net_value": "67.9700",
      "delivery_date": "2014-09-29"
    },
    "model": "eums.salesorderitem",
    "pk": 12
  },
  {
    "fields": {
      "issue_date": "2014-09-01",
      "description": "IEHK2006,kit,suppl.1-drugs",
      "sales_order": 5,
      "net_price": "343.1900",
      "net_value": "10295.7000",
      "delivery_date": "2014-09-15"
    },
    "model": "eums.salesorderitem",
    "pk": 13
  },
  {
    "fields": {
      "issue_date": "2014-09-01",
      "description": "IEHK2006,kit,suppl.1-drugs",
      "sales_order": 5,
      "net_price": "2215.8600",
      "net_value": "15511.0200",
      "delivery_date": "2014-09-29"
    },
    "model": "eums.salesorderitem",
    "pk": 14
  },
  {
    "fields": {
      "issue_date": "2014-10-01",
      "description": "MAMA KITS, CLEAN DELIVERY KITS",
      "sales_order": 6,
      "net_price": "29.8400",
      "net_value": "65648.0000",
      "delivery_date": "2014-10-07"
    },
    "model": "eums.salesorderitem",
    "pk": 15
  },
  {
    "fields": {
      "issue_date": "2014-10-01",
      "description": "IEHK2006,kit,suppl.1-drugs",
      "sales_order": 6,
      "net_price": "2215.8700",
      "net_value": "2215.8700",
      "delivery_date": "2014-10-13"
    },
    "model": "eums.salesorderitem",
    "pk": 16
  },
  {
    "fields": {
      "issue_date": "2014-09-19",
      "description": "Midwifery kit,2-equipment",
      "sales_order": 8,
      "net_price": "4731.0400",
      "net_value": "157.7013",
      "delivery_date": "2014-09-19"
    },
    "model": "eums.salesorderitem",
    "pk": 17
  },
  {
    "fields": {
      "issue_date": "2014-09-19",
      "description": "Midwifery kit,3-renewable",
      "sales_order": 8,
      "net_price": "14184.6100",
      "net_value": "236.4102",
      "delivery_date": "2014-09-19"
    },
    "model": "eums.salesorderitem",
    "pk": 18
  },
  {
    "fields": {
      "issue_date": "2014-09-19",
      "description": "Resuscitation kit,basic",
      "sales_order": 8,
      "net_price": "1459.8600",
      "net_value": "364.9650",
      "delivery_date": "2014-09-19"
    },
    "model": "eums.salesorderitem",
    "pk": 19
  },
  {
    "fields": {
      "issue_date": "2014-09-19",
      "description": "IEHK2011,kit,basic unit",
      "sales_order": 8,
      "net_price": "437.4000",
      "net_value": "437.4000",
      "delivery_date": "2014-09-19"
    },
    "model": "eums.salesorderitem",
    "pk": 20
  },
  {
    "fields": {
      "issue_date": "2014-09-19",
      "description": "IEHK2011,kit,suppl.2-equipment",
      "sales_order": 8,
      "net_price": "1018.4600",
      "net_value": "1018.4600",
      "delivery_date": "2014-09-19"
    },
    "model": "eums.salesorderitem",
    "pk": 21
  },
  {
    "fields": {
      "issue_date": "2014-09-19",
      "description": "Motorcycle,Yamaha DT125",
      "sales_order": 8,
      "net_price": "9237.8800",
      "net_value": "2309.4700",
      "delivery_date": "2014-09-19"
    },
    "model": "eums.salesorderitem",
    "pk": 22
  },
  {
    "fields": {
      "issue_date": "2014-09-19",
      "description": "IEHK2011,kit,suppl.1-medicines",
      "sales_order": 8,
      "net_price": "2443.4500",
      "net_value": "2443.4500",
      "delivery_date": "2014-09-19"
    },
    "model": "eums.salesorderitem",
    "pk": 23
  },
  {
    "fields": {
      "issue_date": "2014-09-19",
      "description": "Freight, Insurance & Inspection",
      "sales_order": 8,
      "net_price": "13000.0000",
      "net_value": "13000.0000",
      "delivery_date": "2014-09-19"
    },
    "model": "eums.salesorderitem",
    "pk": 24
  },
  {
    "fields": {
      "issue_date": "2014-09-18",
      "description": "Therapeutic spread,sachet 92g/CAR-150",
      "sales_order": 9,
      "net_price": "243000.0000",
      "net_value": "54.0000",
      "delivery_date": "2014-09-18"
    },
    "model": "eums.salesorderitem",
    "pk": 25
  },
  {
    "fields": {
      "issue_date": "2014-09-18",
      "description": "F-100 therap. diet, sachet,114g/CAR-90",
      "sales_order": 9,
      "net_price": "21309.0000",
      "net_value": "71.0300",
      "delivery_date": "2014-09-18"
    },
    "model": "eums.salesorderitem",
    "pk": 26
  },
  {
    "fields": {
      "issue_date": "2014-09-18",
      "description": "F-75 therap.diet,sachet, 102.5g/CAR-120",
      "sales_order": 9,
      "net_price": "14762.0000",
      "net_value": "73.8100",
      "delivery_date": "2014-09-18"
    },
    "model": "eums.salesorderitem",
    "pk": 27
  },
  {
    "fields": {
      "issue_date": "2014-09-18",
      "description": "Portable baby/child L-hgt mea.syst/SET-2",
      "sales_order": 9,
      "net_price": "39052.5200",
      "net_value": "195.2626",
      "delivery_date": "2014-09-18"
    },
    "model": "eums.salesorderitem",
    "pk": 28
  },
  {
    "fields": {
      "issue_date": "2014-09-18",
      "description": "Freight, Insurance & Inspection",
      "sales_order": 9,
      "net_price": "80000.0000",
      "net_value": "80000.0000",
      "delivery_date": "2014-09-18"
    },
    "model": "eums.salesorderitem",
    "pk": 29
  },
  {
    "fields": {
      "issue_date": "2014-09-18",
      "description": "Therapeutic spread,sachet 92g/CAR-150",
      "sales_order": 10,
      "net_price": "204336.0000",
      "net_value": "54.0000",
      "delivery_date": "2014-09-18"
    },
    "model": "eums.salesorderitem",
    "pk": 30
  },
  {
    "fields": {
      "issue_date": "2014-09-18",
      "description": "F-100 therap. diet, sachet,114g/CAR-90",
      "sales_order": 10,
      "net_price": "21309.0000",
      "net_value": "71.0300",
      "delivery_date": "2014-09-18"
    },
    "model": "eums.salesorderitem",
    "pk": 31
  },
  {
    "fields": {
      "issue_date": "2014-09-18",
      "description": "F-75 therap.diet,sachet, 102.5g/CAR-120",
      "sales_order": 10,
      "net_price": "7381.0000",
      "net_value": "73.8100",
      "delivery_date": "2014-09-18"
    },
    "model": "eums.salesorderitem",
    "pk": 32
  },
  {
    "fields": {
      "issue_date": "2014-09-18",
      "description": "Portable baby/child L-hgt mea.syst/SET-2",
      "sales_order": 10,
      "net_price": "19526.2600",
      "net_value": "195.2626",
      "delivery_date": "2014-09-18"
    },
    "model": "eums.salesorderitem",
    "pk": 33
  },
  {
    "fields": {
      "issue_date": "2014-09-18",
      "description": "Freight, Insurance & Inspection",
      "sales_order": 10,
      "net_price": "64000.0000",
      "net_value": "64000.0000",
      "delivery_date": "2014-09-18"
    },
    "model": "eums.salesorderitem",
    "pk": 34
  },
  {
    "fields": {
      "issue_date": "2014-09-18",
      "description": "Freight, Insurance & Inspection",
      "sales_order": 11,
      "net_price": "10000.0000",
      "net_value": "10000.0000",
      "delivery_date": "2014-09-18"
    },
    "model": "eums.salesorderitem",
    "pk": 35
  },
  {
    "fields": {
      "issue_date": "2014-09-18",
      "description": "Freight, Insurance & Inspection",
      "sales_order": 12,
      "net_price": "2000.0000",
      "net_value": "2000.0000",
      "delivery_date": "2014-09-18"
    },
    "model": "eums.salesorderitem",
    "pk": 36
  },
  {
    "fields": {
      "issue_date": "2014-09-18",
      "description": "Motorcycle,Yamaha DT125",
      "sales_order": 12,
      "net_price": "11547.3500",
      "net_value": "2309.4700",
      "delivery_date": "2014-09-18"
    },
    "model": "eums.salesorderitem",
    "pk": 37
  },
  {
    "fields": {
      "issue_date": "2014-09-17",
      "description": "Freight, Insurance & Inspection",
      "sales_order": 13,
      "net_price": "980.0000",
      "net_value": "980.0000",
      "delivery_date": "2014-09-17"
    },
    "model": "eums.salesorderitem",
    "pk": 38
  },
  {
    "fields": {
      "issue_date": "2014-09-17",
      "description": "Freight, Insurance & Inspection",
      "sales_order": 14,
      "net_price": "400.0000",
      "net_value": "400.0000",
      "delivery_date": "2014-09-17"
    },
    "model": "eums.salesorderitem",
    "pk": 39
  },
  {
    "fields": {
      "issue_date": "2014-09-17",
      "description": "Motorcycle,Yamaha DT125",
      "sales_order": 14,
      "net_price": "2309.4700",
      "net_value": "2309.4700",
      "delivery_date": "2014-09-17"
    },
    "model": "eums.salesorderitem",
    "pk": 40
  },
  {
    "fields": {
      "issue_date": "2014-09-16",
      "description": "Blanket,survival,220x140cm (Adult)",
      "sales_order": 15,
      "net_price": "39.8900",
      "net_value": "0.6648",
      "delivery_date": "2014-09-16"
    },
    "model": "eums.salesorderitem",
    "pk": 41
  },
  {
    "fields": {
      "issue_date": "2014-09-16",
      "description": "Drum,sterilizing,340mm diam",
      "sales_order": 15,
      "net_price": "283.9500",
      "net_value": "28.3950",
      "delivery_date": "2014-09-16"
    },
    "model": "eums.salesorderitem",
    "pk": 42
  },
  {
    "fields": {
      "issue_date": "2014-09-16",
      "description": "Midwifery kit,2-equipment",
      "sales_order": 15,
      "net_price": "18924.1400",
      "net_value": "157.7012",
      "delivery_date": "2014-09-16"
    },
    "model": "eums.salesorderitem",
    "pk": 43
  },
  {
    "fields": {
      "issue_date": "2014-09-16",
      "description": "Midwifery kit,3-renewable",
      "sales_order": 15,
      "net_price": "56738.4200",
      "net_value": "236.4101",
      "delivery_date": "2014-09-16"
    },
    "model": "eums.salesorderitem",
    "pk": 44
  },
  {
    "fields": {
      "issue_date": "2014-09-16",
      "description": "Resuscitation kit,basic",
      "sales_order": 15,
      "net_price": "9489.0800",
      "net_value": "364.9646",
      "delivery_date": "2014-09-16"
    },
    "model": "eums.salesorderitem",
    "pk": 45
  },
  {
    "fields": {
      "issue_date": "2014-09-16",
      "description": "Sterilizer,steam,39L",
      "sales_order": 15,
      "net_price": "954.9700",
      "net_value": "477.4850",
      "delivery_date": "2014-09-16"
    },
    "model": "eums.salesorderitem",
    "pk": 46
  },
  {
    "fields": {
      "issue_date": "2014-09-16",
      "description": "Vacuum extractor,Bird,manual,comple.set",
      "sales_order": 15,
      "net_price": "20580.2200",
      "net_value": "791.5469",
      "delivery_date": "2014-09-16"
    },
    "model": "eums.salesorderitem",
    "pk": 47
  },
  {
    "fields": {
      "issue_date": "2014-09-16",
      "description": "Motor cycles- Yamaha DT125",
      "sales_order": 15,
      "net_price": "32332.5800",
      "net_value": "2309.4700",
      "delivery_date": "2014-09-16"
    },
    "model": "eums.salesorderitem",
    "pk": 48
  },
  {
    "fields": {
      "issue_date": "2014-09-16",
      "description": "Diarrhoeal Disease Set Packing",
      "sales_order": 15,
      "net_price": "10418.9600",
      "net_value": "5209.4800",
      "delivery_date": "2014-09-16"
    },
    "model": "eums.salesorderitem",
    "pk": 49
  },
  {
    "fields": {
      "issue_date": "2014-09-16",
      "description": "Freight, Insurance & Inspection",
      "sales_order": 15,
      "net_price": "72000.0000",
      "net_value": "72000.0000",
      "delivery_date": "2014-09-16"
    },
    "model": "eums.salesorderitem",
    "pk": 50
  },
  {
    "fields": {
      "issue_date": "2014-09-15",
      "description": "Round Neck T-Shirts",
      "sales_order": 16,
      "net_price": "9750.0000",
      "net_value": "3.9000",
      "delivery_date": "2014-09-15"
    },
    "model": "eums.salesorderitem",
    "pk": 51
  },
  {
    "fields": {
      "issue_date": "2014-09-15",
      "description": "PVC Horizontal banner 6m x 2m",
      "sales_order": 16,
      "net_price": "382.5000",
      "net_value": "76.5000",
      "delivery_date": "2014-09-15"
    },
    "model": "eums.salesorderitem",
    "pk": 52
  },
  {
    "fields": {
      "issue_date": "2014-09-15",
      "description": "Tear Drops 70cm x265cm, 300cm length to",
      "sales_order": 16,
      "net_price": "801.0000",
      "net_value": "133.5000",
      "delivery_date": "2014-09-15"
    },
    "model": "eums.salesorderitem",
    "pk": 53
  },
  {
    "fields": {
      "issue_date": "2014-09-15",
      "description": "Rollup Exhibition Stands (Heavy Wide bas",
      "sales_order": 16,
      "net_price": "801.0000",
      "net_value": "133.5000",
      "delivery_date": "2014-09-15"
    },
    "model": "eums.salesorderitem",
    "pk": 54
  },
  {
    "fields": {
      "issue_date": "2014-09-12",
      "description": "Chlorine 65% - 45 Kg. cartons",
      "sales_order": 17,
      "net_price": "385.0000",
      "net_value": "77.0000",
      "delivery_date": "2014-09-12"
    },
    "model": "eums.salesorderitem",
    "pk": 55
  },
  {
    "fields": {
      "issue_date": "2014-09-12",
      "description": "Round Neck T-Shirts",
      "sales_order": 18,
      "net_price": "3900.0000",
      "net_value": "3.9000",
      "delivery_date": "2014-09-12"
    },
    "model": "eums.salesorderitem",
    "pk": 56
  },
  {
    "fields": {
      "issue_date": "2014-09-12",
      "description": "PVC banners",
      "sales_order": 18,
      "net_price": "535.5000",
      "net_value": "76.5000",
      "delivery_date": "2014-09-12"
    },
    "model": "eums.salesorderitem",
    "pk": 57
  },
  {
    "fields": {
      "issue_date": "2014-09-02",
      "description": "Tally sheets printed on A4 Paper",
      "sales_order": 19,
      "net_price": "42560.0000",
      "net_value": "0.1900",
      "delivery_date": "2014-09-02"
    },
    "model": "eums.salesorderitem",
    "pk": 58
  },
  {
    "fields": {
      "issue_date": "2014-08-26",
      "description": "Throw Boxes",
      "sales_order": 20,
      "net_price": "50.0000",
      "net_value": "0.0500",
      "delivery_date": "2014-08-26"
    },
    "model": "eums.salesorderitem",
    "pk": 59
  },
  {
    "fields": {
      "issue_date": "2014-08-26",
      "description": "Play Card box",
      "sales_order": 20,
      "net_price": "162.5000",
      "net_value": "0.0500",
      "delivery_date": "2014-08-26"
    },
    "model": "eums.salesorderitem",
    "pk": 60
  },
  {
    "fields": {
      "issue_date": "2014-08-26",
      "description": "Value Cards and Value Card messages box",
      "sales_order": 20,
      "net_price": "1000.0000",
      "net_value": "1.0000",
      "delivery_date": "2014-08-26"
    },
    "model": "eums.salesorderitem",
    "pk": 61
  },
  {
    "fields": {
      "issue_date": "2014-08-26",
      "description": "Play card messages box",
      "sales_order": 20,
      "net_price": "4875.0000",
      "net_value": "1.5000",
      "delivery_date": "2014-08-26"
    },
    "model": "eums.salesorderitem",
    "pk": 62
  },
  {
    "fields": {
      "issue_date": "2014-08-26",
      "description": "Value cards",
      "sales_order": 20,
      "net_price": "2000.0000",
      "net_value": "2.0000",
      "delivery_date": "2014-08-26"
    },
    "model": "eums.salesorderitem",
    "pk": 63
  },
  {
    "fields": {
      "issue_date": "2014-08-26",
      "description": "Value Cards messages",
      "sales_order": 20,
      "net_price": "4000.0000",
      "net_value": "4.0000",
      "delivery_date": "2014-08-26"
    },
    "model": "eums.salesorderitem",
    "pk": 64
  },
  {
    "fields": {
      "issue_date": "2014-08-26",
      "description": "Message Booklet-Full colour print,",
      "sales_order": 20,
      "net_price": "5000.0000",
      "net_value": "5.0000",
      "delivery_date": "2014-08-26"
    },
    "model": "eums.salesorderitem",
    "pk": 65
  },
  {
    "fields": {
      "issue_date": "2014-08-26",
      "description": "Play Cards",
      "sales_order": 20,
      "net_price": "19500.0000",
      "net_value": "6.0000",
      "delivery_date": "2014-08-26"
    },
    "model": "eums.salesorderitem",
    "pk": 66
  },
  {
    "fields": {
      "issue_date": "2014-08-26",
      "description": "Play Card messages",
      "sales_order": 20,
      "net_price": "19500.0000",
      "net_value": "6.0000",
      "delivery_date": "2014-08-26"
    },
    "model": "eums.salesorderitem",
    "pk": 67
  },
  {
    "fields": {
      "issue_date": "2014-08-26",
      "description": "MIcrosoft windows 7 Proefessional OLP NL",
      "sales_order": 21,
      "net_price": "3625.0000",
      "net_value": "72.5000",
      "delivery_date": "2014-08-26"
    },
    "model": "eums.salesorderitem",
    "pk": 68
  },
  {
    "fields": {
      "issue_date": "2014-08-14",
      "description": "Bar Soap 800gm",
      "sales_order": 22,
      "net_price": "322560.0000",
      "net_value": "0.8400",
      "delivery_date": "2014-08-14"
    },
    "model": "eums.salesorderitem",
    "pk": 69
  },
  {
    "fields": {
      "issue_date": "2014-08-13",
      "description": "Freight, Insurance & Inspection",
      "sales_order": 23,
      "net_price": "1500.0000",
      "net_value": "1500.0000",
      "delivery_date": "2014-08-13"
    },
    "model": "eums.salesorderitem",
    "pk": 70
  },
  {
    "fields": {
      "issue_date": "2014-08-13",
      "description": "Motorcycle,Yamaha DT125",
      "sales_order": 23,
      "net_price": "9237.8800",
      "net_value": "2309.4700",
      "delivery_date": "2014-08-13"
    },
    "model": "eums.salesorderitem",
    "pk": 71
  },
  {
    "fields": {
      "issue_date": "2014-08-11",
      "description": "Invitation Cards",
      "sales_order": 24,
      "net_price": "150.0000",
      "net_value": "0.5000",
      "delivery_date": "2014-08-11"
    },
    "model": "eums.salesorderitem",
    "pk": 72
  },
  {
    "fields": {
      "issue_date": "2014-08-11",
      "description": "Notebooks",
      "sales_order": 24,
      "net_price": "1043.0000",
      "net_value": "3.5000",
      "delivery_date": "2014-08-11"
    },
    "model": "eums.salesorderitem",
    "pk": 73
  },
  {
    "fields": {
      "issue_date": "2014-08-11",
      "description": "Round Neck Tshirts",
      "sales_order": 24,
      "net_price": "1092.5200",
      "net_value": "3.8200",
      "delivery_date": "2014-08-11"
    },
    "model": "eums.salesorderitem",
    "pk": 74
  },
  {
    "fields": {
      "issue_date": "2014-08-11",
      "description": "Round Neck Tshirts",
      "sales_order": 24,
      "net_price": "817.4800",
      "net_value": "3.8200",
      "delivery_date": "2014-08-11"
    },
    "model": "eums.salesorderitem",
    "pk": 75
  },
  {
    "fields": {
      "issue_date": "2014-08-11",
      "description": "Notebooks",
      "sales_order": 24,
      "net_price": "3348.5400",
      "net_value": "4.7700",
      "delivery_date": "2014-08-11"
    },
    "model": "eums.salesorderitem",
    "pk": 76
  },
  {
    "fields": {
      "issue_date": "2014-08-11",
      "description": "PVC Horizontal Banner",
      "sales_order": 24,
      "net_price": "77.0000",
      "net_value": "77.0000",
      "delivery_date": "2014-08-11"
    },
    "model": "eums.salesorderitem",
    "pk": 77
  },
  {
    "fields": {
      "issue_date": "2014-08-11",
      "description": "Banner",
      "sales_order": 24,
      "net_price": "154.0000",
      "net_value": "77.0000",
      "delivery_date": "2014-08-11"
    },
    "model": "eums.salesorderitem",
    "pk": 78
  },
  {
    "fields": {
      "issue_date": "2014-08-11",
      "description": "Pull Up Stand banners",
      "sales_order": 24,
      "net_price": "690.0000",
      "net_value": "115.0000",
      "delivery_date": "2014-08-11"
    },
    "model": "eums.salesorderitem",
    "pk": 79
  },
  {
    "fields": {
      "issue_date": "2014-08-11",
      "description": "Printing services (NSGE) booklets",
      "sales_order": 25,
      "net_price": "45000.0000",
      "net_value": "1.5000",
      "delivery_date": "2014-08-11"
    },
    "model": "eums.salesorderitem",
    "pk": 80
  },
  {
    "fields": {
      "issue_date": "2014-08-08",
      "description": "Longitudinal ANC Register",
      "sales_order": 26,
      "net_price": "4008.0000",
      "net_value": "13.3600",
      "delivery_date": "2014-08-08"
    },
    "model": "eums.salesorderitem",
    "pk": 81
  },
  {
    "fields": {
      "issue_date": "2014-08-06",
      "description": "Freight, Insurance & Inspection",
      "sales_order": 27,
      "net_price": "400.0000",
      "net_value": "400.0000",
      "delivery_date": "2014-08-06"
    },
    "model": "eums.salesorderitem",
    "pk": 82
  },
  {
    "fields": {
      "issue_date": "2014-08-06",
      "description": "Motorcycle,Yamaha DT125",
      "sales_order": 27,
      "net_price": "2309.4700",
      "net_value": "2309.4700",
      "delivery_date": "2014-08-06"
    },
    "model": "eums.salesorderitem",
    "pk": 83
  },
  {
    "fields": {
      "issue_date": "2014-08-01",
      "description": "Alt Corporal punishment abridged version",
      "sales_order": 28,
      "net_price": "12000.0000",
      "net_value": "1.2000",
      "delivery_date": "2014-08-01"
    },
    "model": "eums.salesorderitem",
    "pk": 84
  },
  {
    "fields": {
      "issue_date": "2014-08-01",
      "description": "Alt Corporal punishment Original version",
      "sales_order": 28,
      "net_price": "10500.0000",
      "net_value": "3.5000",
      "delivery_date": "2014-08-01"
    },
    "model": "eums.salesorderitem",
    "pk": 85
  },
  {
    "fields": {
      "issue_date": "2014-08-01",
      "description": "Training&demonstrational models,articles",
      "sales_order": 29,
      "net_price": "42120.0000",
      "net_value": "156.0000",
      "delivery_date": "2014-08-01"
    },
    "model": "eums.salesorderitem",
    "pk": 86
  },
  {
    "fields": {
      "issue_date": "2014-07-30",
      "description": "Replenishment kit for S9935098",
      "sales_order": 30,
      "net_price": "1866.0800",
      "net_value": "46.6520",
      "delivery_date": "2014-07-30"
    },
    "model": "eums.salesorderitem",
    "pk": 87
  },
  {
    "fields": {
      "issue_date": "2014-07-30",
      "description": "Tarpaulin,plastic,roll,4x50m",
      "sales_order": 30,
      "net_price": "6165.5900",
      "net_value": "123.3118",
      "delivery_date": "2014-07-30"
    },
    "model": "eums.salesorderitem",
    "pk": 88
  },
  {
    "fields": {
      "issue_date": "2014-07-30",
      "description": "Early Childhood Development (ECD - IKA)",
      "sales_order": 30,
      "net_price": "34801.5200",
      "net_value": "174.0076",
      "delivery_date": "2014-07-30"
    },
    "model": "eums.salesorderitem",
    "pk": 89
  },
  {
    "fields": {
      "issue_date": "2014-07-30",
      "description": "Tent,light weight,rectangular,24m\u00b2",
      "sales_order": 30,
      "net_price": "8726.7000",
      "net_value": "872.6700",
      "delivery_date": "2014-07-30"
    },
    "model": "eums.salesorderitem",
    "pk": 90
  },
  {
    "fields": {
      "issue_date": "2014-07-30",
      "description": "Tent,light weight,rectangular,72m\u00b2",
      "sales_order": 30,
      "net_price": "24682.8400",
      "net_value": "1898.6800",
      "delivery_date": "2014-07-30"
    },
    "model": "eums.salesorderitem",
    "pk": 91
  },
  {
    "fields": {
      "issue_date": "2014-07-30",
      "description": "Freight, Insurance & Inspection",
      "sales_order": 30,
      "net_price": "8000.0000",
      "net_value": "8000.0000",
      "delivery_date": "2014-07-30"
    },
    "model": "eums.salesorderitem",
    "pk": 92
  },
  {
    "fields": {
      "issue_date": "2014-07-21",
      "description": "Surg.inst.,delivery /SET",
      "sales_order": 31,
      "net_price": "105.5100",
      "net_value": "5.2755",
      "delivery_date": "2014-07-21"
    },
    "model": "eums.salesorderitem",
    "pk": 93
  },
  {
    "fields": {
      "issue_date": "2014-07-21",
      "description": "Resuscitator,hand-oper.,infant/child,set",
      "sales_order": 31,
      "net_price": "1877.5300",
      "net_value": "75.1012",
      "delivery_date": "2014-07-21"
    },
    "model": "eums.salesorderitem",
    "pk": 94
  },
  {
    "fields": {
      "issue_date": "2014-07-21",
      "description": "Training&demonstrational models,articles",
      "sales_order": 31,
      "net_price": "3120.0000",
      "net_value": "156.0000",
      "delivery_date": "2014-07-21"
    },
    "model": "eums.salesorderitem",
    "pk": 95
  },
  {
    "fields": {
      "issue_date": "2014-07-21",
      "description": "Freight, Insurance & Inspection",
      "sales_order": 31,
      "net_price": "500.0000",
      "net_value": "500.0000",
      "delivery_date": "2014-07-21"
    },
    "model": "eums.salesorderitem",
    "pk": 96
  },
  {
    "fields": {
      "issue_date": "2014-07-10",
      "description": "Printed Book",
      "sales_order": 32,
      "net_price": "3000.0000",
      "net_value": "2.0000",
      "delivery_date": "2014-07-10"
    },
    "model": "eums.salesorderitem",
    "pk": 97
  },
  {
    "fields": {
      "issue_date": "2014-07-09",
      "description": "Amoxicillin 125mg disp.tab/PAC-30",
      "sales_order": 33,
      "net_price": "44559.0000",
      "net_value": "0.4500",
      "delivery_date": "2014-07-09"
    },
    "model": "eums.salesorderitem",
    "pk": 98
  },
  {
    "fields": {
      "issue_date": "2014-07-09",
      "description": "Zinc 20mg tablets/PAC-100",
      "sales_order": 33,
      "net_price": "25835.7300",
      "net_value": "2.0710",
      "delivery_date": "2014-07-09"
    },
    "model": "eums.salesorderitem",
    "pk": 99
  },
  {
    "fields": {
      "issue_date": "2014-07-09",
      "description": "Amoxicillin 125mg disp.tab/PAC-20",
      "sales_order": 33,
      "net_price": "172500.0000",
      "net_value": "3.4500",
      "delivery_date": "2014-07-09"
    },
    "model": "eums.salesorderitem",
    "pk": 100
  },
  {
    "fields": {
      "issue_date": "2014-07-09",
      "description": "Timer,respiration for ARI",
      "sales_order": 33,
      "net_price": "20797.2000",
      "net_value": "3.4662",
      "delivery_date": "2014-07-09"
    },
    "model": "eums.salesorderitem",
    "pk": 101
  },
  {
    "fields": {
      "issue_date": "2014-07-09",
      "description": "Artem 20mg+Lumef120mg disp tabs/6/PAC-30",
      "sales_order": 33,
      "net_price": "90000.0000",
      "net_value": "11.2500",
      "delivery_date": "2014-07-09"
    },
    "model": "eums.salesorderitem",
    "pk": 102
  },
  {
    "fields": {
      "issue_date": "2014-07-09",
      "description": "Artem 20mg+Lumef120mg disp tabs/6/PAC-30",
      "sales_order": 33,
      "net_price": "67500.0000",
      "net_value": "11.2500",
      "delivery_date": "2014-07-09"
    },
    "model": "eums.salesorderitem",
    "pk": 103
  },
  {
    "fields": {
      "issue_date": "2014-07-09",
      "description": "SD Bioline Mal Pf (HRP2)kit/25\u2019",
      "sales_order": 33,
      "net_price": "121837.5000",
      "net_value": "14.2500",
      "delivery_date": "2014-07-09"
    },
    "model": "eums.salesorderitem",
    "pk": 104
  },
  {
    "fields": {
      "issue_date": "2014-07-09",
      "description": "ORS low osm. 20.5g/1L CAR/10x100",
      "sales_order": 33,
      "net_price": "21775.0200",
      "net_value": "78.3274",
      "delivery_date": "2014-07-09"
    },
    "model": "eums.salesorderitem",
    "pk": 105
  },
  {
    "fields": {
      "issue_date": "2014-07-09",
      "description": "Freight, Insurance & Inspection",
      "sales_order": 33,
      "net_price": "60000.0000",
      "net_value": "60000.0000",
      "delivery_date": "2014-07-09"
    },
    "model": "eums.salesorderitem",
    "pk": 106
  },
  {
    "fields": {
      "issue_date": "2014-07-08",
      "description": "ICCM Facilitators Guide",
      "sales_order": 34,
      "net_price": "231.0000",
      "net_value": "7.7000",
      "delivery_date": "2014-07-08"
    },
    "model": "eums.salesorderitem",
    "pk": 107
  },
  {
    "fields": {
      "issue_date": "2014-07-08",
      "description": "VHTJob Aids",
      "sales_order": 34,
      "net_price": "44252.0000",
      "net_value": "9.6200",
      "delivery_date": "2014-07-08"
    },
    "model": "eums.salesorderitem",
    "pk": 108
  },
  {
    "fields": {
      "issue_date": "2014-07-08",
      "description": "VHTParticipants Manual",
      "sales_order": 34,
      "net_price": "44252.0000",
      "net_value": "9.6200",
      "delivery_date": "2014-07-08"
    },
    "model": "eums.salesorderitem",
    "pk": 109
  },
  {
    "fields": {
      "issue_date": "2014-07-08",
      "description": "VHTCertificate basic package",
      "sales_order": 34,
      "net_price": "44252.0000",
      "net_value": "9.6200",
      "delivery_date": "2014-07-08"
    },
    "model": "eums.salesorderitem",
    "pk": 110
  },
  {
    "fields": {
      "issue_date": "2014-07-08",
      "description": "ICCM Sick Child Job Aid",
      "sales_order": 34,
      "net_price": "28860.0000",
      "net_value": "9.6200",
      "delivery_date": "2014-07-08"
    },
    "model": "eums.salesorderitem",
    "pk": 111
  },
  {
    "fields": {
      "issue_date": "2014-07-08",
      "description": "ICCM Training Certificate",
      "sales_order": 34,
      "net_price": "28860.0000",
      "net_value": "9.6200",
      "delivery_date": "2014-07-08"
    },
    "model": "eums.salesorderitem",
    "pk": 112
  },
  {
    "fields": {
      "issue_date": "2014-07-08",
      "description": "VHTPatient Register",
      "sales_order": 34,
      "net_price": "44252.0000",
      "net_value": "9.6200",
      "delivery_date": "2014-07-08"
    },
    "model": "eums.salesorderitem",
    "pk": 113
  },
  {
    "fields": {
      "issue_date": "2014-07-08",
      "description": "VHTFacilitator Guide",
      "sales_order": 34,
      "net_price": "288.6000",
      "net_value": "9.6200",
      "delivery_date": "2014-07-08"
    },
    "model": "eums.salesorderitem",
    "pk": 114
  },
  {
    "fields": {
      "issue_date": "2014-07-08",
      "description": "VHT TOT Guide",
      "sales_order": 34,
      "net_price": "1154.4000",
      "net_value": "9.6200",
      "delivery_date": "2014-07-08"
    },
    "model": "eums.salesorderitem",
    "pk": 115
  },
  {
    "fields": {
      "issue_date": "2014-07-08",
      "description": "Medicine Boxes",
      "sales_order": 34,
      "net_price": "34650.0000",
      "net_value": "11.5500",
      "delivery_date": "2014-07-08"
    },
    "model": "eums.salesorderitem",
    "pk": 116
  },
  {
    "fields": {
      "issue_date": "2014-07-07",
      "description": "TARGUS CARRYING CASE, NYLON NOTEPAC BASI",
      "sales_order": 35,
      "net_price": "864.0000",
      "net_value": "27.0000",
      "delivery_date": "2014-07-07"
    },
    "model": "eums.salesorderitem",
    "pk": 117
  },
  {
    "fields": {
      "issue_date": "2014-07-07",
      "description": "Internet Modems - MTN",
      "sales_order": 35,
      "net_price": "1422.0000",
      "net_value": "31.6000",
      "delivery_date": "2014-07-07"
    },
    "model": "eums.salesorderitem",
    "pk": 118
  },
  {
    "fields": {
      "issue_date": "2014-07-07",
      "description": "Internet Modems - Orange",
      "sales_order": 35,
      "net_price": "632.0000",
      "net_value": "31.6000",
      "delivery_date": "2014-07-07"
    },
    "model": "eums.salesorderitem",
    "pk": 119
  },
  {
    "fields": {
      "issue_date": "2014-07-07",
      "description": "Dongle, modem - Airtel",
      "sales_order": 35,
      "net_price": "316.0000",
      "net_value": "31.6000",
      "delivery_date": "2014-07-07"
    },
    "model": "eums.salesorderitem",
    "pk": 120
  },
  {
    "fields": {
      "issue_date": "2014-07-07",
      "description": "Computers,laptop/notebook",
      "sales_order": 35,
      "net_price": "39520.0000",
      "net_value": "1235.0000",
      "delivery_date": "2014-07-07"
    },
    "model": "eums.salesorderitem",
    "pk": 121
  },
  {
    "fields": {
      "issue_date": "2014-07-07",
      "description": "Freight, Insurance & Inspection",
      "sales_order": 35,
      "net_price": "5000.0000",
      "net_value": "5000.0000",
      "delivery_date": "2014-07-07"
    },
    "model": "eums.salesorderitem",
    "pk": 122
  },
  {
    "fields": {
      "issue_date": "2014-07-02",
      "description": "Information Guide for Adolescents",
      "sales_order": 36,
      "net_price": "11520.0000",
      "net_value": "1.4400",
      "delivery_date": "2014-07-02"
    },
    "model": "eums.salesorderitem",
    "pk": 123
  },
  {
    "fields": {
      "issue_date": "2014-07-02",
      "description": "Life skills Training Guide Manual",
      "sales_order": 36,
      "net_price": "5630.0000",
      "net_value": "11.2600",
      "delivery_date": "2014-07-02"
    },
    "model": "eums.salesorderitem",
    "pk": 124
  },
  {
    "fields": {
      "issue_date": "2014-06-25",
      "description": "Birth Registration forms",
      "sales_order": 37,
      "net_price": "24255.0000",
      "net_value": "4.4100",
      "delivery_date": "2014-06-25"
    },
    "model": "eums.salesorderitem",
    "pk": 125
  },
  {
    "fields": {
      "issue_date": "2014-06-25",
      "description": "Birth Registration forms",
      "sales_order": 37,
      "net_price": "11025.0000",
      "net_value": "4.4100",
      "delivery_date": "2014-06-25"
    },
    "model": "eums.salesorderitem",
    "pk": 126
  },
  {
    "fields": {
      "issue_date": "2014-06-25",
      "description": "TVs for Comms unit office",
      "sales_order": 38,
      "net_price": "0.0000",
      "net_value": "0.0000",
      "delivery_date": "2014-06-25"
    },
    "model": "eums.salesorderitem",
    "pk": 127
  },
  {
    "fields": {
      "issue_date": "2014-06-25",
      "description": "TVs for Comms unit office",
      "sales_order": 38,
      "net_price": "0.0000",
      "net_value": "0.0000",
      "delivery_date": "2014-06-25"
    },
    "model": "eums.salesorderitem",
    "pk": 128
  },
  {
    "fields": {
      "issue_date": "2014-06-24",
      "description": "Printed booklet-VHT Registers",
      "sales_order": 39,
      "net_price": "16509.2000",
      "net_value": "5.9600",
      "delivery_date": "2014-06-24"
    },
    "model": "eums.salesorderitem",
    "pk": 129
  },
  {
    "fields": {
      "issue_date": "2014-06-24",
      "description": "Printed booklet-VHT Referral forms",
      "sales_order": 39,
      "net_price": "21716.8000",
      "net_value": "7.8400",
      "delivery_date": "2014-06-24"
    },
    "model": "eums.salesorderitem",
    "pk": 130
  },
  {
    "fields": {
      "issue_date": "2014-06-24",
      "description": "Printed booklet-IYCG Counselling cards",
      "sales_order": 39,
      "net_price": "21716.8000",
      "net_value": "7.8400",
      "delivery_date": "2014-06-24"
    },
    "model": "eums.salesorderitem",
    "pk": 131
  },
  {
    "fields": {
      "issue_date": "2014-06-24",
      "description": "Printed booklet-Health worker ref. forms",
      "sales_order": 39,
      "net_price": "21716.8000",
      "net_value": "7.8400",
      "delivery_date": "2014-06-24"
    },
    "model": "eums.salesorderitem",
    "pk": 132
  },
  {
    "fields": {
      "issue_date": "2014-06-24",
      "description": "Printed booklet-VHT Manuals",
      "sales_order": 39,
      "net_price": "27146.0000",
      "net_value": "9.8000",
      "delivery_date": "2014-06-24"
    },
    "model": "eums.salesorderitem",
    "pk": 133
  },
  {
    "fields": {
      "issue_date": "2014-06-24",
      "description": "Tarpaulins",
      "sales_order": 40,
      "net_price": "27084.0000",
      "net_value": "122.0000",
      "delivery_date": "2014-06-24"
    },
    "model": "eums.salesorderitem",
    "pk": 134
  },
  {
    "fields": {
      "issue_date": "2014-06-24",
      "description": "UNICEF branded notepads",
      "sales_order": 41,
      "net_price": "2500.0000",
      "net_value": "5.0000",
      "delivery_date": "2014-06-24"
    },
    "model": "eums.salesorderitem",
    "pk": 135
  },
  {
    "fields": {
      "issue_date": "2014-06-24",
      "description": "UNICEF branded folders",
      "sales_order": 41,
      "net_price": "11000.0000",
      "net_value": "5.5000",
      "delivery_date": "2014-06-24"
    },
    "model": "eums.salesorderitem",
    "pk": 136
  },
  {
    "fields": {
      "issue_date": "2014-06-24",
      "description": "UNICEF Exhibition banners",
      "sales_order": 41,
      "net_price": "560.0000",
      "net_value": "140.0000",
      "delivery_date": "2014-06-24"
    },
    "model": "eums.salesorderitem",
    "pk": 137
  },
  {
    "fields": {
      "issue_date": "2014-06-24",
      "description": "UNICEF branded feather banners",
      "sales_order": 41,
      "net_price": "560.0000",
      "net_value": "140.0000",
      "delivery_date": "2014-06-24"
    },
    "model": "eums.salesorderitem",
    "pk": 138
  },
  {
    "fields": {
      "issue_date": "2014-06-18",
      "description": "ReSoMal,42g sachet for 1 litre/CAR-100",
      "sales_order": 42,
      "net_price": "1175.0200",
      "net_value": "23.5004",
      "delivery_date": "2014-06-18"
    },
    "model": "eums.salesorderitem",
    "pk": 139
  },
  {
    "fields": {
      "issue_date": "2014-06-18",
      "description": "Therapeutic spread,sachet 92g/CAR-150",
      "sales_order": 42,
      "net_price": "184230.0000",
      "net_value": "61.4100",
      "delivery_date": "2014-06-18"
    },
    "model": "eums.salesorderitem",
    "pk": 140
  },
  {
    "fields": {
      "issue_date": "2014-06-18",
      "description": "F-100 therap. diet, sachet,114g/CAR-90",
      "sales_order": 42,
      "net_price": "35515.0000",
      "net_value": "71.0300",
      "delivery_date": "2014-06-18"
    },
    "model": "eums.salesorderitem",
    "pk": 141
  },
  {
    "fields": {
      "issue_date": "2014-06-18",
      "description": "F-75 therap.diet,sachet, 102.5g/CAR-120",
      "sales_order": 42,
      "net_price": "36905.0000",
      "net_value": "73.8100",
      "delivery_date": "2014-06-18"
    },
    "model": "eums.salesorderitem",
    "pk": 142
  },
  {
    "fields": {
      "issue_date": "2014-06-18",
      "description": "Freight, Insurance & Inspection",
      "sales_order": 42,
      "net_price": "38800.0000",
      "net_value": "38800.0000",
      "delivery_date": "2014-06-18"
    },
    "model": "eums.salesorderitem",
    "pk": 143
  },
  {
    "fields": {
      "issue_date": "2014-06-17",
      "description": "Freight, Insurance & Inspection",
      "sales_order": 43,
      "net_price": "0.0000",
      "net_value": "0.0000",
      "delivery_date": "2014-06-17"
    },
    "model": "eums.salesorderitem",
    "pk": 144
  },
  {
    "fields": {
      "issue_date": "2014-06-17",
      "description": "Thermometer,clinical,digital,32-43\u00baC",
      "sales_order": 44,
      "net_price": "126.5500",
      "net_value": "1.4061",
      "delivery_date": "2014-06-17"
    },
    "model": "eums.salesorderitem",
    "pk": 145
  },
  {
    "fields": {
      "issue_date": "2014-06-17",
      "description": "Sling for use w5555,0557000,0557100",
      "sales_order": 44,
      "net_price": "81.4300",
      "net_value": "2.6268",
      "delivery_date": "2014-06-17"
    },
    "model": "eums.salesorderitem",
    "pk": 146
  },
  {
    "fields": {
      "issue_date": "2014-06-17",
      "description": "Surg.inst.,dressing /SET",
      "sales_order": 44,
      "net_price": "136.8500",
      "net_value": "3.0411",
      "delivery_date": "2014-06-17"
    },
    "model": "eums.salesorderitem",
    "pk": 147
  },
  {
    "fields": {
      "issue_date": "2014-06-17",
      "description": "Speculum,vaginal,Graves,95x35mm",
      "sales_order": 44,
      "net_price": "164.4200",
      "net_value": "4.5672",
      "delivery_date": "2014-06-17"
    },
    "model": "eums.salesorderitem",
    "pk": 148
  },
  {
    "fields": {
      "issue_date": "2014-06-17",
      "description": "Surg.inst.,delivery /SET",
      "sales_order": 44,
      "net_price": "73.8600",
      "net_value": "5.2757",
      "delivery_date": "2014-06-17"
    },
    "model": "eums.salesorderitem",
    "pk": 149
  },
  {
    "fields": {
      "issue_date": "2014-06-17",
      "description": "Sphygmomanometer,(adult),aneroid",
      "sales_order": 44,
      "net_price": "693.4100",
      "net_value": "10.8345",
      "delivery_date": "2014-06-17"
    },
    "model": "eums.salesorderitem",
    "pk": 150
  },
  {
    "fields": {
      "issue_date": "2014-06-17",
      "description": "Sphygmomanometer,(child),aneroid",
      "sales_order": 44,
      "net_price": "714.3400",
      "net_value": "11.1616",
      "delivery_date": "2014-06-17"
    },
    "model": "eums.salesorderitem",
    "pk": 151
  },
  {
    "fields": {
      "issue_date": "2014-06-17",
      "description": "Drum,sterilizing,340mm diam",
      "sales_order": 44,
      "net_price": "737.9700",
      "net_value": "28.3835",
      "delivery_date": "2014-06-17"
    },
    "model": "eums.salesorderitem",
    "pk": 152
  },
  {
    "fields": {
      "issue_date": "2014-06-17",
      "description": "Surg.inst.,curettage /SET",
      "sales_order": 44,
      "net_price": "380.9000",
      "net_value": "76.1800",
      "delivery_date": "2014-06-17"
    },
    "model": "eums.salesorderitem",
    "pk": 153
  },
  {
    "fields": {
      "issue_date": "2014-06-17",
      "description": "Scale,infant,clinic,beamtype,16kg x 10g",
      "sales_order": 44,
      "net_price": "778.1300",
      "net_value": "86.4589",
      "delivery_date": "2014-06-17"
    },
    "model": "eums.salesorderitem",
    "pk": 154
  },
  {
    "fields": {
      "issue_date": "2014-06-17",
      "description": "Scale,physician,adult,metric,6-180kg",
      "sales_order": 44,
      "net_price": "5203.2200",
      "net_value": "144.5339",
      "delivery_date": "2014-06-17"
    },
    "model": "eums.salesorderitem",
    "pk": 155
  },
  {
    "fields": {
      "issue_date": "2014-06-17",
      "description": "Portable baby/child/adult L-hgt mea.syst",
      "sales_order": 44,
      "net_price": "2580.7700",
      "net_value": "184.3407",
      "delivery_date": "2014-06-17"
    },
    "model": "eums.salesorderitem",
    "pk": 156
  },
  {
    "fields": {
      "issue_date": "2014-06-17",
      "description": "Pump,suction,foot-operated",
      "sales_order": 44,
      "net_price": "3911.4400",
      "net_value": "244.4650",
      "delivery_date": "2014-06-17"
    },
    "model": "eums.salesorderitem",
    "pk": 157
  },
  {
    "fields": {
      "issue_date": "2014-06-17",
      "description": "Oxygen concentrator/SET",
      "sales_order": 44,
      "net_price": "880.4600",
      "net_value": "880.4600",
      "delivery_date": "2014-06-17"
    },
    "model": "eums.salesorderitem",
    "pk": 158
  },
  {
    "fields": {
      "issue_date": "2014-06-17",
      "description": "Microscope, binocular, basic",
      "sales_order": 44,
      "net_price": "6218.2200",
      "net_value": "1036.3700",
      "delivery_date": "2014-06-17"
    },
    "model": "eums.salesorderitem",
    "pk": 159
  },
  {
    "fields": {
      "issue_date": "2014-06-17",
      "description": "Freight, Insurance & Inspection",
      "sales_order": 44,
      "net_price": "3500.0000",
      "net_value": "3500.0000",
      "delivery_date": "2014-06-17"
    },
    "model": "eums.salesorderitem",
    "pk": 160
  },
  {
    "fields": {
      "issue_date": "2014-06-16",
      "description": "Sphygmomanometer,(child),aneroid",
      "sales_order": 45,
      "net_price": "714.3400",
      "net_value": "11.1616",
      "delivery_date": "2014-06-16"
    },
    "model": "eums.salesorderitem",
    "pk": 161
  },
  {
    "fields": {
      "issue_date": "2014-06-16",
      "description": "Freight, Insurance & Inspection",
      "sales_order": 45,
      "net_price": "250.0000",
      "net_value": "250.0000",
      "delivery_date": "2014-06-16"
    },
    "model": "eums.salesorderitem",
    "pk": 162
  },
  {
    "fields": {
      "issue_date": "2014-06-16",
      "description": "GUM BOOTS, White, labour ward use",
      "sales_order": 46,
      "net_price": "3040.0000",
      "net_value": "40.0000",
      "delivery_date": "2014-06-16"
    },
    "model": "eums.salesorderitem",
    "pk": 163
  },
  {
    "fields": {
      "issue_date": "2014-06-16",
      "description": "Table,examination - Couch",
      "sales_order": 46,
      "net_price": "2593.3500",
      "net_value": "172.8900",
      "delivery_date": "2014-06-16"
    },
    "model": "eums.salesorderitem",
    "pk": 164
  },
  {
    "fields": {
      "issue_date": "2014-06-16",
      "description": "Trolley,dressing,ss,2 trays",
      "sales_order": 46,
      "net_price": "20048.4000",
      "net_value": "445.5200",
      "delivery_date": "2014-06-16"
    },
    "model": "eums.salesorderitem",
    "pk": 165
  },
  {
    "fields": {
      "issue_date": "2014-06-16",
      "description": "Freight, Insurance & Inspection",
      "sales_order": 46,
      "net_price": "4500.0000",
      "net_value": "4500.0000",
      "delivery_date": "2014-06-16"
    },
    "model": "eums.salesorderitem",
    "pk": 166
  },
  {
    "fields": {
      "issue_date": "2014-06-16",
      "description": "GUM BOOTS,white-Labour ward use",
      "sales_order": 47,
      "net_price": "3200.0000",
      "net_value": "40.0000",
      "delivery_date": "2014-06-16"
    },
    "model": "eums.salesorderitem",
    "pk": 167
  },
  {
    "fields": {
      "issue_date": "2014-06-16",
      "description": "Surg.inst.,curettage /SET",
      "sales_order": 47,
      "net_price": "228.5400",
      "net_value": "76.1800",
      "delivery_date": "2014-06-16"
    },
    "model": "eums.salesorderitem",
    "pk": 168
  },
  {
    "fields": {
      "issue_date": "2014-06-16",
      "description": "Resuscitation kit,basic",
      "sales_order": 47,
      "net_price": "2874.9000",
      "net_value": "359.3625",
      "delivery_date": "2014-06-16"
    },
    "model": "eums.salesorderitem",
    "pk": 169
  },
  {
    "fields": {
      "issue_date": "2014-06-16",
      "description": "Freight, Insurance & Inspection",
      "sales_order": 47,
      "net_price": "1000.0000",
      "net_value": "1000.0000",
      "delivery_date": "2014-06-16"
    },
    "model": "eums.salesorderitem",
    "pk": 170
  },
  {
    "fields": {
      "issue_date": "2014-06-12",
      "description": "Printed Flyer",
      "sales_order": 48,
      "net_price": "50000.0000",
      "net_value": "0.0500",
      "delivery_date": "2014-06-12"
    },
    "model": "eums.salesorderitem",
    "pk": 171
  },
  {
    "fields": {
      "issue_date": "2014-06-09",
      "description": "Thermometer,clinical,digital,32-43\u00baC",
      "sales_order": 49,
      "net_price": "196.8500",
      "net_value": "1.4061",
      "delivery_date": "2014-06-09"
    },
    "model": "eums.salesorderitem",
    "pk": 172
  },
  {
    "fields": {
      "issue_date": "2014-06-09",
      "description": "Stethoscope,binaural,complete",
      "sales_order": 49,
      "net_price": "341.8200",
      "net_value": "2.4416",
      "delivery_date": "2014-06-09"
    },
    "model": "eums.salesorderitem",
    "pk": 173
  },
  {
    "fields": {
      "issue_date": "2014-06-09",
      "description": "Surg.inst.,delivery /SET",
      "sales_order": 49,
      "net_price": "184.6500",
      "net_value": "5.2757",
      "delivery_date": "2014-06-09"
    },
    "model": "eums.salesorderitem",
    "pk": 174
  },
  {
    "fields": {
      "issue_date": "2014-06-09",
      "description": "Drum,sterilizing,340mm diam",
      "sales_order": 49,
      "net_price": "965.0400",
      "net_value": "28.3835",
      "delivery_date": "2014-06-09"
    },
    "model": "eums.salesorderitem",
    "pk": 175
  },
  {
    "fields": {
      "issue_date": "2014-06-09",
      "description": "Surg.inst.,exam/sut,vaginal/cervical/SET",
      "sales_order": 49,
      "net_price": "3807.4200",
      "net_value": "69.2258",
      "delivery_date": "2014-06-09"
    },
    "model": "eums.salesorderitem",
    "pk": 176
  },
  {
    "fields": {
      "issue_date": "2014-06-09",
      "description": "Resuscitator,hand-oper.,infant/child,set",
      "sales_order": 49,
      "net_price": "2027.7300",
      "net_value": "75.1011",
      "delivery_date": "2014-06-09"
    },
    "model": "eums.salesorderitem",
    "pk": 177
  },
  {
    "fields": {
      "issue_date": "2014-06-09",
      "description": "Portable baby/child L-hgt mea.syst/SET-2",
      "sales_order": 49,
      "net_price": "20457.4700",
      "net_value": "229.8592",
      "delivery_date": "2014-06-09"
    },
    "model": "eums.salesorderitem",
    "pk": 178
  },
  {
    "fields": {
      "issue_date": "2014-06-09",
      "description": "Ess. spares for 10 solar systems ordered",
      "sales_order": 49,
      "net_price": "1481.0000",
      "net_value": "1481.0000",
      "delivery_date": "2014-06-09"
    },
    "model": "eums.salesorderitem",
    "pk": 179
  },
  {
    "fields": {
      "issue_date": "2014-06-09",
      "description": "Solar refrig-freezer,>50L,4.5Kw/24hrs",
      "sales_order": 49,
      "net_price": "64520.0000",
      "net_value": "6452.0000",
      "delivery_date": "2014-06-09"
    },
    "model": "eums.salesorderitem",
    "pk": 180
  },
  {
    "fields": {
      "issue_date": "2014-06-09",
      "description": "Solar refrig-freezer,>50L,4.5Kw/24hrs",
      "sales_order": 49,
      "net_price": "6452.0000",
      "net_value": "6452.0000",
      "delivery_date": "2014-06-09"
    },
    "model": "eums.salesorderitem",
    "pk": 181
  },
  {
    "fields": {
      "issue_date": "2014-06-09",
      "description": "Freight, Insurance & Inspection",
      "sales_order": 49,
      "net_price": "15500.0000",
      "net_value": "15500.0000",
      "delivery_date": "2014-06-09"
    },
    "model": "eums.salesorderitem",
    "pk": 182
  },
  {
    "fields": {
      "issue_date": "2014-06-02",
      "description": "DCC Guidlines",
      "sales_order": 50,
      "net_price": "3100.0000",
      "net_value": "0.3100",
      "delivery_date": "2014-06-02"
    },
    "model": "eums.salesorderitem",
    "pk": 183
  },
  {
    "fields": {
      "issue_date": "2014-06-02",
      "description": "Brochures",
      "sales_order": 51,
      "net_price": "9600.0000",
      "net_value": "0.4000",
      "delivery_date": "2014-06-02"
    },
    "model": "eums.salesorderitem",
    "pk": 184
  },
  {
    "fields": {
      "issue_date": "2014-06-02",
      "description": "Posture - Your right as a child-School",
      "sales_order": 51,
      "net_price": "12000.0000",
      "net_value": "4.0000",
      "delivery_date": "2014-06-02"
    },
    "model": "eums.salesorderitem",
    "pk": 185
  },
  {
    "fields": {
      "issue_date": "2014-06-02",
      "description": "Posture - violence against women and chi",
      "sales_order": 51,
      "net_price": "6000.0000",
      "net_value": "4.0000",
      "delivery_date": "2014-06-02"
    },
    "model": "eums.salesorderitem",
    "pk": 186
  },
  {
    "fields": {
      "issue_date": "2014-05-28",
      "description": "Targus Carrying Case Nylon Notepac",
      "sales_order": 52,
      "net_price": "189.0000",
      "net_value": "27.0000",
      "delivery_date": "2014-05-28"
    },
    "model": "eums.salesorderitem",
    "pk": 187
  },
  {
    "fields": {
      "issue_date": "2014-05-28",
      "description": "STAT-PAK HIV1/2,dipstick,kit/30",
      "sales_order": 52,
      "net_price": "28704.0000",
      "net_value": "27.6000",
      "delivery_date": "2014-05-28"
    },
    "model": "eums.salesorderitem",
    "pk": 188
  },
  {
    "fields": {
      "issue_date": "2014-05-28",
      "description": "Uni-Gold HIV1/2,kit/20",
      "sales_order": 52,
      "net_price": "3814.7200",
      "net_value": "36.6800",
      "delivery_date": "2014-05-28"
    },
    "model": "eums.salesorderitem",
    "pk": 189
  },
  {
    "fields": {
      "issue_date": "2014-05-28",
      "description": "Alere Determine HIV1/2,WB set,kit/100",
      "sales_order": 52,
      "net_price": "104000.0000",
      "net_value": "100.0000",
      "delivery_date": "2014-05-28"
    },
    "model": "eums.salesorderitem",
    "pk": 190
  },
  {
    "fields": {
      "issue_date": "2014-05-28",
      "description": "HP  LaserJet P3015DN",
      "sales_order": 52,
      "net_price": "3500.0000",
      "net_value": "500.0000",
      "delivery_date": "2014-05-28"
    },
    "model": "eums.salesorderitem",
    "pk": 191
  },
  {
    "fields": {
      "issue_date": "2014-05-28",
      "description": "Laptops-ThinkPad x230 Notebook",
      "sales_order": 52,
      "net_price": "8645.0000",
      "net_value": "1235.0000",
      "delivery_date": "2014-05-28"
    },
    "model": "eums.salesorderitem",
    "pk": 192
  },
  {
    "fields": {
      "issue_date": "2014-05-28",
      "description": "Freight, Insurance & Inspection",
      "sales_order": 52,
      "net_price": "24000.0000",
      "net_value": "24000.0000",
      "delivery_date": "2014-05-28"
    },
    "model": "eums.salesorderitem",
    "pk": 193
  },
  {
    "fields": {
      "issue_date": "2014-05-28",
      "description": "F-100 therap. diet, sachet,114g/CAR-90",
      "sales_order": 53,
      "net_price": "26535.0000",
      "net_value": "53.0700",
      "delivery_date": "2014-05-28"
    },
    "model": "eums.salesorderitem",
    "pk": 194
  },
  {
    "fields": {
      "issue_date": "2014-05-28",
      "description": "Therapeutic spread,sachet 92g/CAR-150",
      "sales_order": 53,
      "net_price": "168000.0000",
      "net_value": "56.0000",
      "delivery_date": "2014-05-28"
    },
    "model": "eums.salesorderitem",
    "pk": 195
  },
  {
    "fields": {
      "issue_date": "2014-05-28",
      "description": "F-75 therap.diet,sachet, 102.5g/CAR-120",
      "sales_order": 53,
      "net_price": "28840.0000",
      "net_value": "57.6800",
      "delivery_date": "2014-05-28"
    },
    "model": "eums.salesorderitem",
    "pk": 196
  },
  {
    "fields": {
      "issue_date": "2014-05-28",
      "description": "Freight, Insurance & Inspection",
      "sales_order": 53,
      "net_price": "34000.0000",
      "net_value": "34000.0000",
      "delivery_date": "2014-05-28"
    },
    "model": "eums.salesorderitem",
    "pk": 197
  },
  {
    "fields": {
      "issue_date": "2014-05-23",
      "description": "Printed brochure (stickers)",
      "sales_order": 54,
      "net_price": "150.0000",
      "net_value": "0.1000",
      "delivery_date": "2014-05-23"
    },
    "model": "eums.salesorderitem",
    "pk": 198
  },
  {
    "fields": {
      "issue_date": "2014-05-23",
      "description": "Printed brochure (stickers)",
      "sales_order": 54,
      "net_price": "300.0000",
      "net_value": "0.2000",
      "delivery_date": "2014-05-23"
    },
    "model": "eums.salesorderitem",
    "pk": 199
  },
  {
    "fields": {
      "issue_date": "2014-05-23",
      "description": "Brochures",
      "sales_order": 54,
      "net_price": "780.0000",
      "net_value": "0.2600",
      "delivery_date": "2014-05-23"
    },
    "model": "eums.salesorderitem",
    "pk": 200
  },
  {
    "fields": {
      "issue_date": "2014-05-23",
      "description": "Round neck T-Shirts",
      "sales_order": 54,
      "net_price": "10000.0000",
      "net_value": "5.0000",
      "delivery_date": "2014-05-23"
    },
    "model": "eums.salesorderitem",
    "pk": 201
  },
  {
    "fields": {
      "issue_date": "2014-05-23",
      "description": "T-shirt, cotton",
      "sales_order": 54,
      "net_price": "6000.0000",
      "net_value": "6.0000",
      "delivery_date": "2014-05-23"
    },
    "model": "eums.salesorderitem",
    "pk": 202
  },
  {
    "fields": {
      "issue_date": "2014-05-23",
      "description": "Press Banner",
      "sales_order": 54,
      "net_price": "99.0000",
      "net_value": "99.0000",
      "delivery_date": "2014-05-23"
    },
    "model": "eums.salesorderitem",
    "pk": 203
  },
  {
    "fields": {
      "issue_date": "2014-05-23",
      "description": "Pull up Banners",
      "sales_order": 54,
      "net_price": "560.0000",
      "net_value": "140.0000",
      "delivery_date": "2014-05-23"
    },
    "model": "eums.salesorderitem",
    "pk": 204
  },
  {
    "fields": {
      "issue_date": "2014-05-23",
      "description": "Tear Drops- Feather Banners",
      "sales_order": 54,
      "net_price": "2800.0000",
      "net_value": "140.0000",
      "delivery_date": "2014-05-23"
    },
    "model": "eums.salesorderitem",
    "pk": 205
  },
  {
    "fields": {
      "issue_date": "2014-05-22",
      "description": "Freight, Insurance & Inspection",
      "sales_order": 55,
      "net_price": "650.0000",
      "net_value": "650.0000",
      "delivery_date": "2014-05-22"
    },
    "model": "eums.salesorderitem",
    "pk": 206
  },
  {
    "fields": {
      "issue_date": "2014-05-22",
      "description": "Motorcycle,Yamaha DT125",
      "sales_order": 55,
      "net_price": "10924.6000",
      "net_value": "2731.1500",
      "delivery_date": "2014-05-22"
    },
    "model": "eums.salesorderitem",
    "pk": 207
  },
  {
    "fields": {
      "issue_date": "2014-05-21",
      "description": "MAMA KITS, CLEAN DELIVERY KITS",
      "sales_order": 56,
      "net_price": "30000.0000",
      "net_value": "30.0000",
      "delivery_date": "2014-05-21"
    },
    "model": "eums.salesorderitem",
    "pk": 208
  },
  {
    "fields": {
      "issue_date": "2014-05-21",
      "description": "Freight, Insurance & Inspection",
      "sales_order": 56,
      "net_price": "5000.0000",
      "net_value": "5000.0000",
      "delivery_date": "2014-05-21"
    },
    "model": "eums.salesorderitem",
    "pk": 209
  },
  {
    "fields": {
      "issue_date": "2014-05-21",
      "description": "Latrin material, foundation, wooden",
      "sales_order": 57,
      "net_price": "12680.0000",
      "net_value": "3.1700",
      "delivery_date": "2014-05-21"
    },
    "model": "eums.salesorderitem",
    "pk": 210
  },
  {
    "fields": {
      "issue_date": "2014-05-21",
      "description": "Latrin material, wooden",
      "sales_order": 57,
      "net_price": "30590.0000",
      "net_value": "4.3700",
      "delivery_date": "2014-05-21"
    },
    "model": "eums.salesorderitem",
    "pk": 211
  },
  {
    "fields": {
      "issue_date": "2014-05-14",
      "description": "Stethoscope,binaural (digital)",
      "sales_order": 58,
      "net_price": "19.5300",
      "net_value": "2.4413",
      "delivery_date": "2014-05-14"
    },
    "model": "eums.salesorderitem",
    "pk": 212
  },
  {
    "fields": {
      "issue_date": "2014-05-14",
      "description": "Surg.inst.,delivery /SET",
      "sales_order": 58,
      "net_price": "31.6500",
      "net_value": "5.2750",
      "delivery_date": "2014-05-14"
    },
    "model": "eums.salesorderitem",
    "pk": 213
  },
  {
    "fields": {
      "issue_date": "2014-05-14",
      "description": "Sphygmomanometer,aneroid(Mercury)moveabl",
      "sales_order": 58,
      "net_price": "133.9400",
      "net_value": "11.1617",
      "delivery_date": "2014-05-14"
    },
    "model": "eums.salesorderitem",
    "pk": 214
  },
  {
    "fields": {
      "issue_date": "2014-05-14",
      "description": "Sphygmomanometer, adult",
      "sales_order": 58,
      "net_price": "133.9400",
      "net_value": "11.1617",
      "delivery_date": "2014-05-14"
    },
    "model": "eums.salesorderitem",
    "pk": 215
  },
  {
    "fields": {
      "issue_date": "2014-05-14",
      "description": "Plastic Aprons",
      "sales_order": 58,
      "net_price": "647.9000",
      "net_value": "16.1975",
      "delivery_date": "2014-05-14"
    },
    "model": "eums.salesorderitem",
    "pk": 216
  },
  {
    "fields": {
      "issue_date": "2014-05-14",
      "description": "MAMA KITS, CLEAN DELIVERY KITS",
      "sales_order": 58,
      "net_price": "90000.0000",
      "net_value": "30.0000",
      "delivery_date": "2014-05-14"
    },
    "model": "eums.salesorderitem",
    "pk": 217
  },
  {
    "fields": {
      "issue_date": "2014-05-14",
      "description": "GUM BOOTS-White, use in labour rooms",
      "sales_order": 58,
      "net_price": "1200.0000",
      "net_value": "60.0000",
      "delivery_date": "2014-05-14"
    },
    "model": "eums.salesorderitem",
    "pk": 218
  },
  {
    "fields": {
      "issue_date": "2014-05-14",
      "description": "Wheelchair,adult",
      "sales_order": 58,
      "net_price": "638.0000",
      "net_value": "79.7500",
      "delivery_date": "2014-05-14"
    },
    "model": "eums.salesorderitem",
    "pk": 219
  },
  {
    "fields": {
      "issue_date": "2014-05-14",
      "description": "Scale,infant,clinic,beamtype,16kg x 10g",
      "sales_order": 58,
      "net_price": "259.3800",
      "net_value": "86.4600",
      "delivery_date": "2014-05-14"
    },
    "model": "eums.salesorderitem",
    "pk": 220
  },
  {
    "fields": {
      "issue_date": "2014-05-14",
      "description": "Bedscreen,hospital,on castors",
      "sales_order": 58,
      "net_price": "2344.8000",
      "net_value": "117.2400",
      "delivery_date": "2014-05-14"
    },
    "model": "eums.salesorderitem",
    "pk": 221
  },
  {
    "fields": {
      "issue_date": "2014-05-14",
      "description": "Cot,baby,hospital,w/mattresses ,on cast",
      "sales_order": 58,
      "net_price": "2654.8800",
      "net_value": "221.2400",
      "delivery_date": "2014-05-14"
    },
    "model": "eums.salesorderitem",
    "pk": 222
  },
  {
    "fields": {
      "issue_date": "2014-05-14",
      "description": "Resuscitation kit,basic",
      "sales_order": 58,
      "net_price": "5031.0700",
      "net_value": "359.3621",
      "delivery_date": "2014-05-14"
    },
    "model": "eums.salesorderitem",
    "pk": 223
  },
  {
    "fields": {
      "issue_date": "2014-05-14",
      "description": "Wheeling Trolleys",
      "sales_order": 58,
      "net_price": "3564.1600",
      "net_value": "445.5200",
      "delivery_date": "2014-05-14"
    },
    "model": "eums.salesorderitem",
    "pk": 224
  },
  {
    "fields": {
      "issue_date": "2014-05-14",
      "description": "Oxygen concentrator/SET",
      "sales_order": 58,
      "net_price": "3521.8400",
      "net_value": "880.4600",
      "delivery_date": "2014-05-14"
    },
    "model": "eums.salesorderitem",
    "pk": 225
  },
  {
    "fields": {
      "issue_date": "2014-05-14",
      "description": "Table,resusc,newborn,w/access",
      "sales_order": 58,
      "net_price": "54348.0000",
      "net_value": "13587.0000",
      "delivery_date": "2014-05-14"
    },
    "model": "eums.salesorderitem",
    "pk": 226
  },
  {
    "fields": {
      "issue_date": "2014-05-14",
      "description": "Freight, Insurance & Inspection",
      "sales_order": 58,
      "net_price": "25000.0000",
      "net_value": "25000.0000",
      "delivery_date": "2014-05-14"
    },
    "model": "eums.salesorderitem",
    "pk": 227
  },
  {
    "fields": {
      "issue_date": "2014-05-14",
      "description": "Tarpaulin, Plastic rolls",
      "sales_order": 59,
      "net_price": "53444.0000",
      "net_value": "124.0000",
      "delivery_date": "2014-05-14"
    },
    "model": "eums.salesorderitem",
    "pk": 228
  },
  {
    "fields": {
      "issue_date": "2014-05-14",
      "description": "Freight, Insurance & Inspection",
      "sales_order": 59,
      "net_price": "8450.0000",
      "net_value": "8450.0000",
      "delivery_date": "2014-05-14"
    },
    "model": "eums.salesorderitem",
    "pk": 229
  },
  {
    "fields": {
      "issue_date": "2014-05-10",
      "description": "SD Memory card",
      "sales_order": 60,
      "net_price": "60.0000",
      "net_value": "12.0000",
      "delivery_date": "2014-05-10"
    },
    "model": "eums.salesorderitem",
    "pk": 230
  },
  {
    "fields": {
      "issue_date": "2014-05-10",
      "description": "Samsung S duos 2 (7582)",
      "sales_order": 60,
      "net_price": "1115.0000",
      "net_value": "223.0000",
      "delivery_date": "2014-05-10"
    },
    "model": "eums.salesorderitem",
    "pk": 231
  },
  {
    "fields": {
      "issue_date": "2014-05-05",
      "description": "Therapeutic spread,sachet 92g/CAR-150",
      "sales_order": 61,
      "net_price": "78732.0000",
      "net_value": "54.0000",
      "delivery_date": "2014-05-05"
    },
    "model": "eums.salesorderitem",
    "pk": 232
  },
  {
    "fields": {
      "issue_date": "2014-05-05",
      "description": "Therapeutic spread,sachet 92g/CAR-150",
      "sales_order": 61,
      "net_price": "42120.0000",
      "net_value": "54.0000",
      "delivery_date": "2014-05-05"
    },
    "model": "eums.salesorderitem",
    "pk": 233
  },
  {
    "fields": {
      "issue_date": "2014-05-05",
      "description": "Freight, Insurance & Inspection",
      "sales_order": 61,
      "net_price": "19000.0000",
      "net_value": "19000.0000",
      "delivery_date": "2014-05-05"
    },
    "model": "eums.salesorderitem",
    "pk": 234
  },
  {
    "fields": {
      "issue_date": "2014-04-25",
      "description": "Community Based Newborn Care",
      "sales_order": 62,
      "net_price": "5429.2000",
      "net_value": "1.9600",
      "delivery_date": "2014-04-25"
    },
    "model": "eums.salesorderitem",
    "pk": 235
  },
  {
    "fields": {
      "issue_date": "2014-04-25",
      "description": "VHT Nutrition Facilitators Guide",
      "sales_order": 62,
      "net_price": "956.4800",
      "net_value": "7.8400",
      "delivery_date": "2014-04-25"
    },
    "model": "eums.salesorderitem",
    "pk": 236
  },
  {
    "fields": {
      "issue_date": "2014-04-25",
      "description": "Newborn facilitators manual",
      "sales_order": 62,
      "net_price": "956.4800",
      "net_value": "7.8400",
      "delivery_date": "2014-04-25"
    },
    "model": "eums.salesorderitem",
    "pk": 237
  },
  {
    "fields": {
      "issue_date": "2014-04-25",
      "description": "VHT Nutrition Participants Manual",
      "sales_order": 62,
      "net_price": "27146.0000",
      "net_value": "9.8000",
      "delivery_date": "2014-04-25"
    },
    "model": "eums.salesorderitem",
    "pk": 238
  },
  {
    "fields": {
      "issue_date": "2014-04-25",
      "description": "Lenovo Optical Scrollpoint USB mouse",
      "sales_order": 63,
      "net_price": "133.0000",
      "net_value": "19.0000",
      "delivery_date": "2014-04-25"
    },
    "model": "eums.salesorderitem",
    "pk": 239
  },
  {
    "fields": {
      "issue_date": "2014-04-25",
      "description": "Targus Carrying Case, Nylon Notepc basic",
      "sales_order": 63,
      "net_price": "189.0000",
      "net_value": "27.0000",
      "delivery_date": "2014-04-25"
    },
    "model": "eums.salesorderitem",
    "pk": 240
  },
  {
    "fields": {
      "issue_date": "2014-04-25",
      "description": "Computers,laptop/notebook",
      "sales_order": 63,
      "net_price": "8645.0000",
      "net_value": "1235.0000",
      "delivery_date": "2014-04-25"
    },
    "model": "eums.salesorderitem",
    "pk": 241
  },
  {
    "fields": {
      "issue_date": "2014-04-25",
      "description": "Freight, Insurance & Inspection",
      "sales_order": 63,
      "net_price": "1400.0000",
      "net_value": "1400.0000",
      "delivery_date": "2014-04-25"
    },
    "model": "eums.salesorderitem",
    "pk": 242
  },
  {
    "fields": {
      "issue_date": "2014-04-24",
      "description": "Helmet",
      "sales_order": 64,
      "net_price": "0.0000",
      "net_value": "0.0000",
      "delivery_date": "2014-04-24"
    },
    "model": "eums.salesorderitem",
    "pk": 243
  },
  {
    "fields": {
      "issue_date": "2014-04-24",
      "description": "Motorcycle,Yamaha DT125",
      "sales_order": 64,
      "net_price": "8924.6000",
      "net_value": "2231.1500",
      "delivery_date": "2014-04-24"
    },
    "model": "eums.salesorderitem",
    "pk": 244
  },
  {
    "fields": {
      "issue_date": "2014-04-23",
      "description": "Latrin material, wooden",
      "sales_order": 65,
      "net_price": "21950.0000",
      "net_value": "4.3900",
      "delivery_date": "2014-04-23"
    },
    "model": "eums.salesorderitem",
    "pk": 245
  },
  {
    "fields": {
      "issue_date": "2014-04-23",
      "description": "A5 Manila White printing paper for Birth",
      "sales_order": 66,
      "net_price": "60000.0000",
      "net_value": "5.0000",
      "delivery_date": "2014-04-23"
    },
    "model": "eums.salesorderitem",
    "pk": 246
  },
  {
    "fields": {
      "issue_date": "2014-04-23",
      "description": "Toner",
      "sales_order": 66,
      "net_price": "65564.0000",
      "net_value": "74.0000",
      "delivery_date": "2014-04-23"
    },
    "model": "eums.salesorderitem",
    "pk": 247
  },
  {
    "fields": {
      "issue_date": "2014-04-23",
      "description": "Printer",
      "sales_order": 66,
      "net_price": "8242.5000",
      "net_value": "274.7500",
      "delivery_date": "2014-04-23"
    },
    "model": "eums.salesorderitem",
    "pk": 248
  },
  {
    "fields": {
      "issue_date": "2014-04-23",
      "description": "APC Smart UPS",
      "sales_order": 66,
      "net_price": "2850.0000",
      "net_value": "285.0000",
      "delivery_date": "2014-04-23"
    },
    "model": "eums.salesorderitem",
    "pk": 249
  },
  {
    "fields": {
      "issue_date": "2014-04-16",
      "description": "EMO Effective Micro Organism Cleana",
      "sales_order": 67,
      "net_price": "50000.0000",
      "net_value": "5.0000",
      "delivery_date": "2014-04-16"
    },
    "model": "eums.salesorderitem",
    "pk": 250
  },
  {
    "fields": {
      "issue_date": "2014-04-16",
      "description": "Squatting plate, Latrine Slabs",
      "sales_order": 67,
      "net_price": "125000.0000",
      "net_value": "25.0000",
      "delivery_date": "2014-04-16"
    },
    "model": "eums.salesorderitem",
    "pk": 251
  },
  {
    "fields": {
      "issue_date": "2014-04-16",
      "description": "Latrine digging kits",
      "sales_order": 67,
      "net_price": "28750.0000",
      "net_value": "230.0000",
      "delivery_date": "2014-04-16"
    },
    "model": "eums.salesorderitem",
    "pk": 252
  },
  {
    "fields": {
      "issue_date": "2014-04-10",
      "description": "Stethoscope,foetal,Pinard",
      "sales_order": 68,
      "net_price": "5.4000",
      "net_value": "1.0800",
      "delivery_date": "2014-04-10"
    },
    "model": "eums.salesorderitem",
    "pk": 253
  },
  {
    "fields": {
      "issue_date": "2014-04-10",
      "description": "Basin,kidney,stainless steel,825ml",
      "sales_order": 68,
      "net_price": "39.2400",
      "net_value": "4.3600",
      "delivery_date": "2014-04-10"
    },
    "model": "eums.salesorderitem",
    "pk": 254
  },
  {
    "fields": {
      "issue_date": "2014-04-10",
      "description": "Surg.inst.,delivery /SET",
      "sales_order": 68,
      "net_price": "47.4800",
      "net_value": "5.2756",
      "delivery_date": "2014-04-10"
    },
    "model": "eums.salesorderitem",
    "pk": 255
  },
  {
    "fields": {
      "issue_date": "2014-04-10",
      "description": "Scale,infant,clinic,beamtype,16kg x 10g",
      "sales_order": 68,
      "net_price": "518.7500",
      "net_value": "86.4583",
      "delivery_date": "2014-04-10"
    },
    "model": "eums.salesorderitem",
    "pk": 256
  },
  {
    "fields": {
      "issue_date": "2014-04-10",
      "description": "Scale,electronic,mother/child,150kgx100g",
      "sales_order": 68,
      "net_price": "554.1600",
      "net_value": "138.5400",
      "delivery_date": "2014-04-10"
    },
    "model": "eums.salesorderitem",
    "pk": 257
  },
  {
    "fields": {
      "issue_date": "2014-04-10",
      "description": "Birth Cushion set",
      "sales_order": 68,
      "net_price": "836.0000",
      "net_value": "209.0000",
      "delivery_date": "2014-04-10"
    },
    "model": "eums.salesorderitem",
    "pk": 258
  },
  {
    "fields": {
      "issue_date": "2014-04-10",
      "description": "Resuscitation kit,basic",
      "sales_order": 68,
      "net_price": "2156.1700",
      "net_value": "359.3617",
      "delivery_date": "2014-04-10"
    },
    "model": "eums.salesorderitem",
    "pk": 259
  },
  {
    "fields": {
      "issue_date": "2014-04-10",
      "description": "Sterilization, kit C",
      "sales_order": 68,
      "net_price": "6138.5500",
      "net_value": "613.8550",
      "delivery_date": "2014-04-10"
    },
    "model": "eums.salesorderitem",
    "pk": 260
  },
  {
    "fields": {
      "issue_date": "2014-04-10",
      "description": "Freight, Insurance & Inspection",
      "sales_order": 68,
      "net_price": "1600.0000",
      "net_value": "1600.0000",
      "delivery_date": "2014-04-10"
    },
    "model": "eums.salesorderitem",
    "pk": 261
  },
  {
    "fields": {
      "issue_date": "2014-04-10",
      "description": "Mattress With PVC Cover,Adult",
      "sales_order": 69,
      "net_price": "6000.0000",
      "net_value": "120.0000",
      "delivery_date": "2014-04-10"
    },
    "model": "eums.salesorderitem",
    "pk": 262
  },
  {
    "fields": {
      "issue_date": "2014-04-10",
      "description": "Patient Bed:W.Back Rest & w.out castors",
      "sales_order": 69,
      "net_price": "10000.0000",
      "net_value": "1000.0000",
      "delivery_date": "2014-04-10"
    },
    "model": "eums.salesorderitem",
    "pk": 263
  },
  {
    "fields": {
      "issue_date": "2014-04-09",
      "description": "GUM BOOTS-White, use in labour rooms",
      "sales_order": 70,
      "net_price": "640.0000",
      "net_value": "40.0000",
      "delivery_date": "2014-04-09"
    },
    "model": "eums.salesorderitem",
    "pk": 264
  },
  {
    "fields": {
      "issue_date": "2014-04-09",
      "description": "Mattress With PVC Cover,Adul 190x90x10cm",
      "sales_order": 70,
      "net_price": "2600.0000",
      "net_value": "50.0000",
      "delivery_date": "2014-04-09"
    },
    "model": "eums.salesorderitem",
    "pk": 265
  },
  {
    "fields": {
      "issue_date": "2014-04-09",
      "description": "Surg.inst.,curettage /SET",
      "sales_order": 70,
      "net_price": "152.3600",
      "net_value": "76.1800",
      "delivery_date": "2014-04-09"
    },
    "model": "eums.salesorderitem",
    "pk": 266
  },
  {
    "fields": {
      "issue_date": "2014-04-09",
      "description": "Midwifery kit,2-equipment",
      "sales_order": 70,
      "net_price": "1367.3800",
      "net_value": "170.9225",
      "delivery_date": "2014-04-09"
    },
    "model": "eums.salesorderitem",
    "pk": 267
  },
  {
    "fields": {
      "issue_date": "2014-04-09",
      "description": "Patient Bed:With Back Rest& w.out castor",
      "sales_order": 70,
      "net_price": "9250.0000",
      "net_value": "196.8085",
      "delivery_date": "2014-04-09"
    },
    "model": "eums.salesorderitem",
    "pk": 268
  },
  {
    "fields": {
      "issue_date": "2014-04-09",
      "description": "Birth Cushion Set",
      "sales_order": 70,
      "net_price": "627.0000",
      "net_value": "209.0000",
      "delivery_date": "2014-04-09"
    },
    "model": "eums.salesorderitem",
    "pk": 269
  },
  {
    "fields": {
      "issue_date": "2014-04-09",
      "description": "Patient Bed: With castors",
      "sales_order": 70,
      "net_price": "3750.0000",
      "net_value": "250.0000",
      "delivery_date": "2014-04-09"
    },
    "model": "eums.salesorderitem",
    "pk": 270
  },
  {
    "fields": {
      "issue_date": "2014-04-09",
      "description": "Bed,labour/delivery,w/access",
      "sales_order": 70,
      "net_price": "4193.1200",
      "net_value": "524.1400",
      "delivery_date": "2014-04-09"
    },
    "model": "eums.salesorderitem",
    "pk": 271
  },
  {
    "fields": {
      "issue_date": "2014-04-09",
      "description": "Freight, Insurance & Inspection",
      "sales_order": 70,
      "net_price": "5500.0000",
      "net_value": "5500.0000",
      "delivery_date": "2014-04-09"
    },
    "model": "eums.salesorderitem",
    "pk": 272
  },
  {
    "fields": {
      "issue_date": "2014-04-07",
      "description": "Printing CP Mapping Report",
      "sales_order": 71,
      "net_price": "6000.0000",
      "net_value": "20.0000",
      "delivery_date": "2014-04-07"
    },
    "model": "eums.salesorderitem",
    "pk": 273
  },
  {
    "fields": {
      "issue_date": "2014-04-01",
      "description": "Tent,light weight,rectangular,24m\u00b2",
      "sales_order": 72,
      "net_price": "7838.3700",
      "net_value": "870.9300",
      "delivery_date": "2014-04-01"
    },
    "model": "eums.salesorderitem",
    "pk": 274
  },
  {
    "fields": {
      "issue_date": "2014-04-01",
      "description": "Tent,light weight,rectangular,72m\u00b2",
      "sales_order": 72,
      "net_price": "18836.7000",
      "net_value": "1883.6700",
      "delivery_date": "2014-04-01"
    },
    "model": "eums.salesorderitem",
    "pk": 275
  },
  {
    "fields": {
      "issue_date": "2014-04-01",
      "description": "Freight, Insurance & Inspection",
      "sales_order": 72,
      "net_price": "4500.0000",
      "net_value": "4500.0000",
      "delivery_date": "2014-04-01"
    },
    "model": "eums.salesorderitem",
    "pk": 276
  },
  {
    "fields": {
      "issue_date": "2014-03-31",
      "description": "Printed material",
      "sales_order": 73,
      "net_price": "1000.0000",
      "net_value": "0.0200",
      "delivery_date": "2014-03-31"
    },
    "model": "eums.salesorderitem",
    "pk": 277
  },
  {
    "fields": {
      "issue_date": "2014-03-31",
      "description": "Internet Modems - Orange",
      "sales_order": 73,
      "net_price": "158.0000",
      "net_value": "31.6000",
      "delivery_date": "2014-03-31"
    },
    "model": "eums.salesorderitem",
    "pk": 278
  },
  {
    "fields": {
      "issue_date": "2014-03-31",
      "description": "Internet Modems",
      "sales_order": 73,
      "net_price": "316.0000",
      "net_value": "63.2000",
      "delivery_date": "2014-03-31"
    },
    "model": "eums.salesorderitem",
    "pk": 279
  },
  {
    "fields": {
      "issue_date": "2014-03-28",
      "description": "PRINTING OF PRIMARY 4 MATHS BOOK",
      "sales_order": 74,
      "net_price": "10557.0000",
      "net_value": "1.5300",
      "delivery_date": "2014-03-28"
    },
    "model": "eums.salesorderitem",
    "pk": 280
  },
  {
    "fields": {
      "issue_date": "2014-03-27",
      "description": "Birth Cushion Set",
      "sales_order": 75,
      "net_price": "20900.0000",
      "net_value": "209.0000",
      "delivery_date": "2014-03-27"
    },
    "model": "eums.salesorderitem",
    "pk": 281
  },
  {
    "fields": {
      "issue_date": "2014-03-26",
      "description": "Tarpaulin,reinforc.,plastic,sheet,4x5m",
      "sales_order": 76,
      "net_price": "727.9000",
      "net_value": "12.1317",
      "delivery_date": "2014-03-26"
    },
    "model": "eums.salesorderitem",
    "pk": 282
  },
  {
    "fields": {
      "issue_date": "2014-03-26",
      "description": "Replenishment kit for S9935098",
      "sales_order": 76,
      "net_price": "1358.0300",
      "net_value": "45.2677",
      "delivery_date": "2014-03-26"
    },
    "model": "eums.salesorderitem",
    "pk": 283
  },
  {
    "fields": {
      "issue_date": "2014-03-26",
      "description": "Replenishment kit for S9935098",
      "sales_order": 76,
      "net_price": "679.0200",
      "net_value": "45.2680",
      "delivery_date": "2014-03-26"
    },
    "model": "eums.salesorderitem",
    "pk": 284
  },
  {
    "fields": {
      "issue_date": "2014-03-26",
      "description": "Recreation kit-in-a-carton",
      "sales_order": 76,
      "net_price": "4984.2600",
      "net_value": "68.2775",
      "delivery_date": "2014-03-26"
    },
    "model": "eums.salesorderitem",
    "pk": 285
  },
  {
    "fields": {
      "issue_date": "2014-03-26",
      "description": "Recreation kit-in-a-carton",
      "sales_order": 76,
      "net_price": "1843.5000",
      "net_value": "68.2778",
      "delivery_date": "2014-03-26"
    },
    "model": "eums.salesorderitem",
    "pk": 286
  },
  {
    "fields": {
      "issue_date": "2014-03-26",
      "description": "Tarpaulin,plastic,roll,4x50m",
      "sales_order": 76,
      "net_price": "1268.6500",
      "net_value": "126.8650",
      "delivery_date": "2014-03-26"
    },
    "model": "eums.salesorderitem",
    "pk": 287
  },
  {
    "fields": {
      "issue_date": "2014-03-26",
      "description": "Tarpaulin,plastic,roll,4x50m",
      "sales_order": 76,
      "net_price": "1268.6500",
      "net_value": "126.8650",
      "delivery_date": "2014-03-26"
    },
    "model": "eums.salesorderitem",
    "pk": 288
  },
  {
    "fields": {
      "issue_date": "2014-03-26",
      "description": "Tent,light weight,rectangular,24m\u00b2",
      "sales_order": 76,
      "net_price": "8709.3000",
      "net_value": "870.9300",
      "delivery_date": "2014-03-26"
    },
    "model": "eums.salesorderitem",
    "pk": 289
  },
  {
    "fields": {
      "issue_date": "2014-03-26",
      "description": "Tent,light weight,rectangular,24m\u00b2",
      "sales_order": 76,
      "net_price": "26127.9000",
      "net_value": "870.9300",
      "delivery_date": "2014-03-26"
    },
    "model": "eums.salesorderitem",
    "pk": 290
  },
  {
    "fields": {
      "issue_date": "2014-03-26",
      "description": "Tent,light weight,rectangular,42m\u00b2",
      "sales_order": 76,
      "net_price": "10697.4400",
      "net_value": "1337.1800",
      "delivery_date": "2014-03-26"
    },
    "model": "eums.salesorderitem",
    "pk": 291
  },
  {
    "fields": {
      "issue_date": "2014-03-26",
      "description": "Tent,light weight,rectangular,72m\u00b2",
      "sales_order": 76,
      "net_price": "36921.8000",
      "net_value": "1846.0900",
      "delivery_date": "2014-03-26"
    },
    "model": "eums.salesorderitem",
    "pk": 292
  },
  {
    "fields": {
      "issue_date": "2014-03-26",
      "description": "Freight, Insurance & Inspection",
      "sales_order": 76,
      "net_price": "15000.0000",
      "net_value": "15000.0000",
      "delivery_date": "2014-03-26"
    },
    "model": "eums.salesorderitem",
    "pk": 293
  },
  {
    "fields": {
      "issue_date": "2014-03-24",
      "description": "Measles vaccine,vial of 10 doses",
      "sales_order": 77,
      "net_price": "113400.0000",
      "net_value": "2.5200",
      "delivery_date": "2014-03-24"
    },
    "model": "eums.salesorderitem",
    "pk": 294
  },
  {
    "fields": {
      "issue_date": "2014-03-24",
      "description": "Syringe,A-D,0.5ml,Soloshot Mini/BOX-100",
      "sales_order": 77,
      "net_price": "20790.0000",
      "net_value": "4.6200",
      "delivery_date": "2014-03-24"
    },
    "model": "eums.salesorderitem",
    "pk": 295
  },
  {
    "fields": {
      "issue_date": "2014-03-24",
      "description": "Syringe,RUP, 5ml,w/fixed ndl/BOX-100",
      "sales_order": 77,
      "net_price": "2334.7800",
      "net_value": "5.1884",
      "delivery_date": "2014-03-24"
    },
    "model": "eums.salesorderitem",
    "pk": 296
  },
  {
    "fields": {
      "issue_date": "2014-03-24",
      "description": "Safety box f.used syrgs/ndls 5lt/BOX-25",
      "sales_order": 77,
      "net_price": "14.1100",
      "net_value": "14.1100",
      "delivery_date": "2014-03-24"
    },
    "model": "eums.salesorderitem",
    "pk": 297
  },
  {
    "fields": {
      "issue_date": "2014-03-24",
      "description": "Safety box f.used syrgs/ndls 5lt/BOX-25",
      "sales_order": 77,
      "net_price": "2946.4500",
      "net_value": "14.9566",
      "delivery_date": "2014-03-24"
    },
    "model": "eums.salesorderitem",
    "pk": 298
  },
  {
    "fields": {
      "issue_date": "2014-03-24",
      "description": "Freight, Insurance & Inspection",
      "sales_order": 77,
      "net_price": "22000.0000",
      "net_value": "22000.0000",
      "delivery_date": "2014-03-24"
    },
    "model": "eums.salesorderitem",
    "pk": 299
  },
  {
    "fields": {
      "issue_date": "2014-03-24",
      "description": "A4 Size booklet",
      "sales_order": 78,
      "net_price": "53298.0000",
      "net_value": "9.8700",
      "delivery_date": "2014-03-24"
    },
    "model": "eums.salesorderitem",
    "pk": 300
  },
  {
    "fields": {
      "issue_date": "2014-03-19",
      "description": "Posters",
      "sales_order": 79,
      "net_price": "504.0000",
      "net_value": "0.2800",
      "delivery_date": "2014-03-19"
    },
    "model": "eums.salesorderitem",
    "pk": 301
  },
  {
    "fields": {
      "issue_date": "2014-03-19",
      "description": "Child Poverty Report Voices",
      "sales_order": 79,
      "net_price": "768.0000",
      "net_value": "0.9600",
      "delivery_date": "2014-03-19"
    },
    "model": "eums.salesorderitem",
    "pk": 302
  },
  {
    "fields": {
      "issue_date": "2014-03-19",
      "description": "Child Poverty Report Analysis",
      "sales_order": 79,
      "net_price": "960.0000",
      "net_value": "1.2000",
      "delivery_date": "2014-03-19"
    },
    "model": "eums.salesorderitem",
    "pk": 303
  },
  {
    "fields": {
      "issue_date": "2014-03-17",
      "description": "TV & radio transmitters&part/access",
      "sales_order": 80,
      "net_price": "3000.0000",
      "net_value": "1500.0000",
      "delivery_date": "2014-03-17"
    },
    "model": "eums.salesorderitem",
    "pk": 304
  },
  {
    "fields": {
      "issue_date": "2014-03-11",
      "description": "OTC Client cards",
      "sales_order": 81,
      "net_price": "250.0000",
      "net_value": "0.0500",
      "delivery_date": "2014-03-11"
    },
    "model": "eums.salesorderitem",
    "pk": 305
  },
  {
    "fields": {
      "issue_date": "2014-03-11",
      "description": "Ration cards",
      "sales_order": 81,
      "net_price": "250.0000",
      "net_value": "0.0500",
      "delivery_date": "2014-03-11"
    },
    "model": "eums.salesorderitem",
    "pk": 306
  },
  {
    "fields": {
      "issue_date": "2014-03-11",
      "description": "Clinical Monitoring Forms",
      "sales_order": 81,
      "net_price": "39500.0000",
      "net_value": "7.9000",
      "delivery_date": "2014-03-11"
    },
    "model": "eums.salesorderitem",
    "pk": 307
  },
  {
    "fields": {
      "issue_date": "2014-03-11",
      "description": "Monthly report forms",
      "sales_order": 81,
      "net_price": "3950.0000",
      "net_value": "7.9000",
      "delivery_date": "2014-03-11"
    },
    "model": "eums.salesorderitem",
    "pk": 308
  },
  {
    "fields": {
      "issue_date": "2014-03-11",
      "description": "OTC Registers",
      "sales_order": 81,
      "net_price": "3950.0000",
      "net_value": "7.9000",
      "delivery_date": "2014-03-11"
    },
    "model": "eums.salesorderitem",
    "pk": 309
  },
  {
    "fields": {
      "issue_date": "2014-03-11",
      "description": "New IYCF Guidelines (2012)",
      "sales_order": 81,
      "net_price": "7900.0000",
      "net_value": "7.9000",
      "delivery_date": "2014-03-11"
    },
    "model": "eums.salesorderitem",
    "pk": 310
  },
  {
    "fields": {
      "issue_date": "2014-03-11",
      "description": "IYCF Counselling cards",
      "sales_order": 81,
      "net_price": "7900.0000",
      "net_value": "7.9000",
      "delivery_date": "2014-03-11"
    },
    "model": "eums.salesorderitem",
    "pk": 311
  },
  {
    "fields": {
      "issue_date": "2014-02-28",
      "description": "Bookend",
      "sales_order": 82,
      "net_price": "404.0000",
      "net_value": "4.0400",
      "delivery_date": "2014-02-28"
    },
    "model": "eums.salesorderitem",
    "pk": 312
  },
  {
    "fields": {
      "issue_date": "2014-02-27",
      "description": "Dispensing bags, plastic (PAK 100)",
      "sales_order": 83,
      "net_price": "5621.2800",
      "net_value": "0.4200",
      "delivery_date": "2014-02-27"
    },
    "model": "eums.salesorderitem",
    "pk": 313
  },
  {
    "fields": {
      "issue_date": "2014-02-27",
      "description": "Polythene \"biohazard\" bags (red)",
      "sales_order": 83,
      "net_price": "15446.0000",
      "net_value": "0.5000",
      "delivery_date": "2014-02-27"
    },
    "model": "eums.salesorderitem",
    "pk": 314
  },
  {
    "fields": {
      "issue_date": "2014-02-27",
      "description": "Disinfectant ( 1000 ml Bottle)",
      "sales_order": 83,
      "net_price": "30597.6000",
      "net_value": "2.2000",
      "delivery_date": "2014-02-27"
    },
    "model": "eums.salesorderitem",
    "pk": 315
  },
  {
    "fields": {
      "issue_date": "2014-02-27",
      "description": "Cotton wool, 250g, roll, non-ster",
      "sales_order": 83,
      "net_price": "32257.4400",
      "net_value": "3.9300",
      "delivery_date": "2014-02-27"
    },
    "model": "eums.salesorderitem",
    "pk": 316
  },
  {
    "fields": {
      "issue_date": "2014-02-27",
      "description": "Gloves, non-sterile, latex, large dispos",
      "sales_order": 83,
      "net_price": "86276.1600",
      "net_value": "6.9600",
      "delivery_date": "2014-02-27"
    },
    "model": "eums.salesorderitem",
    "pk": 317
  },
  {
    "fields": {
      "issue_date": "2014-02-27",
      "description": "Portable examination beds",
      "sales_order": 83,
      "net_price": "45000.0000",
      "net_value": "150.0000",
      "delivery_date": "2014-02-27"
    },
    "model": "eums.salesorderitem",
    "pk": 318
  },
  {
    "fields": {
      "issue_date": "2014-02-27",
      "description": "Albendazole 400mg chewable tabs/PAC-100",
      "sales_order": 84,
      "net_price": "3823.5500",
      "net_value": "2.0601",
      "delivery_date": "2014-02-27"
    },
    "model": "eums.salesorderitem",
    "pk": 319
  },
  {
    "fields": {
      "issue_date": "2014-02-27",
      "description": "Fe(as fum.)+folic 60+0.4mg tab/PAC-1000",
      "sales_order": 84,
      "net_price": "85016.2100",
      "net_value": "5.5917",
      "delivery_date": "2014-02-27"
    },
    "model": "eums.salesorderitem",
    "pk": 320
  },
  {
    "fields": {
      "issue_date": "2014-02-27",
      "description": "Retinol 100,000IU soft gel.caps/PAC-500",
      "sales_order": 84,
      "net_price": "231.8200",
      "net_value": "8.9162",
      "delivery_date": "2014-02-27"
    },
    "model": "eums.salesorderitem",
    "pk": 321
  },
  {
    "fields": {
      "issue_date": "2014-02-27",
      "description": "Safety box f.used syrgs/ndls 5lt/BOX-25",
      "sales_order": 84,
      "net_price": "6281.7700",
      "net_value": "14.9566",
      "delivery_date": "2014-02-27"
    },
    "model": "eums.salesorderitem",
    "pk": 322
  },
  {
    "fields": {
      "issue_date": "2014-02-27",
      "description": "Sulfadox+Pyrimeth 500+25mg tabs/PAC-1000",
      "sales_order": 84,
      "net_price": "54182.4000",
      "net_value": "24.9000",
      "delivery_date": "2014-02-27"
    },
    "model": "eums.salesorderitem",
    "pk": 323
  },
  {
    "fields": {
      "issue_date": "2014-02-27",
      "description": "Freight, Insurance & Inspection",
      "sales_order": 84,
      "net_price": "46600.0000",
      "net_value": "46600.0000",
      "delivery_date": "2014-02-27"
    },
    "model": "eums.salesorderitem",
    "pk": 324
  },
  {
    "fields": {
      "issue_date": "2014-02-26",
      "description": "Graph Book ( 48 pages)",
      "sales_order": 85,
      "net_price": "2169.9900",
      "net_value": "0.8100",
      "delivery_date": "2014-02-26"
    },
    "model": "eums.salesorderitem",
    "pk": 325
  },
  {
    "fields": {
      "issue_date": "2014-02-26",
      "description": "Art Book (48 pages)",
      "sales_order": 85,
      "net_price": "2169.9900",
      "net_value": "0.8100",
      "delivery_date": "2014-02-26"
    },
    "model": "eums.salesorderitem",
    "pk": 326
  },
  {
    "fields": {
      "issue_date": "2014-02-26",
      "description": "Pencils (HB)",
      "sales_order": 85,
      "net_price": "12966.3600",
      "net_value": "1.2100",
      "delivery_date": "2014-02-26"
    },
    "model": "eums.salesorderitem",
    "pk": 327
  },
  {
    "fields": {
      "issue_date": "2014-02-26",
      "description": "Counter books 2 Quire",
      "sales_order": 85,
      "net_price": "17252.7600",
      "net_value": "1.6100",
      "delivery_date": "2014-02-26"
    },
    "model": "eums.salesorderitem",
    "pk": 328
  },
  {
    "fields": {
      "issue_date": "2014-02-26",
      "description": "Mathematical set (Oxford)",
      "sales_order": 85,
      "net_price": "1437.7300",
      "net_value": "1.6100",
      "delivery_date": "2014-02-26"
    },
    "model": "eums.salesorderitem",
    "pk": 329
  },
  {
    "fields": {
      "issue_date": "2014-02-26",
      "description": "Box file (ALBA RADO)",
      "sales_order": 85,
      "net_price": "1803.8600",
      "net_value": "2.0200",
      "delivery_date": "2014-02-26"
    },
    "model": "eums.salesorderitem",
    "pk": 330
  },
  {
    "fields": {
      "issue_date": "2014-02-26",
      "description": "Pens (BIC)",
      "sales_order": 85,
      "net_price": "25932.7200",
      "net_value": "2.4200",
      "delivery_date": "2014-02-26"
    },
    "model": "eums.salesorderitem",
    "pk": 331
  },
  {
    "fields": {
      "issue_date": "2014-02-26",
      "description": "Packaging and Branding",
      "sales_order": 85,
      "net_price": "2946.9000",
      "net_value": "3.3000",
      "delivery_date": "2014-02-26"
    },
    "model": "eums.salesorderitem",
    "pk": 332
  },
  {
    "fields": {
      "issue_date": "2014-02-26",
      "description": "Sanitary Pads (Afripads)",
      "sales_order": 85,
      "net_price": "6483.1800",
      "net_value": "3.6300",
      "delivery_date": "2014-02-26"
    },
    "model": "eums.salesorderitem",
    "pk": 333
  },
  {
    "fields": {
      "issue_date": "2014-02-24",
      "description": "Tshirts",
      "sales_order": 86,
      "net_price": "1210.0000",
      "net_value": "6.0500",
      "delivery_date": "2014-02-24"
    },
    "model": "eums.salesorderitem",
    "pk": 334
  },
  {
    "fields": {
      "issue_date": "2014-02-24",
      "description": "Bicycles",
      "sales_order": 86,
      "net_price": "6053.4000",
      "net_value": "100.8900",
      "delivery_date": "2014-02-24"
    },
    "model": "eums.salesorderitem",
    "pk": 335
  },
  {
    "fields": {
      "issue_date": "2014-02-21",
      "description": "Flyers: Tippy Tap",
      "sales_order": 87,
      "net_price": "300.0000",
      "net_value": "0.0500",
      "delivery_date": "2014-02-21"
    },
    "model": "eums.salesorderitem",
    "pk": 336
  },
  {
    "fields": {
      "issue_date": "2014-02-21",
      "description": "Flyers: Feeding children",
      "sales_order": 87,
      "net_price": "300.0000",
      "net_value": "0.0500",
      "delivery_date": "2014-02-21"
    },
    "model": "eums.salesorderitem",
    "pk": 337
  },
  {
    "fields": {
      "issue_date": "2014-02-21",
      "description": "Flyers: Breast feeding",
      "sales_order": 87,
      "net_price": "300.0000",
      "net_value": "0.0500",
      "delivery_date": "2014-02-21"
    },
    "model": "eums.salesorderitem",
    "pk": 338
  },
  {
    "fields": {
      "issue_date": "2014-02-21",
      "description": "Flyers: Hand washing",
      "sales_order": 87,
      "net_price": "300.0000",
      "net_value": "0.0500",
      "delivery_date": "2014-02-21"
    },
    "model": "eums.salesorderitem",
    "pk": 339
  },
  {
    "fields": {
      "issue_date": "2014-02-21",
      "description": "Flyers: Making water safe",
      "sales_order": 87,
      "net_price": "300.0000",
      "net_value": "0.0500",
      "delivery_date": "2014-02-21"
    },
    "model": "eums.salesorderitem",
    "pk": 340
  },
  {
    "fields": {
      "issue_date": "2014-02-21",
      "description": "Flyers: How to avoid diarrhea",
      "sales_order": 87,
      "net_price": "300.0000",
      "net_value": "0.0500",
      "delivery_date": "2014-02-21"
    },
    "model": "eums.salesorderitem",
    "pk": 341
  },
  {
    "fields": {
      "issue_date": "2014-02-21",
      "description": "Printed booklet-Message Booklet",
      "sales_order": 87,
      "net_price": "3720.0000",
      "net_value": "1.8600",
      "delivery_date": "2014-02-21"
    },
    "model": "eums.salesorderitem",
    "pk": 342
  },
  {
    "fields": {
      "issue_date": "2014-02-19",
      "description": "Squatting plate, Latrine Slab",
      "sales_order": 88,
      "net_price": "100000.0000",
      "net_value": "25.0000",
      "delivery_date": "2014-02-19"
    },
    "model": "eums.salesorderitem",
    "pk": 343
  },
  {
    "fields": {
      "issue_date": "2014-02-18",
      "description": "Computer, laptop",
      "sales_order": 89,
      "net_price": "800.0000",
      "net_value": "800.0000",
      "delivery_date": "2014-02-18"
    },
    "model": "eums.salesorderitem",
    "pk": 344
  },
  {
    "fields": {
      "issue_date": "2014-02-18",
      "description": "Expendables for use with IT equipment",
      "sales_order": 90,
      "net_price": "0.0000",
      "net_value": "0.0000",
      "delivery_date": "2014-02-18"
    },
    "model": "eums.salesorderitem",
    "pk": 345
  },
  {
    "fields": {
      "issue_date": "2014-02-18",
      "description": "Expendables for use with IT equipment",
      "sales_order": 90,
      "net_price": "330.0000",
      "net_value": "11.0000",
      "delivery_date": "2014-02-18"
    },
    "model": "eums.salesorderitem",
    "pk": 346
  },
  {
    "fields": {
      "issue_date": "2014-02-18",
      "description": "Expendables for use with IT equipment",
      "sales_order": 90,
      "net_price": "1470.0000",
      "net_value": "49.0000",
      "delivery_date": "2014-02-18"
    },
    "model": "eums.salesorderitem",
    "pk": 347
  },
  {
    "fields": {
      "issue_date": "2014-02-18",
      "description": "Toner",
      "sales_order": 90,
      "net_price": "15000.0000",
      "net_value": "75.0000",
      "delivery_date": "2014-02-18"
    },
    "model": "eums.salesorderitem",
    "pk": 348
  },
  {
    "fields": {
      "issue_date": "2014-02-18",
      "description": "Computers,laptop/notebook",
      "sales_order": 90,
      "net_price": "37050.0000",
      "net_value": "1235.0000",
      "delivery_date": "2014-02-18"
    },
    "model": "eums.salesorderitem",
    "pk": 349
  },
  {
    "fields": {
      "issue_date": "2014-02-18",
      "description": "Freight, Insurance & Inspection",
      "sales_order": 90,
      "net_price": "8700.0000",
      "net_value": "8700.0000",
      "delivery_date": "2014-02-18"
    },
    "model": "eums.salesorderitem",
    "pk": 350
  },
  {
    "fields": {
      "issue_date": "2014-02-11",
      "description": "Booklet: Introduction to Quality Improv'",
      "sales_order": 91,
      "net_price": "1332.0000",
      "net_value": "22.2000",
      "delivery_date": "2014-02-11"
    },
    "model": "eums.salesorderitem",
    "pk": 351
  },
  {
    "fields": {
      "issue_date": "2014-02-11",
      "description": "Booklet:-Immunisation Practice in Ug",
      "sales_order": 91,
      "net_price": "2118.0000",
      "net_value": "35.3000",
      "delivery_date": "2014-02-11"
    },
    "model": "eums.salesorderitem",
    "pk": 352
  },
  {
    "fields": {
      "issue_date": "2014-02-07",
      "description": "Table,baby dressing",
      "sales_order": 92,
      "net_price": "53548.0000",
      "net_value": "1217.0000",
      "delivery_date": "2014-02-07"
    },
    "model": "eums.salesorderitem",
    "pk": 353
  },
  {
    "fields": {
      "issue_date": "2014-02-07",
      "description": "Freight, Insurance & Inspection",
      "sales_order": 92,
      "net_price": "2500.0000",
      "net_value": "2500.0000",
      "delivery_date": "2014-02-07"
    },
    "model": "eums.salesorderitem",
    "pk": 354
  },
  {
    "fields": {
      "issue_date": "2014-02-06",
      "description": "RMNCH Plan",
      "sales_order": 93,
      "net_price": "24000.0000",
      "net_value": "12.0000",
      "delivery_date": "2014-02-06"
    },
    "model": "eums.salesorderitem",
    "pk": 355
  },
  {
    "fields": {
      "issue_date": "2014-02-05",
      "description": "Printed booklet",
      "sales_order": 94,
      "net_price": "29580.0000",
      "net_value": "9.8600",
      "delivery_date": "2014-02-05"
    },
    "model": "eums.salesorderitem",
    "pk": 356
  },
  {
    "fields": {
      "issue_date": "2014-02-04",
      "description": "Amoxicillin 125mg disp.tab/PAC-20",
      "sales_order": 95,
      "net_price": "26419.5000",
      "net_value": "1.5000",
      "delivery_date": "2014-02-04"
    },
    "model": "eums.salesorderitem",
    "pk": 357
  },
  {
    "fields": {
      "issue_date": "2014-02-04",
      "description": "Artem 20mg+Lumef120mg disp tabs/6/PAC-30",
      "sales_order": 95,
      "net_price": "13989.9100",
      "net_value": "14.2900",
      "delivery_date": "2014-02-04"
    },
    "model": "eums.salesorderitem",
    "pk": 358
  },
  {
    "fields": {
      "issue_date": "2014-02-04",
      "description": "Artem20mg+Lumef120mg disp tabs/12/PAC-30",
      "sales_order": 95,
      "net_price": "27637.1700",
      "net_value": "28.2300",
      "delivery_date": "2014-02-04"
    },
    "model": "eums.salesorderitem",
    "pk": 359
  },
  {
    "fields": {
      "issue_date": "2014-02-04",
      "description": "ORS low osm. 20.5g/1L CAR/10x100",
      "sales_order": 95,
      "net_price": "6790.1800",
      "net_value": "77.1611",
      "delivery_date": "2014-02-04"
    },
    "model": "eums.salesorderitem",
    "pk": 360
  },
  {
    "fields": {
      "issue_date": "2014-02-04",
      "description": "Freight, Insurance & Inspection",
      "sales_order": 95,
      "net_price": "11500.0000",
      "net_value": "11500.0000",
      "delivery_date": "2014-02-04"
    },
    "model": "eums.salesorderitem",
    "pk": 361
  },
  {
    "fields": {
      "issue_date": "2014-02-04",
      "description": "Amoxicillin 125mg disp.tab/PAC-20",
      "sales_order": 96,
      "net_price": "58899.0000",
      "net_value": "1.5000",
      "delivery_date": "2014-02-04"
    },
    "model": "eums.salesorderitem",
    "pk": 362
  },
  {
    "fields": {
      "issue_date": "2014-02-04",
      "description": "Artem 20mg+Lumef120mg disp tabs/6/PAC-30",
      "sales_order": 96,
      "net_price": "31266.5200",
      "net_value": "14.2900",
      "delivery_date": "2014-02-04"
    },
    "model": "eums.salesorderitem",
    "pk": 363
  },
  {
    "fields": {
      "issue_date": "2014-02-04",
      "description": "Artem20mg+Lumef120mg disp tabs/12/PAC-30",
      "sales_order": 96,
      "net_price": "61767.2400",
      "net_value": "28.2300",
      "delivery_date": "2014-02-04"
    },
    "model": "eums.salesorderitem",
    "pk": 364
  },
  {
    "fields": {
      "issue_date": "2014-02-04",
      "description": "ORS low osm. 20.5g/1L CAR/10x100",
      "sales_order": 96,
      "net_price": "15200.7400",
      "net_value": "77.1611",
      "delivery_date": "2014-02-04"
    },
    "model": "eums.salesorderitem",
    "pk": 365
  },
  {
    "fields": {
      "issue_date": "2014-02-04",
      "description": "Freight, Insurance & Inspection",
      "sales_order": 96,
      "net_price": "25500.0000",
      "net_value": "25500.0000",
      "delivery_date": "2014-02-04"
    },
    "model": "eums.salesorderitem",
    "pk": 366
  },
  {
    "fields": {
      "issue_date": "2014-02-04",
      "description": "Amoxicillin 125mg disp.tab/PAC-20",
      "sales_order": 97,
      "net_price": "105033.0000",
      "net_value": "1.5000",
      "delivery_date": "2014-02-04"
    },
    "model": "eums.salesorderitem",
    "pk": 367
  },
  {
    "fields": {
      "issue_date": "2014-02-04",
      "description": "Artem 20mg+Lumef120mg disp tabs/6/PAC-30",
      "sales_order": 97,
      "net_price": "39854.8100",
      "net_value": "14.2900",
      "delivery_date": "2014-02-04"
    },
    "model": "eums.salesorderitem",
    "pk": 368
  },
  {
    "fields": {
      "issue_date": "2014-02-04",
      "description": "Artem20mg+Lumef120mg disp tabs/12/PAC-30",
      "sales_order": 97,
      "net_price": "78733.4700",
      "net_value": "28.2300",
      "delivery_date": "2014-02-04"
    },
    "model": "eums.salesorderitem",
    "pk": 369
  },
  {
    "fields": {
      "issue_date": "2014-02-04",
      "description": "ORS low osm. 20.5g/1L CAR/10x100",
      "sales_order": 97,
      "net_price": "6481.5300",
      "net_value": "77.1611",
      "delivery_date": "2014-02-04"
    },
    "model": "eums.salesorderitem",
    "pk": 370
  },
  {
    "fields": {
      "issue_date": "2014-02-04",
      "description": "Freight, Insurance & Inspection",
      "sales_order": 97,
      "net_price": "18750.0000",
      "net_value": "18750.0000",
      "delivery_date": "2014-02-04"
    },
    "model": "eums.salesorderitem",
    "pk": 371
  },
  {
    "fields": {
      "issue_date": "2014-01-31",
      "description": "EMO Effective Micro Organism Cleana",
      "sales_order": 98,
      "net_price": "26000.0000",
      "net_value": "1.3000",
      "delivery_date": "2014-01-31"
    },
    "model": "eums.salesorderitem",
    "pk": 372
  },
  {
    "fields": {
      "issue_date": "2014-01-31",
      "description": "Chlorine test,DPD N\u00ba3,Rapid,tabs/PAC-250",
      "sales_order": 98,
      "net_price": "189.7500",
      "net_value": "7.5900",
      "delivery_date": "2014-01-31"
    },
    "model": "eums.salesorderitem",
    "pk": 373
  },
  {
    "fields": {
      "issue_date": "2014-01-31",
      "description": "Bar Soap 800gm",
      "sales_order": 98,
      "net_price": "25000.0000",
      "net_value": "25.0000",
      "delivery_date": "2014-01-31"
    },
    "model": "eums.salesorderitem",
    "pk": 374
  },
  {
    "fields": {
      "issue_date": "2014-01-31",
      "description": "Hygiene kit,adult",
      "sales_order": 98,
      "net_price": "30000.0000",
      "net_value": "60.0000",
      "delivery_date": "2014-01-31"
    },
    "model": "eums.salesorderitem",
    "pk": 375
  },
  {
    "fields": {
      "issue_date": "2014-01-31",
      "description": "Chlorine/pH, Pool Tester Kit for 250 tst",
      "sales_order": 98,
      "net_price": "1000.0000",
      "net_value": "100.0000",
      "delivery_date": "2014-01-31"
    },
    "model": "eums.salesorderitem",
    "pk": 376
  },
  {
    "fields": {
      "issue_date": "2014-01-31",
      "description": "Water purif.(NaDCC) 67mg tabs/BOX-16000",
      "sales_order": 98,
      "net_price": "27472.5000",
      "net_value": "109.8900",
      "delivery_date": "2014-01-31"
    },
    "model": "eums.salesorderitem",
    "pk": 377
  },
  {
    "fields": {
      "issue_date": "2014-01-31",
      "description": "Sanitation Digging Kit",
      "sales_order": 98,
      "net_price": "20000.0000",
      "net_value": "200.0000",
      "delivery_date": "2014-01-31"
    },
    "model": "eums.salesorderitem",
    "pk": 378
  },
  {
    "fields": {
      "issue_date": "2014-01-31",
      "description": "Water quality assessment kit,basic",
      "sales_order": 98,
      "net_price": "6344.6200",
      "net_value": "3172.3100",
      "delivery_date": "2014-01-31"
    },
    "model": "eums.salesorderitem",
    "pk": 379
  },
  {
    "fields": {
      "issue_date": "2014-01-31",
      "description": "Freight, Insurance & Inspection",
      "sales_order": 98,
      "net_price": "8700.0000",
      "net_value": "8700.0000",
      "delivery_date": "2014-01-31"
    },
    "model": "eums.salesorderitem",
    "pk": 380
  },
  {
    "fields": {
      "issue_date": "2014-01-31",
      "description": "MUAC,Child 11.5 Red/PAC-50",
      "sales_order": 99,
      "net_price": "32482.0000",
      "net_value": "3.2482",
      "delivery_date": "2014-01-31"
    },
    "model": "eums.salesorderitem",
    "pk": 381
  },
  {
    "fields": {
      "issue_date": "2014-01-31",
      "description": "MUAC,Adult,without colour code/PAC-50",
      "sales_order": 99,
      "net_price": "7848.0000",
      "net_value": "7.8480",
      "delivery_date": "2014-01-31"
    },
    "model": "eums.salesorderitem",
    "pk": 382
  },
  {
    "fields": {
      "issue_date": "2014-01-31",
      "description": "Therapeutic spread,sachet 92g/CAR-150",
      "sales_order": 99,
      "net_price": "540000.0000",
      "net_value": "54.0000",
      "delivery_date": "2014-01-31"
    },
    "model": "eums.salesorderitem",
    "pk": 383
  },
  {
    "fields": {
      "issue_date": "2014-01-31",
      "description": "F-100 therap. diet, sachet,114g/CAR-90",
      "sales_order": 99,
      "net_price": "30000.0000",
      "net_value": "60.0000",
      "delivery_date": "2014-01-31"
    },
    "model": "eums.salesorderitem",
    "pk": 384
  },
  {
    "fields": {
      "issue_date": "2014-01-31",
      "description": "F-75 therap.diet,sachet, 102.5g/CAR-120",
      "sales_order": 99,
      "net_price": "30000.0000",
      "net_value": "60.0000",
      "delivery_date": "2014-01-31"
    },
    "model": "eums.salesorderitem",
    "pk": 385
  },
  {
    "fields": {
      "issue_date": "2014-01-31",
      "description": "ReSoMal,42g sachet for 1 litre/CAR-100",
      "sales_order": 99,
      "net_price": "3270.0000",
      "net_value": "65.4000",
      "delivery_date": "2014-01-31"
    },
    "model": "eums.salesorderitem",
    "pk": 386
  },
  {
    "fields": {
      "issue_date": "2014-01-31",
      "description": "Scale,electronic,mother/child,150kgx100g",
      "sales_order": 99,
      "net_price": "41564.9700",
      "net_value": "138.5499",
      "delivery_date": "2014-01-31"
    },
    "model": "eums.salesorderitem",
    "pk": 387
  },
  {
    "fields": {
      "issue_date": "2014-01-31",
      "description": "Portable baby/child L-hgt mea.syst/SET-2",
      "sales_order": 99,
      "net_price": "38804.0000",
      "net_value": "194.0200",
      "delivery_date": "2014-01-31"
    },
    "model": "eums.salesorderitem",
    "pk": 388
  },
  {
    "fields": {
      "issue_date": "2014-01-31",
      "description": "Portable baby/chd/adt L-H mea.syst/SET-2",
      "sales_order": 99,
      "net_price": "14495.9100",
      "net_value": "289.9182",
      "delivery_date": "2014-01-31"
    },
    "model": "eums.salesorderitem",
    "pk": 389
  },
  {
    "fields": {
      "issue_date": "2014-01-31",
      "description": "Nut. kit,inpatient,module-equipment",
      "sales_order": 99,
      "net_price": "17423.5400",
      "net_value": "1742.3540",
      "delivery_date": "2014-01-31"
    },
    "model": "eums.salesorderitem",
    "pk": 390
  },
  {
    "fields": {
      "issue_date": "2014-01-31",
      "description": "Freight",
      "sales_order": 99,
      "net_price": "115689.0000",
      "net_value": "115689.0000",
      "delivery_date": "2014-01-31"
    },
    "model": "eums.salesorderitem",
    "pk": 391
  },
  {
    "fields": {
      "issue_date": "2014-01-30",
      "description": "Scan Disk 4GB Flash Card",
      "sales_order": 100,
      "net_price": "85.0000",
      "net_value": "8.5000",
      "delivery_date": "2014-01-30"
    },
    "model": "eums.salesorderitem",
    "pk": 392
  },
  {
    "fields": {
      "issue_date": "2014-01-30",
      "description": "I GB data top up bundles",
      "sales_order": 100,
      "net_price": "226.5000",
      "net_value": "22.6500",
      "delivery_date": "2014-01-30"
    },
    "model": "eums.salesorderitem",
    "pk": 393
  },
  {
    "fields": {
      "issue_date": "2014-01-30",
      "description": "3 GB top up for the modems",
      "sales_order": 100,
      "net_price": "154.6800",
      "net_value": "38.6700",
      "delivery_date": "2014-01-30"
    },
    "model": "eums.salesorderitem",
    "pk": 394
  },
  {
    "fields": {
      "issue_date": "2014-01-30",
      "description": "USB Modems",
      "sales_order": 100,
      "net_price": "155.6000",
      "net_value": "38.9000",
      "delivery_date": "2014-01-30"
    },
    "model": "eums.salesorderitem",
    "pk": 395
  },
  {
    "fields": {
      "issue_date": "2014-01-30",
      "description": "Samsung Galaxy Fame",
      "sales_order": 100,
      "net_price": "2006.5000",
      "net_value": "200.6500",
      "delivery_date": "2014-01-30"
    },
    "model": "eums.salesorderitem",
    "pk": 396
  },
  {
    "fields": {
      "issue_date": "2014-01-24",
      "description": "HP Probook Computer Laptop 4340s",
      "sales_order": 101,
      "net_price": "2400.0000",
      "net_value": "800.0000",
      "delivery_date": "2014-01-24"
    },
    "model": "eums.salesorderitem",
    "pk": 397
  },
  {
    "fields": {
      "issue_date": "2014-01-20",
      "description": "Measles vaccine,vial of 10 doses",
      "sales_order": 102,
      "net_price": "25200.0000",
      "net_value": "2.5200",
      "delivery_date": "2014-01-20"
    },
    "model": "eums.salesorderitem",
    "pk": 398
  },
  {
    "fields": {
      "issue_date": "2014-01-20",
      "description": "Oral Polio Vaccine,vial of 20 doses",
      "sales_order": 102,
      "net_price": "14000.0000",
      "net_value": "2.8000",
      "delivery_date": "2014-01-20"
    },
    "model": "eums.salesorderitem",
    "pk": 399
  },
  {
    "fields": {
      "issue_date": "2014-01-20",
      "description": "Freight",
      "sales_order": 102,
      "net_price": "12900.0000",
      "net_value": "12900.0000",
      "delivery_date": "2014-01-20"
    },
    "model": "eums.salesorderitem",
    "pk": 400
  },
  {
    "fields": {
      "issue_date": "2014-01-09",
      "description": "Retinol 100,000IU soft gel.caps/PAC-500",
      "sales_order": 103,
      "net_price": "21592.3000",
      "net_value": "8.2100",
      "delivery_date": "2014-01-09"
    },
    "model": "eums.salesorderitem",
    "pk": 401
  },
  {
    "fields": {
      "issue_date": "2014-01-09",
      "description": "Retinol 200,000IU soft gel.caps/PAC-500",
      "sales_order": 103,
      "net_price": "249555.5800",
      "net_value": "10.5400",
      "delivery_date": "2014-01-09"
    },
    "model": "eums.salesorderitem",
    "pk": 402
  },
  {
    "fields": {
      "issue_date": "2014-01-09",
      "description": "Freight, Insurance & Inspection",
      "sales_order": 103,
      "net_price": "18000.0000",
      "net_value": "18000.0000",
      "delivery_date": "2014-01-09"
    },
    "model": "eums.salesorderitem",
    "pk": 403
  },
  {
    "fields": {
      "issue_date": "2014-01-03",
      "description": "Drop Cable, (water resistant cable)",
      "sales_order": 104,
      "net_price": "592.0000",
      "net_value": "11.8400",
      "delivery_date": "2014-01-03"
    },
    "model": "eums.salesorderitem",
    "pk": 404
  },
  {
    "fields": {
      "issue_date": "2014-01-03",
      "description": "Cable Ties",
      "sales_order": 104,
      "net_price": "33.8200",
      "net_value": "16.9100",
      "delivery_date": "2014-01-03"
    },
    "model": "eums.salesorderitem",
    "pk": 405
  },
  {
    "fields": {
      "issue_date": "2014-01-03",
      "description": "Dayliff PVC 3M",
      "sales_order": 104,
      "net_price": "326.7600",
      "net_value": "23.3400",
      "delivery_date": "2014-01-03"
    },
    "model": "eums.salesorderitem",
    "pk": 406
  },
  {
    "fields": {
      "issue_date": "2014-01-03",
      "description": "Water Proof Joint (6.0)mm2",
      "sales_order": 104,
      "net_price": "27.0600",
      "net_value": "27.0600",
      "delivery_date": "2014-01-03"
    },
    "model": "eums.salesorderitem",
    "pk": 407
  },
  {
    "fields": {
      "issue_date": "2014-01-03",
      "description": "1.25\" Cover Plate",
      "sales_order": 104,
      "net_price": "53.7200",
      "net_value": "53.7200",
      "delivery_date": "2014-01-03"
    },
    "model": "eums.salesorderitem",
    "pk": 408
  },
  {
    "fields": {
      "issue_date": "2014-01-03",
      "description": "Pedestal Stand",
      "sales_order": 104,
      "net_price": "100.2800",
      "net_value": "100.2800",
      "delivery_date": "2014-01-03"
    },
    "model": "eums.salesorderitem",
    "pk": 409
  },
  {
    "fields": {
      "issue_date": "2014-01-03",
      "description": "Solar Power System",
      "sales_order": 104,
      "net_price": "2638.3200",
      "net_value": "219.8600",
      "delivery_date": "2014-01-03"
    },
    "model": "eums.salesorderitem",
    "pk": 410
  },
  {
    "fields": {
      "issue_date": "2014-01-03",
      "description": "Electrical Fittings",
      "sales_order": 104,
      "net_price": "310.3900",
      "net_value": "310.3900",
      "delivery_date": "2014-01-03"
    },
    "model": "eums.salesorderitem",
    "pk": 411
  },
  {
    "fields": {
      "issue_date": "2014-01-03",
      "description": "Plumbing fitting",
      "sales_order": 104,
      "net_price": "338.2400",
      "net_value": "338.2400",
      "delivery_date": "2014-01-03"
    },
    "model": "eums.salesorderitem",
    "pk": 412
  },
  {
    "fields": {
      "issue_date": "2014-01-03",
      "description": "Switch Box, Power Control Unit CU",
      "sales_order": 104,
      "net_price": "997.8100",
      "net_value": "997.8100",
      "delivery_date": "2014-01-03"
    },
    "model": "eums.salesorderitem",
    "pk": 413
  },
  {
    "fields": {
      "issue_date": "2014-01-03",
      "description": "Solar Panel mountng Structure",
      "sales_order": 104,
      "net_price": "1017.1100",
      "net_value": "1017.1100",
      "delivery_date": "2014-01-03"
    },
    "model": "eums.salesorderitem",
    "pk": 414
  },
  {
    "fields": {
      "issue_date": "2014-01-03",
      "description": "Earthing System & Lightining Protection",
      "sales_order": 104,
      "net_price": "1193.7900",
      "net_value": "1193.7900",
      "delivery_date": "2014-01-03"
    },
    "model": "eums.salesorderitem",
    "pk": 415
  },
  {
    "fields": {
      "issue_date": "2014-01-03",
      "description": "Transport and installation charges",
      "sales_order": 104,
      "net_price": "1523.8400",
      "net_value": "1523.8400",
      "delivery_date": "2014-01-03"
    },
    "model": "eums.salesorderitem",
    "pk": 416
  },
  {
    "fields": {
      "issue_date": "2014-01-03",
      "description": "SQFlex 3-10 Pump C/W 1.4KW",
      "sales_order": 104,
      "net_price": "3179.4700",
      "net_value": "3179.4700",
      "delivery_date": "2014-01-03"
    },
    "model": "eums.salesorderitem",
    "pk": 417
  },
  {
    "fields": {
      "issue_date": "2014-03-27",
      "description": "Birth Cushion Set",
      "sales_order": 105,
      "net_price": "209.0000",
      "net_value": "20900.0000",
      "delivery_date": "2014-03-27"
    },
    "model": "eums.salesorderitem",
    "pk": 418
  },
  {
    "fields": {
      "issue_date": "2014-10-13",
      "description": "Children's Rights & Busi Principles Info",
      "sales_order": 106,
      "net_price": "1.0000",
      "net_value": "500.0000",
      "delivery_date": "2014-10-13"
    },
    "model": "eums.salesorderitem",
    "pk": 419
  },
  {
    "fields": {
      "issue_date": "2014-10-13",
      "description": "Children's Rights & Business Principles",
      "sales_order": 106,
      "net_price": "5.0000",
      "net_value": "2500.0000",
      "delivery_date": "2014-10-13"
    },
    "model": "eums.salesorderitem",
    "pk": 420
  },
  {
    "fields": {
      "issue_date": "2014-10-13",
      "description": "Children's Rights&Corporate Sector bklet",
      "sales_order": 106,
      "net_price": "5.0000",
      "net_value": "2500.0000",
      "delivery_date": "2014-10-13"
    },
    "model": "eums.salesorderitem",
    "pk": 421
  },
  {
    "fields": {
      "issue_date": "2014-10-13",
      "description": "How Business Affects Us",
      "sales_order": 106,
      "net_price": "2.0000",
      "net_value": "1000.0000",
      "delivery_date": "2014-10-13"
    },
    "model": "eums.salesorderitem",
    "pk": 422
  },
  {
    "fields": {
      "issue_date": "2014-10-13",
      "description": "Investor Perspectives & Children's Right",
      "sales_order": 106,
      "net_price": "3.0000",
      "net_value": "1500.0000",
      "delivery_date": "2014-10-13"
    },
    "model": "eums.salesorderitem",
    "pk": 423
  },
  {
    "fields": {
      "node": 5,
      "status": "completed",
      "scheduled_message_task_id": "rgwfq7916791hson",
      "phone": "0794008951"
    },
    "model": "eums.noderun",
    "pk": 7
  },
  {
    "fields": {
      "node": 5,
      "status": "completed",
      "scheduled_message_task_id": "6wth778hjkavbnna",
      "phone": "0794008951"
    },
    "model": "eums.noderun",
    "pk": 8
  },
  {
    "fields": {
      "node": 6,
      "status": "completed",
      "scheduled_message_task_id": "682578913",
      "phone": "0794008952"
    },
    "model": "eums.noderun",
    "pk": 9
  },
  {
    "fields": {
      "node": 7,
      "status": "completed",
      "scheduled_message_task_id": "672hj789qwhjao",
      "phone": "0794008953"
    },
    "model": "eums.noderun",
    "pk": 10
  },
  {
    "fields": {
      "node": 7,
      "status": "completed",
      "scheduled_message_task_id": "78uyjha89q",
      "phone": "0794008954"
    },
    "model": "eums.noderun",
    "pk": 11
  },
  {
    "fields": {
      "node": 8,
      "status": "completed",
      "scheduled_message_task_id": "78hha899hjnma",
      "phone": "0794008955"
    },
    "model": "eums.noderun",
    "pk": 12
  },
  {
    "fields": {
      "node": 9,
      "status": "completed",
      "scheduled_message_task_id": "77gg5tqi9h4",
      "phone": "0794008956"
    },
    "model": "eums.noderun",
    "pk": 13
  },
  {
    "fields": {
      "node": 10,
      "status": "completed",
      "scheduled_message_task_id": "75ths996an",
      "phone": "0794008957"
    },
    "model": "eums.noderun",
    "pk": 14
  },
  {
    "fields": {
      "node": 11,
      "status": "completed",
      "scheduled_message_task_id": "68gha578qhha",
      "phone": "0794008957"
    },
    "model": "eums.noderun",
    "pk": 15
  },
  {
    "fields": {
      "node": 12,
      "status": "completed",
      "scheduled_message_task_id": "788hhat68a",
      "phone": "0794008958"
    },
    "model": "eums.noderun",
    "pk": 16
  },
  {
    "fields": {
      "node": 12,
      "status": "completed",
      "scheduled_message_task_id": "ut7q9uba9jn",
      "phone": "0794008959"
    },
    "model": "eums.noderun",
    "pk": 17
  },
  {
    "fields": {
      "node": 13,
      "status": "completed",
      "scheduled_message_task_id": "h67q9ha9ian",
      "phone": "0794008960"
    },
    "model": "eums.noderun",
    "pk": 18
  },
  {
    "fields": {
      "node": 17,
      "status": "completed",
      "scheduled_message_task_id": "8hh9hgynn8wb",
      "phone": "0794008961"
    },
    "model": "eums.noderun",
    "pk": 19
  },
  {
    "fields": {
      "node": 16,
      "status": "completed",
      "scheduled_message_task_id": "7v469qgudidb",
      "phone": "0794008962"
    },
    "model": "eums.noderun",
    "pk": 20
  },
  {
    "fields": {
      "node": 16,
      "status": "completed",
      "scheduled_message_task_id": "7i8tgj9hb",
      "phone": "0794008963"
    },
    "model": "eums.noderun",
    "pk": 21
  },
  {
    "fields": {
      "node": 13,
      "status": "completed",
      "scheduled_message_task_id": "786719816",
      "phone": "0794008964"
    },
    "model": "eums.noderun",
    "pk": 22
  },
  {
    "fields": {
      "node": 5,
      "status": "completed",
      "scheduled_message_task_id": "88528917712",
      "phone": "0794008965"
    },
    "model": "eums.noderun",
    "pk": 23
  },
  {
    "fields": {
      "node": 20,
      "status": "cancelled",
      "scheduled_message_task_id": "dc189fba-c9c8-4afc-bda8-066602bc852e",
      "phone": "+256 763 196489"
    },
    "model": "eums.noderun",
    "pk": 24
  },
  {
    "fields": {
      "node": 19,
      "status": "cancelled",
      "scheduled_message_task_id": "c5a25c8d-5773-4196-b074-5af2c259aff8",
      "phone": "+256 763 196489"
    },
    "model": "eums.noderun",
    "pk": 25
  },
  {
    "fields": {
      "node": 20,
      "status": "cancelled",
      "scheduled_message_task_id": "ab725a6f-8b76-4099-a6c9-81ab63da1127",
      "phone": "+256 763 196489"
    },
    "model": "eums.noderun",
    "pk": 26
  },
  {
    "fields": {
      "node": 19,
      "status": "cancelled",
      "scheduled_message_task_id": "4d8fa966-3339-4c2a-9391-126449f093d1",
      "phone": "+256 763 196489"
    },
    "model": "eums.noderun",
    "pk": 27
  },
  {
    "fields": {
      "node": 19,
      "status": "cancelled",
      "scheduled_message_task_id": "be9c2d9d-44d4-4895-a214-fcbdc7c3830d",
      "phone": "+256 763 196489"
    },
    "model": "eums.noderun",
    "pk": 28
  },
  {
    "fields": {
      "node": 20,
      "status": "cancelled",
      "scheduled_message_task_id": "69c4aa94-e89a-4d89-bd42-fd7f3b2a1ff0",
      "phone": "+256 763 196489"
    },
    "model": "eums.noderun",
    "pk": 29
  },
  {
    "fields": {
      "node": 21,
      "status": "scheduled",
      "scheduled_message_task_id": "3a5f6400-c09b-4f4e-8fd7-d5af4d0e04f1",
      "phone": "+256 773 196588"
    },
    "model": "eums.noderun",
    "pk": 30
  },
  {
    "fields": {
      "node": 22,
      "status": "cancelled",
      "scheduled_message_task_id": "28316138-bd3e-4be7-8a63-4865943a5b0b",
      "phone": "+256 773 196588"
    },
    "model": "eums.noderun",
    "pk": 31
  },
  {
    "fields": {
      "node": 23,
      "status": "cancelled",
      "scheduled_message_task_id": "0a030889-14fd-4f3c-87cb-a68239af424e",
      "phone": "+256 773 196588"
    },
    "model": "eums.noderun",
    "pk": 32
  },
  {
    "fields": {
      "node": 24,
      "status": "cancelled",
      "scheduled_message_task_id": "e1c042b4-e075-44ba-b9a7-1b3cb6a0e213",
      "phone": "+256 773 196588"
    },
    "model": "eums.noderun",
    "pk": 33
  },
  {
    "fields": {
      "node": 22,
      "status": "cancelled",
      "scheduled_message_task_id": "5c7f9f74-e102-4376-9e14-832e14449160",
      "phone": "+256 773 196588"
    },
    "model": "eums.noderun",
    "pk": 34
  },
  {
    "fields": {
      "node": 23,
      "status": "cancelled",
      "scheduled_message_task_id": "55e5402b-f300-431b-b3d4-d4b3dc580728",
      "phone": "+256 773 196588"
    },
    "model": "eums.noderun",
    "pk": 35
  },
  {
    "fields": {
      "node": 24,
      "status": "cancelled",
      "scheduled_message_task_id": "cb3e65c2-e99c-43d0-b1c0-f396273f7dcf",
      "phone": "+256 773 196588"
    },
    "model": "eums.noderun",
    "pk": 36
  },
  {
    "fields": {
      "node": 25,
      "status": "cancelled",
      "scheduled_message_task_id": "51a4236a-fc65-4e71-95c8-f7e6e3a4b333",
      "phone": "+256 763 196489"
    },
    "model": "eums.noderun",
    "pk": 37
  },
  {
    "fields": {
      "node": 25,
      "status": "cancelled",
      "scheduled_message_task_id": "950d48a6-396f-40ee-9f08-5be7ea6dabfa",
      "phone": "+256 763 196489"
    },
    "model": "eums.noderun",
    "pk": 38
  },
  {
    "fields": {
      "node": 24,
      "status": "cancelled",
      "scheduled_message_task_id": "58c5baec-3326-4751-8cc9-ee3ff29ed1c8",
      "phone": "+256 773 196588"
    },
    "model": "eums.noderun",
    "pk": 39
  },
  {
    "fields": {
      "node": 26,
      "status": "scheduled",
      "scheduled_message_task_id": "b45a54a1-0670-4dfd-86b2-73e945518863",
      "phone": "+256 773 196588"
    },
    "model": "eums.noderun",
    "pk": 40
  },
  {
    "fields": {
      "node": 22,
      "status": "cancelled",
      "scheduled_message_task_id": "c8cc0e11-2635-4327-8d5b-d75051a6b3c1",
      "phone": "+256 773 196588"
    },
    "model": "eums.noderun",
    "pk": 41
  },
  {
    "fields": {
      "node": 23,
      "status": "cancelled",
      "scheduled_message_task_id": "cab9af12-3688-4597-bc1a-9573ab6eaf3b",
      "phone": "+256 773 196588"
    },
    "model": "eums.noderun",
    "pk": 42
  },
  {
    "fields": {
      "node": 19,
      "status": "cancelled",
      "scheduled_message_task_id": "7ae648b8-6563-455b-9d45-d138e3ff4c9c",
      "phone": "+256 763 196489"
    },
    "model": "eums.noderun",
    "pk": 43
  },
  {
    "fields": {
      "node": 20,
      "status": "cancelled",
      "scheduled_message_task_id": "e5a26c41-02ef-4a4a-b7e3-5c43a67b50ab",
      "phone": "+256 763 196489"
    },
    "model": "eums.noderun",
    "pk": 44
  },
  {
    "fields": {
      "node": 19,
      "status": "cancelled",
      "scheduled_message_task_id": "88230ab4-3f38-45b6-8ce8-386c46cec29c",
      "phone": "+256 763 196489"
    },
    "model": "eums.noderun",
    "pk": 45
  },
  {
    "fields": {
      "node": 20,
      "status": "cancelled",
      "scheduled_message_task_id": "3015e946-ae98-48f7-a231-c9afc6030621",
      "phone": "+256 763 196489"
    },
    "model": "eums.noderun",
    "pk": 46
  },
  {
    "fields": {
      "node": 20,
      "status": "scheduled",
      "scheduled_message_task_id": "29f61923-5406-46b8-8fb3-7b2b4e18f5cd",
      "phone": "+256 763 196489"
    },
    "model": "eums.noderun",
    "pk": 47
  },
  {
    "fields": {
      "node": 19,
      "status": "scheduled",
      "scheduled_message_task_id": "4cb46e7c-174b-4971-8501-77a3925142de",
      "phone": "+256 763 196489"
    },
    "model": "eums.noderun",
    "pk": 48
  },
  {
    "fields": {
      "node": 22,
      "status": "cancelled",
      "scheduled_message_task_id": "69c550b8-7444-4937-bccc-befbb51259e3",
      "phone": "+256 773 196588"
    },
    "model": "eums.noderun",
    "pk": 49
  },
  {
    "fields": {
      "node": 25,
      "status": "cancelled",
      "scheduled_message_task_id": "68cba0ac-e445-483b-b631-53386cfc968a",
      "phone": "+256 763 196489"
    },
    "model": "eums.noderun",
    "pk": 50
  },
  {
    "fields": {
      "node": 23,
      "status": "cancelled",
      "scheduled_message_task_id": "a8120de3-c97b-4332-bcd3-57397a3d46d8",
      "phone": "+256 773 196588"
    },
    "model": "eums.noderun",
    "pk": 51
  },
  {
    "fields": {
      "node": 24,
      "status": "cancelled",
      "scheduled_message_task_id": "8b2c47ce-e10f-4ccc-b31e-ed53f9444fc6",
      "phone": "+256 773 196588"
    },
    "model": "eums.noderun",
    "pk": 52
  },
  {
    "fields": {
      "node": 25,
      "status": "cancelled",
      "scheduled_message_task_id": "600bfeb6-c2c9-405e-b1be-048fac229ea8",
      "phone": "+256 763 196489"
    },
    "model": "eums.noderun",
    "pk": 53
  },
  {
    "fields": {
      "node": 22,
      "status": "cancelled",
      "scheduled_message_task_id": "be7129fe-a38b-4bbd-bab9-4e1eaa42ed65",
      "phone": "+256 773 196588"
    },
    "model": "eums.noderun",
    "pk": 54
  },
  {
    "fields": {
      "node": 24,
      "status": "cancelled",
      "scheduled_message_task_id": "2587e676-7bfc-46ba-af77-08e66d50fdb3",
      "phone": "+256 773 196588"
    },
    "model": "eums.noderun",
    "pk": 55
  },
  {
    "fields": {
      "node": 23,
      "status": "cancelled",
      "scheduled_message_task_id": "3100d012-618b-4a14-b5de-55c6ac5bec3b",
      "phone": "+256 773 196588"
    },
    "model": "eums.noderun",
    "pk": 56
  },
  {
    "fields": {
      "node": 25,
      "status": "cancelled",
      "scheduled_message_task_id": "07a13d3b-dbe0-4c6d-9ecc-3c22c41872e0",
      "phone": "+256 763 196489"
    },
    "model": "eums.noderun",
    "pk": 57
  },
  {
    "fields": {
      "node": 23,
      "status": "cancelled",
      "scheduled_message_task_id": "0d20c3c4-b576-4402-82eb-bfb0aba5d6d9",
      "phone": "+256 773 196588"
    },
    "model": "eums.noderun",
    "pk": 58
  },
  {
    "fields": {
      "node": 24,
      "status": "cancelled",
      "scheduled_message_task_id": "2d26172a-a586-4fea-a9f8-4419316983ae",
      "phone": "+256 773 196588"
    },
    "model": "eums.noderun",
    "pk": 59
  },
  {
    "fields": {
      "node": 22,
      "status": "cancelled",
      "scheduled_message_task_id": "1e479d22-c853-43c9-a1fe-0af876a740de",
      "phone": "+256 773 196588"
    },
    "model": "eums.noderun",
    "pk": 60
  },
  {
    "fields": {
      "node": 25,
      "status": "cancelled",
      "scheduled_message_task_id": "94eedb63-45c2-44ec-b98d-5e970c673ea4",
      "phone": "+256 763 196489"
    },
    "model": "eums.noderun",
    "pk": 61
  },
  {
    "fields": {
      "node": 24,
      "status": "cancelled",
      "scheduled_message_task_id": "417c4b90-022b-4121-bf63-51b7add97173",
      "phone": "+256 773 196588"
    },
    "model": "eums.noderun",
    "pk": 62
  },
  {
    "fields": {
      "node": 22,
      "status": "cancelled",
      "scheduled_message_task_id": "38711d51-530f-4958-8c35-96295bba1bd8",
      "phone": "+256 773 196588"
    },
    "model": "eums.noderun",
    "pk": 63
  },
  {
    "fields": {
      "node": 23,
      "status": "cancelled",
      "scheduled_message_task_id": "7c9f4d38-9bf5-4d0a-be4c-4514e083b7d8",
      "phone": "+256 773 196588"
    },
    "model": "eums.noderun",
    "pk": 64
  },
  {
    "fields": {
      "node": 23,
      "status": "cancelled",
      "scheduled_message_task_id": "f5f42948-6931-44df-a259-16d6833acadd",
      "phone": "+256 773 196588"
    },
    "model": "eums.noderun",
    "pk": 65
  },
  {
    "fields": {
      "node": 25,
      "status": "cancelled",
      "scheduled_message_task_id": "64df30d6-1017-43a9-96cd-5d8ab949b8ae",
      "phone": "+256 763 196489"
    },
    "model": "eums.noderun",
    "pk": 66
  },
  {
    "fields": {
      "node": 24,
      "status": "cancelled",
      "scheduled_message_task_id": "0534addc-2db4-431b-a257-4fd37572dfe3",
      "phone": "+256 773 196588"
    },
    "model": "eums.noderun",
    "pk": 67
  },
  {
    "fields": {
      "node": 22,
      "status": "cancelled",
      "scheduled_message_task_id": "8f2056b8-211d-4903-a8f3-1da4734f5581",
      "phone": "+256 773 196588"
    },
    "model": "eums.noderun",
    "pk": 68
  },
  {
    "fields": {
      "node": 25,
      "status": "cancelled",
      "scheduled_message_task_id": "006809f9-3fd9-4764-9960-e350e514b265",
      "phone": "+256 763 196489"
    },
    "model": "eums.noderun",
    "pk": 69
  },
  {
    "fields": {
      "node": 24,
      "status": "cancelled",
      "scheduled_message_task_id": "567fb0d2-e0d4-4cbd-9225-9b987e7286ed",
      "phone": "+256 773 196588"
    },
    "model": "eums.noderun",
    "pk": 70
  },
  {
    "fields": {
      "node": 22,
      "status": "cancelled",
      "scheduled_message_task_id": "e1888103-cb00-4f5e-a680-dff26dc6e7a5",
      "phone": "+256 773 196588"
    },
    "model": "eums.noderun",
    "pk": 71
  },
  {
    "fields": {
      "node": 23,
      "status": "cancelled",
      "scheduled_message_task_id": "d70453c8-ab68-43da-a369-f70e399666b5",
      "phone": "+256 773 196588"
    },
    "model": "eums.noderun",
    "pk": 72
  },
  {
    "fields": {
      "node": 25,
      "status": "scheduled",
      "scheduled_message_task_id": "3975405c-592f-4a39-8fc5-7dfbf04b845b",
      "phone": "+256 763 196489"
    },
    "model": "eums.noderun",
    "pk": 73
  },
  {
    "fields": {
      "node": 23,
      "status": "scheduled",
      "scheduled_message_task_id": "53d074b8-966f-4e43-be11-92ed0069bf33",
      "phone": "+256 773 196588"
    },
    "model": "eums.noderun",
    "pk": 74
  },
  {
    "fields": {
      "node": 22,
      "status": "scheduled",
      "scheduled_message_task_id": "8b0dd6c5-88c5-4f3e-9c25-8445671cf40d",
      "phone": "+256 773 196588"
    },
    "model": "eums.noderun",
    "pk": 75
  },
  {
    "fields": {
      "node": 24,
      "status": "scheduled",
      "scheduled_message_task_id": "d4196d31-1bdf-43c3-a7f0-8c45f8ce63cc",
      "phone": "+256 773 196588"
    },
    "model": "eums.noderun",
    "pk": 76
  },
  {
    "fields": {
      "text": "Was product received?",
      "uuids": "[\"2ff9fab3-4c12-400e-a2fe-4551fa1ebc18\", \"93bbd12e-417c-4789-9c42-6dc6959c03be\", \"53a31c08-896e-43b2-bd1f-e5a527d389b9\", \"b8189435-a6b5-42a0-b5b0-91c95484dae1\"]",
      "label": "productReceived"
    },
    "model": "eums.question",
    "pk": 1
  },
  {
    "fields": {
      "text": "What date was it received?",
      "uuids": "[\"abc9c005-7a7c-44f8-b946-e970a361b6cf\", \"884ed6d8-1cef-4878-999d-bce7de85e27c\"]",
      "label": "dateOfReceipt"
    },
    "model": "eums.question",
    "pk": 2
  },
  {
    "fields": {
      "text": "How much was received?",
      "uuids": "[\"69de6032-f4de-412a-9c9e-ed98fb9bca93\", \"9af2907a-d3a6-41ee-8a12-0b3197d30baf\"]",
      "label": "amountReceived"
    },
    "model": "eums.question",
    "pk": 3
  },
  {
    "fields": {
      "text": "What is the quality of the product?",
      "uuids": "[\"6c1cf92d-59b8-4bd3-815b-783abd3dfad9\", \"fe368546-1b9c-4a15-926d-68b7caaa0380\"]",
      "label": "qualityOfProduct"
    },
    "model": "eums.question",
    "pk": 4
  },
  {
    "fields": {
      "text": "Are you satisfied with the product?",
      "uuids": "[\"7a5c8f57-5c3f-4659-b717-0de556898157\", \"dc27480e-4931-46a8-9bea-ad0dadbec1d8\"]",
      "label": "satisfiedWithProduct"
    },
    "model": "eums.question",
    "pk": 5
  },
  {
    "fields": {
      "text": "Have you been informed of the delay?",
      "uuids": "[\"18b2ea96-cb63-40d8-8c26-1985a944ff1c\", \"84150f15-b18b-4efa-be6b-ad24bc68a08f\", \"4e46a52d-8ea1-4bc4-824c-f8da74ce7ad0\", \"269aa1f7-7ca5-46f6-9bc0-6ad3fb7a5629\"]",
      "label": "informedOfDelay"
    },
    "model": "eums.question",
    "pk": 6
  },
  {
    "fields": {
      "text": "What did the partner say is the revised delivery date?",
      "uuids": "[\"e9c35020-e751-4611-b222-5573b7040c49\", \"3f5d290a-067d-4cb9-bb09-ed7c424a6abd\"]",
      "label": "revisedDeliveryDate"
    },
    "model": "eums.question",
    "pk": 7
  },
  {
    "fields": {
      "text": "Feedback about Dissatisfaction",
      "uuids": "[\"4dd1a813-27d4-4511-82e3-cc470fcd3baa\"]",
      "label": "feedbackAboutDissatisfaction"
    },
    "model": "eums.question",
    "pk": 8
  },
  {
    "fields": {},
    "model": "eums.numericquestion",
    "pk": 3
  },
  {
    "fields": {},
    "model": "eums.textquestion",
    "pk": 2
  },
  {
    "fields": {},
    "model": "eums.textquestion",
    "pk": 7
  },
  {
    "fields": {},
    "model": "eums.textquestion",
    "pk": 8
  },
  {
    "fields": {},
    "model": "eums.multiplechoicequestion",
    "pk": 1
  },
  {
    "fields": {},
    "model": "eums.multiplechoicequestion",
    "pk": 4
  },
  {
    "fields": {},
    "model": "eums.multiplechoicequestion",
    "pk": 5
  },
  {
    "fields": {},
    "model": "eums.multiplechoicequestion",
    "pk": 6
  },
  {
    "fields": {
      "text": "Yes",
      "question": 1
    },
    "model": "eums.option",
    "pk": 1
  },
  {
    "fields": {
      "text": "Damaged",
      "question": 4
    },
    "model": "eums.option",
    "pk": 2
  },
  {
    "fields": {
      "text": "Good",
      "question": 4
    },
    "model": "eums.option",
    "pk": 3
  },
  {
    "fields": {
      "text": "Expired",
      "question": 4
    },
    "model": "eums.option",
    "pk": 4
  },
  {
    "fields": {
      "text": "No",
      "question": 5
    },
    "model": "eums.option",
    "pk": 5
  },
  {
    "fields": {
      "text": "Yes",
      "question": 5
    },
    "model": "eums.option",
    "pk": 6
  },
  {
    "fields": {
      "text": "No",
      "question": 6
    },
    "model": "eums.option",
    "pk": 7
  },
  {
    "fields": {
      "text": "Yes",
      "question": 6
    },
    "model": "eums.option",
    "pk": 8
  },
  {
    "fields": {
      "text": "No",
      "question": 1
    },
    "model": "eums.option",
    "pk": 9
  },
  {
    "fields": {
      "node_run": 7,
      "question": 2,
      "value": "6/10/2014"
    },
    "model": "eums.textanswer",
    "pk": 1
  },
  {
    "fields": {
      "node_run": 7,
      "question": 8,
      "value": "they were damaged"
    },
    "model": "eums.textanswer",
    "pk": 2
  },
  {
    "fields": {
      "node_run": 7,
      "question": 7,
      "value": "didnt not specify"
    },
    "model": "eums.textanswer",
    "pk": 3
  },
  {
    "fields": {
      "node_run": 7,
      "question": 3,
      "value": 50
    },
    "model": "eums.numericanswer",
    "pk": 1
  },
  {
    "fields": {
      "node_run": 8,
      "question": 3,
      "value": 10
    },
    "model": "eums.numericanswer",
    "pk": 2
  },
  {
    "fields": {
      "node_run": 9,
      "question": 3,
      "value": 30
    },
    "model": "eums.numericanswer",
    "pk": 3
  },
  {
    "fields": {
      "node_run": 10,
      "question": 3,
      "value": 20
    },
    "model": "eums.numericanswer",
    "pk": 4
  },
  {
    "fields": {
      "node_run": 11,
      "question": 3,
      "value": 30
    },
    "model": "eums.numericanswer",
    "pk": 5
  },
  {
    "fields": {
      "node_run": 12,
      "question": 3,
      "value": 10
    },
    "model": "eums.numericanswer",
    "pk": 6
  },
  {
    "fields": {
      "node_run": 12,
      "question": 3,
      "value": 10
    },
    "model": "eums.numericanswer",
    "pk": 7
  },
  {
    "fields": {
      "node_run": 14,
      "question": 3,
      "value": 20
    },
    "model": "eums.numericanswer",
    "pk": 8
  },
  {
    "fields": {
      "node_run": 16,
      "question": 3,
      "value": 60
    },
    "model": "eums.numericanswer",
    "pk": 9
  },
  {
    "fields": {
      "node_run": 16,
      "question": 3,
      "value": 20
    },
    "model": "eums.numericanswer",
    "pk": 10
  },
  {
    "fields": {
      "node_run": 17,
      "question": 3,
      "value": 100
    },
    "model": "eums.numericanswer",
    "pk": 11
  },
  {
    "fields": {
      "node_run": 18,
      "question": 3,
      "value": 1
    },
    "model": "eums.numericanswer",
    "pk": 12
  },
  {
    "fields": {
      "node_run": 20,
      "question": 3,
      "value": 1
    },
    "model": "eums.numericanswer",
    "pk": 13
  },
  {
    "fields": {
      "node_run": 20,
      "question": 3,
      "value": 1
    },
    "model": "eums.numericanswer",
    "pk": 14
  },
  {
    "fields": {
      "node_run": 22,
      "question": 3,
      "value": 1
    },
    "model": "eums.numericanswer",
    "pk": 15
  },
  {
    "fields": {
      "node_run": 23,
      "question": 3,
      "value": 1
    },
    "model": "eums.numericanswer",
    "pk": 16
  },
  {
    "fields": {
      "node_run": 7,
      "question": 1,
      "value": 1
    },
    "model": "eums.multiplechoiceanswer",
    "pk": 1
  },
  {
    "fields": {
      "node_run": 7,
      "question": 4,
      "value": 2
    },
    "model": "eums.multiplechoiceanswer",
    "pk": 2
  },
  {
    "fields": {
      "node_run": 7,
      "question": 5,
      "value": 5
    },
    "model": "eums.multiplechoiceanswer",
    "pk": 3
  },
  {
    "fields": {
      "node_run": 7,
      "question": 6,
      "value": 5
    },
    "model": "eums.multiplechoiceanswer",
    "pk": 4
  },
  {
    "fields": {
      "node_run": 8,
      "question": 1,
      "value": 1
    },
    "model": "eums.multiplechoiceanswer",
    "pk": 5
  },
  {
    "fields": {
      "node_run": 7,
      "question": 4,
      "value": 3
    },
    "model": "eums.multiplechoiceanswer",
    "pk": 6
  },
  {
    "fields": {
      "node_run": 7,
      "question": 5,
      "value": 1
    },
    "model": "eums.multiplechoiceanswer",
    "pk": 7
  },
  {
    "fields": {
      "node_run": 9,
      "question": 1,
      "value": 5
    },
    "model": "eums.multiplechoiceanswer",
    "pk": 8
  },
  {
    "fields": {
      "node_run": 9,
      "question": 6,
      "value": 5
    },
    "model": "eums.multiplechoiceanswer",
    "pk": 9
  },
  {
    "fields": {
      "node_run": 10,
      "question": 1,
      "value": 1
    },
    "model": "eums.multiplechoiceanswer",
    "pk": 10
  },
  {
    "fields": {
      "node_run": 10,
      "question": 4,
      "value": 4
    },
    "model": "eums.multiplechoiceanswer",
    "pk": 11
  },
  {
    "fields": {
      "node_run": 10,
      "question": 5,
      "value": 5
    },
    "model": "eums.multiplechoiceanswer",
    "pk": 12
  },
  {
    "fields": {
      "node_run": 11,
      "question": 1,
      "value": 1
    },
    "model": "eums.multiplechoiceanswer",
    "pk": 13
  },
  {
    "fields": {
      "node_run": 11,
      "question": 4,
      "value": 2
    },
    "model": "eums.multiplechoiceanswer",
    "pk": 14
  },
  {
    "fields": {
      "node_run": 11,
      "question": 5,
      "value": 5
    },
    "model": "eums.multiplechoiceanswer",
    "pk": 15
  },
  {
    "fields": {
      "node_run": 12,
      "question": 1,
      "value": 1
    },
    "model": "eums.multiplechoiceanswer",
    "pk": 16
  },
  {
    "fields": {
      "node_run": 12,
      "question": 4,
      "value": 3
    },
    "model": "eums.multiplechoiceanswer",
    "pk": 17
  },
  {
    "fields": {
      "node_run": 12,
      "question": 5,
      "value": 1
    },
    "model": "eums.multiplechoiceanswer",
    "pk": 18
  },
  {
    "fields": {
      "node_run": 13,
      "question": 1,
      "value": 1
    },
    "model": "eums.multiplechoiceanswer",
    "pk": 19
  },
  {
    "fields": {
      "node_run": 13,
      "question": 4,
      "value": 3
    },
    "model": "eums.multiplechoiceanswer",
    "pk": 20
  },
  {
    "fields": {
      "node_run": 13,
      "question": 5,
      "value": 1
    },
    "model": "eums.multiplechoiceanswer",
    "pk": 21
  },
  {
    "fields": {
      "node_run": 14,
      "question": 1,
      "value": 5
    },
    "model": "eums.multiplechoiceanswer",
    "pk": 22
  },
  {
    "fields": {
      "node_run": 14,
      "question": 6,
      "value": 1
    },
    "model": "eums.multiplechoiceanswer",
    "pk": 23
  },
  {
    "fields": {
      "node_run": 15,
      "question": 1,
      "value": 1
    },
    "model": "eums.multiplechoiceanswer",
    "pk": 24
  },
  {
    "fields": {
      "node_run": 15,
      "question": 4,
      "value": 3
    },
    "model": "eums.multiplechoiceanswer",
    "pk": 25
  },
  {
    "fields": {
      "node_run": 15,
      "question": 5,
      "value": 1
    },
    "model": "eums.multiplechoiceanswer",
    "pk": 26
  },
  {
    "fields": {
      "node_run": 16,
      "question": 1,
      "value": 1
    },
    "model": "eums.multiplechoiceanswer",
    "pk": 27
  },
  {
    "fields": {
      "node_run": 16,
      "question": 5,
      "value": 6
    },
    "model": "eums.multiplechoiceanswer",
    "pk": 28
  },
  {
    "fields": {
      "node_run": 17,
      "question": 1,
      "value": 5
    },
    "model": "eums.multiplechoiceanswer",
    "pk": 29
  },
  {
    "fields": {
      "node_run": 17,
      "question": 6,
      "value": 5
    },
    "model": "eums.multiplechoiceanswer",
    "pk": 30
  },
  {
    "fields": {
      "node_run": 18,
      "question": 1,
      "value": 1
    },
    "model": "eums.multiplechoiceanswer",
    "pk": 31
  },
  {
    "fields": {
      "node_run": 17,
      "question": 4,
      "value": 2
    },
    "model": "eums.multiplechoiceanswer",
    "pk": 32
  },
  {
    "fields": {
      "node_run": 18,
      "question": 5,
      "value": 5
    },
    "model": "eums.multiplechoiceanswer",
    "pk": 33
  },
  {
    "fields": {
      "node_run": 19,
      "question": 1,
      "value": 1
    },
    "model": "eums.multiplechoiceanswer",
    "pk": 34
  },
  {
    "fields": {
      "node_run": 19,
      "question": 4,
      "value": 3
    },
    "model": "eums.multiplechoiceanswer",
    "pk": 35
  },
  {
    "fields": {
      "node_run": 19,
      "question": 5,
      "value": 1
    },
    "model": "eums.multiplechoiceanswer",
    "pk": 36
  },
  {
    "fields": {
      "node_run": 20,
      "question": 1,
      "value": 5
    },
    "model": "eums.multiplechoiceanswer",
    "pk": 37
  },
  {
    "fields": {
      "node_run": 20,
      "question": 6,
      "value": 1
    },
    "model": "eums.multiplechoiceanswer",
    "pk": 38
  },
  {
    "fields": {
      "node_run": 21,
      "question": 1,
      "value": 1
    },
    "model": "eums.multiplechoiceanswer",
    "pk": 39
  },
  {
    "fields": {
      "node_run": 21,
      "question": 4,
      "value": 2
    },
    "model": "eums.multiplechoiceanswer",
    "pk": 40
  },
  {
    "fields": {
      "node_run": 21,
      "question": 5,
      "value": 5
    },
    "model": "eums.multiplechoiceanswer",
    "pk": 41
  },
  {
    "fields": {
      "node_run": 22,
      "question": 1,
      "value": 1
    },
    "model": "eums.multiplechoiceanswer",
    "pk": 42
  },
  {
    "fields": {
      "node_run": 22,
      "question": 4,
      "value": 2
    },
    "model": "eums.multiplechoiceanswer",
    "pk": 43
  },
  {
    "fields": {
      "node_run": 22,
      "question": 5,
      "value": 5
    },
    "model": "eums.multiplechoiceanswer",
    "pk": 44
  },
  {
    "fields": {
      "node_run": 23,
      "question": 1,
      "value": 1
    },
    "model": "eums.multiplechoiceanswer",
    "pk": 45
  },
  {
    "fields": {
      "node_run": 23,
      "question": 4,
      "value": 2
    },
    "model": "eums.multiplechoiceanswer",
    "pk": 46
  },
  {
    "fields": {
      "node_run": 23,
      "question": 5,
      "value": 5
    },
    "model": "eums.multiplechoiceanswer",
    "pk": 47
  },
  {
    "fields": {
      "end_nodes": "[[4, 2], [4, 4], [5, 6], [6, 7], [6, 8], [7, -1], [8, -1]]",
      "for_node_type": "END_USER",
      "rapid_pro_id": 2436
    },
    "model": "eums.flow",
    "pk": 3
  },
  {
    "fields": {
      "end_nodes": "[[3, -1], [6, 8], [7, -1]]",
      "for_node_type": "MIDDLE_MAN",
      "rapid_pro_id": 2662
    },
    "model": "eums.flow",
    "pk": 4
  },
  {
    "fields": {
      "purchase_order": 1,
      "sales_order_item": 1,
      "value": "100.00"
    },
    "model": "eums.purchaseorderitem",
    "pk": 1
  },
  {
    "fields": {
      "purchase_order": 1,
      "sales_order_item": 2,
      "value": "100.00"
    },
    "model": "eums.purchaseorderitem",
    "pk": 2
  },
  {
    "fields": {
      "purchase_order": 1,
      "sales_order_item": 3,
      "value": "100.00"
    },
    "model": "eums.purchaseorderitem",
    "pk": 3
  },
  {
    "fields": {
      "purchase_order": 1,
      "sales_order_item": 4,
      "value": "100.00"
    },
    "model": "eums.purchaseorderitem",
    "pk": 4
  },
  {
    "fields": {
      "purchase_order": 1,
      "sales_order_item": 5,
      "value": "100.00"
    },
    "model": "eums.purchaseorderitem",
    "pk": 5
  },
  {
    "fields": {
      "purchase_order": 1,
      "sales_order_item": 6,
      "value": "100.00"
    },
    "model": "eums.purchaseorderitem",
    "pk": 6
  },
  {
    "fields": {
      "purchase_order": 1,
      "sales_order_item": 7,
      "value": "100.00"
    },
    "model": "eums.purchaseorderitem",
    "pk": 7
  },
  {
    "fields": {
      "purchase_order": 1,
      "sales_order_item": 8,
      "value": "100.00"
    },
    "model": "eums.purchaseorderitem",
    "pk": 8
  },
  {
    "fields": {
      "purchase_order": 1,
      "sales_order_item": 9,
      "value": "100.00"
    },
    "model": "eums.purchaseorderitem",
    "pk": 9
  },
  {
    "fields": {
      "purchase_order": 1,
      "sales_order_item": 10,
      "value": "100.00"
    },
    "model": "eums.purchaseorderitem",
    "pk": 10
  },
  {
    "fields": {
      "purchase_order": 1,
      "sales_order_item": 11,
      "value": "100.00"
    },
    "model": "eums.purchaseorderitem",
    "pk": 11
  },
  {
    "fields": {
      "purchase_order": 1,
      "sales_order_item": 12,
      "value": "100.00"
    },
    "model": "eums.purchaseorderitem",
    "pk": 12
  },
  {
    "fields": {
      "purchase_order": 1,
      "sales_order_item": 13,
      "value": "100.00"
    },
    "model": "eums.purchaseorderitem",
    "pk": 13
  },
  {
    "fields": {
      "purchase_order": 1,
      "sales_order_item": 14,
      "value": "100.00"
    },
    "model": "eums.purchaseorderitem",
    "pk": 14
  },
  {
    "fields": {
      "purchase_order": 1,
      "sales_order_item": 15,
      "value": "100.00"
    },
    "model": "eums.purchaseorderitem",
    "pk": 15
  },
  {
    "fields": {
      "purchase_order": 1,
      "sales_order_item": 16,
      "value": "100.00"
    },
    "model": "eums.purchaseorderitem",
    "pk": 16
  },
  {
    "fields": {
      "purchase_order": 1,
      "sales_order_item": 17,
      "value": "100.00"
    },
    "model": "eums.purchaseorderitem",
    "pk": 17
  },
  {
    "fields": {
      "purchase_order": 1,
      "sales_order_item": 18,
      "value": "100.00"
    },
    "model": "eums.purchaseorderitem",
    "pk": 18
  },
  {
    "fields": {
      "purchase_order": 1,
      "sales_order_item": 19,
      "value": "100.00"
    },
    "model": "eums.purchaseorderitem",
    "pk": 19
  },
  {
    "fields": {
      "purchase_order": 1,
      "sales_order_item": 20,
      "value": "100.00"
    },
    "model": "eums.purchaseorderitem",
    "pk": 20
  },
  {
    "fields": {
      "purchase_order": 1,
      "sales_order_item": 21,
      "value": "100.00"
    },
    "model": "eums.purchaseorderitem",
    "pk": 21
  },
  {
    "fields": {
      "purchase_order": 1,
      "sales_order_item": 22,
      "value": "100.00"
    },
    "model": "eums.purchaseorderitem",
    "pk": 22
  },
  {
    "fields": {
      "purchase_order": 1,
      "sales_order_item": 23,
      "value": "100.00"
    },
    "model": "eums.purchaseorderitem",
    "pk": 23
  },
  {
    "fields": {
      "purchase_order": 1,
      "sales_order_item": 24,
      "value": "100.00"
    },
    "model": "eums.purchaseorderitem",
    "pk": 24
  },
  {
    "fields": {
      "purchase_order": 1,
      "sales_order_item": 25,
      "value": "100.00"
    },
    "model": "eums.purchaseorderitem",
    "pk": 25
  },
  {
    "fields": {
      "purchase_order": 1,
      "sales_order_item": 26,
      "value": "100.00"
    },
    "model": "eums.purchaseorderitem",
    "pk": 26
  },
  {
    "fields": {
      "purchase_order": 1,
      "sales_order_item": 27,
      "value": "100.00"
    },
    "model": "eums.purchaseorderitem",
    "pk": 27
  },
  {
    "fields": {
      "purchase_order": 1,
      "sales_order_item": 28,
      "value": "100.00"
    },
    "model": "eums.purchaseorderitem",
    "pk": 28
  },
  {
    "fields": {
      "purchase_order": 1,
      "sales_order_item": 29,
      "value": "100.00"
    },
    "model": "eums.purchaseorderitem",
    "pk": 29
  },
  {
    "fields": {
      "purchase_order": 1,
      "sales_order_item": 30,
      "value": "100.00"
    },
    "model": "eums.purchaseorderitem",
    "pk": 30
  },
  {
    "fields": {
      "purchase_order": 1,
      "sales_order_item": 31,
      "value": "100.00"
    },
    "model": "eums.purchaseorderitem",
    "pk": 31
  },
  {
    "fields": {
      "purchase_order": 1,
      "sales_order_item": 32,
      "value": "100.00"
    },
    "model": "eums.purchaseorderitem",
    "pk": 32
  },
  {
    "fields": {
      "purchase_order": 1,
      "sales_order_item": 33,
      "value": "100.00"
    },
    "model": "eums.purchaseorderitem",
    "pk": 33
  },
  {
    "fields": {
      "purchase_order": 1,
      "sales_order_item": 34,
      "value": "100.00"
    },
    "model": "eums.purchaseorderitem",
    "pk": 34
  },
  {
    "fields": {
      "purchase_order": 1,
      "sales_order_item": 35,
      "value": "100.00"
    },
    "model": "eums.purchaseorderitem",
    "pk": 35
  },
  {
    "fields": {
      "purchase_order": 1,
      "sales_order_item": 36,
      "value": "100.00"
    },
    "model": "eums.purchaseorderitem",
    "pk": 36
  },
  {
    "fields": {
      "purchase_order": 1,
      "sales_order_item": 37,
      "value": "100.00"
    },
    "model": "eums.purchaseorderitem",
    "pk": 37
  },
  {
    "fields": {
      "purchase_order": 1,
      "sales_order_item": 38,
      "value": "100.00"
    },
    "model": "eums.purchaseorderitem",
    "pk": 38
  },
  {
    "fields": {
      "purchase_order": 1,
      "sales_order_item": 39,
      "value": "100.00"
    },
    "model": "eums.purchaseorderitem",
    "pk": 39
  },
  {
    "fields": {
      "purchase_order": 1,
      "sales_order_item": 40,
      "value": "100.00"
    },
    "model": "eums.purchaseorderitem",
    "pk": 40
  },
  {
    "fields": {
      "purchase_order": 1,
      "sales_order_item": 41,
      "value": "100.00"
    },
    "model": "eums.purchaseorderitem",
    "pk": 41
  },
  {
    "fields": {
      "purchase_order": 1,
      "sales_order_item": 42,
      "value": "100.00"
    },
    "model": "eums.purchaseorderitem",
    "pk": 42
  },
  {
    "fields": {
      "purchase_order": 1,
      "sales_order_item": 43,
      "value": "100.00"
    },
    "model": "eums.purchaseorderitem",
    "pk": 43
  },
  {
    "fields": {
      "purchase_order": 1,
      "sales_order_item": 44,
      "value": "100.00"
    },
    "model": "eums.purchaseorderitem",
    "pk": 44
  },
  {
    "fields": {
      "purchase_order": 1,
      "sales_order_item": 45,
      "value": "100.00"
    },
    "model": "eums.purchaseorderitem",
    "pk": 45
  },
  {
    "fields": {
      "purchase_order": 1,
      "sales_order_item": 46,
      "value": "100.00"
    },
    "model": "eums.purchaseorderitem",
    "pk": 46
  },
  {
    "fields": {
      "purchase_order": 1,
      "sales_order_item": 47,
      "value": "100.00"
    },
    "model": "eums.purchaseorderitem",
    "pk": 47
  },
  {
    "fields": {
      "purchase_order": 1,
      "sales_order_item": 48,
      "value": "100.00"
    },
    "model": "eums.purchaseorderitem",
    "pk": 48
  },
  {
    "fields": {
      "purchase_order": 1,
      "sales_order_item": 49,
      "value": "100.00"
    },
    "model": "eums.purchaseorderitem",
    "pk": 49
  },
  {
    "fields": {
      "purchase_order": 1,
      "sales_order_item": 50,
      "value": "100.00"
    },
    "model": "eums.purchaseorderitem",
    "pk": 50
  },
  {
    "fields": {
      "purchase_order": 1,
      "sales_order_item": 51,
      "value": "100.00"
    },
    "model": "eums.purchaseorderitem",
    "pk": 51
  },
  {
    "fields": {
      "purchase_order": 1,
      "sales_order_item": 52,
      "value": "100.00"
    },
    "model": "eums.purchaseorderitem",
    "pk": 52
  },
  {
    "fields": {
      "purchase_order": 1,
      "sales_order_item": 53,
      "value": "100.00"
    },
    "model": "eums.purchaseorderitem",
    "pk": 53
  },
  {
    "fields": {
      "purchase_order": 1,
      "sales_order_item": 54,
      "value": "100.00"
    },
    "model": "eums.purchaseorderitem",
    "pk": 54
  },
  {
    "fields": {
      "purchase_order": 1,
      "sales_order_item": 55,
      "value": "100.00"
    },
    "model": "eums.purchaseorderitem",
    "pk": 55
  },
  {
    "fields": {
      "purchase_order": 1,
      "sales_order_item": 56,
      "value": "100.00"
    },
    "model": "eums.purchaseorderitem",
    "pk": 56
  },
  {
    "fields": {
      "purchase_order": 1,
      "sales_order_item": 57,
      "value": "100.00"
    },
    "model": "eums.purchaseorderitem",
    "pk": 57
  },
  {
    "fields": {
      "purchase_order": 1,
      "sales_order_item": 58,
      "value": "100.00"
    },
    "model": "eums.purchaseorderitem",
    "pk": 58
  },
  {
    "fields": {
      "purchase_order": 1,
      "sales_order_item": 59,
      "value": "100.00"
    },
    "model": "eums.purchaseorderitem",
    "pk": 59
  },
  {
    "fields": {
      "purchase_order": 1,
      "sales_order_item": 60,
      "value": "100.00"
    },
    "model": "eums.purchaseorderitem",
    "pk": 60
  },
  {
    "fields": {
      "purchase_order": 1,
      "sales_order_item": 61,
      "value": "100.00"
    },
    "model": "eums.purchaseorderitem",
    "pk": 61
  },
  {
    "fields": {
      "purchase_order": 1,
      "sales_order_item": 62,
      "value": "100.00"
    },
    "model": "eums.purchaseorderitem",
    "pk": 62
  },
  {
    "fields": {
      "purchase_order": 1,
      "sales_order_item": 63,
      "value": "100.00"
    },
    "model": "eums.purchaseorderitem",
    "pk": 63
  },
  {
    "fields": {
      "purchase_order": 1,
      "sales_order_item": 64,
      "value": "100.00"
    },
    "model": "eums.purchaseorderitem",
    "pk": 64
  },
  {
    "fields": {
      "purchase_order": 1,
      "sales_order_item": 65,
      "value": "100.00"
    },
    "model": "eums.purchaseorderitem",
    "pk": 65
  },
  {
    "fields": {
      "purchase_order": 1,
      "sales_order_item": 66,
      "value": "100.00"
    },
    "model": "eums.purchaseorderitem",
    "pk": 66
  },
  {
    "fields": {
      "purchase_order": 1,
      "sales_order_item": 67,
      "value": "100.00"
    },
    "model": "eums.purchaseorderitem",
    "pk": 67
  },
  {
    "fields": {
      "purchase_order": 1,
      "sales_order_item": 68,
      "value": "100.00"
    },
    "model": "eums.purchaseorderitem",
    "pk": 68
  },
  {
    "fields": {
      "purchase_order": 1,
      "sales_order_item": 69,
      "value": "100.00"
    },
    "model": "eums.purchaseorderitem",
    "pk": 69
  },
  {
    "fields": {
      "purchase_order": 1,
      "sales_order_item": 70,
      "value": "100.00"
    },
    "model": "eums.purchaseorderitem",
    "pk": 70
  },
  {
    "fields": {
      "purchase_order": 1,
      "sales_order_item": 71,
      "value": "100.00"
    },
    "model": "eums.purchaseorderitem",
    "pk": 71
  },
  {
    "fields": {
      "purchase_order": 1,
      "sales_order_item": 72,
      "value": "100.00"
    },
    "model": "eums.purchaseorderitem",
    "pk": 72
  },
  {
    "fields": {
      "purchase_order": 1,
      "sales_order_item": 73,
      "value": "100.00"
    },
    "model": "eums.purchaseorderitem",
    "pk": 73
  },
  {
    "fields": {
      "purchase_order": 1,
      "sales_order_item": 74,
      "value": "100.00"
    },
    "model": "eums.purchaseorderitem",
    "pk": 74
  },
  {
    "fields": {
      "purchase_order": 1,
      "sales_order_item": 75,
      "value": "100.00"
    },
    "model": "eums.purchaseorderitem",
    "pk": 75
  },
  {
    "fields": {
      "purchase_order": 1,
      "sales_order_item": 76,
      "value": "100.00"
    },
    "model": "eums.purchaseorderitem",
    "pk": 76
  },
  {
    "fields": {
      "purchase_order": 1,
      "sales_order_item": 77,
      "value": "100.00"
    },
    "model": "eums.purchaseorderitem",
    "pk": 77
  },
  {
    "fields": {
      "purchase_order": 1,
      "sales_order_item": 78,
      "value": "100.00"
    },
    "model": "eums.purchaseorderitem",
    "pk": 78
  },
  {
    "fields": {
      "purchase_order": 1,
      "sales_order_item": 79,
      "value": "100.00"
    },
    "model": "eums.purchaseorderitem",
    "pk": 79
  },
  {
    "fields": {
      "purchase_order": 1,
      "sales_order_item": 80,
      "value": "100.00"
    },
    "model": "eums.purchaseorderitem",
    "pk": 80
  },
  {
    "fields": {
      "purchase_order": 1,
      "sales_order_item": 81,
      "value": "100.00"
    },
    "model": "eums.purchaseorderitem",
    "pk": 81
  },
  {
    "fields": {
      "purchase_order": 1,
      "sales_order_item": 82,
      "value": "100.00"
    },
    "model": "eums.purchaseorderitem",
    "pk": 82
  },
  {
    "fields": {
      "purchase_order": 1,
      "sales_order_item": 83,
      "value": "100.00"
    },
    "model": "eums.purchaseorderitem",
    "pk": 83
  },
  {
    "fields": {
      "purchase_order": 1,
      "sales_order_item": 84,
      "value": "100.00"
    },
    "model": "eums.purchaseorderitem",
    "pk": 84
  },
  {
    "fields": {
      "purchase_order": 1,
      "sales_order_item": 85,
      "value": "100.00"
    },
    "model": "eums.purchaseorderitem",
    "pk": 85
  },
  {
    "fields": {
      "purchase_order": 1,
      "sales_order_item": 86,
      "value": "100.00"
    },
    "model": "eums.purchaseorderitem",
    "pk": 86
  },
  {
    "fields": {
      "purchase_order": 1,
      "sales_order_item": 87,
      "value": "100.00"
    },
    "model": "eums.purchaseorderitem",
    "pk": 87
  },
  {
    "fields": {
      "purchase_order": 1,
      "sales_order_item": 88,
      "value": "100.00"
    },
    "model": "eums.purchaseorderitem",
    "pk": 88
  },
  {
    "fields": {
      "purchase_order": 1,
      "sales_order_item": 89,
      "value": "100.00"
    },
    "model": "eums.purchaseorderitem",
    "pk": 89
  },
  {
    "fields": {
      "purchase_order": 1,
      "sales_order_item": 90,
      "value": "100.00"
    },
    "model": "eums.purchaseorderitem",
    "pk": 90
  },
  {
    "fields": {
      "purchase_order": 1,
      "sales_order_item": 91,
      "value": "100.00"
    },
    "model": "eums.purchaseorderitem",
    "pk": 91
  },
  {
    "fields": {
      "purchase_order": 1,
      "sales_order_item": 92,
      "value": "100.00"
    },
    "model": "eums.purchaseorderitem",
    "pk": 92
  },
  {
    "fields": {
      "purchase_order": 1,
      "sales_order_item": 93,
      "value": "100.00"
    },
    "model": "eums.purchaseorderitem",
    "pk": 93
  },
  {
    "fields": {
      "purchase_order": 1,
      "sales_order_item": 94,
      "value": "100.00"
    },
    "model": "eums.purchaseorderitem",
    "pk": 94
  },
  {
    "fields": {
      "purchase_order": 1,
      "sales_order_item": 95,
      "value": "100.00"
    },
    "model": "eums.purchaseorderitem",
    "pk": 95
  },
  {
    "fields": {
      "purchase_order": 1,
      "sales_order_item": 96,
      "value": "100.00"
    },
    "model": "eums.purchaseorderitem",
    "pk": 96
  },
  {
    "fields": {
      "purchase_order": 1,
      "sales_order_item": 97,
      "value": "100.00"
    },
    "model": "eums.purchaseorderitem",
    "pk": 97
  },
  {
    "fields": {
      "purchase_order": 1,
      "sales_order_item": 98,
      "value": "100.00"
    },
    "model": "eums.purchaseorderitem",
    "pk": 98
  },
  {
    "fields": {
      "purchase_order": 1,
      "sales_order_item": 99,
      "value": "100.00"
    },
    "model": "eums.purchaseorderitem",
    "pk": 99
  },
  {
    "fields": {
      "purchase_order": 1,
      "sales_order_item": 100,
      "value": "100.00"
    },
    "model": "eums.purchaseorderitem",
    "pk": 100
  },
  {
    "fields": {
      "purchase_order": 1,
      "sales_order_item": 101,
      "value": "100.00"
    },
    "model": "eums.purchaseorderitem",
    "pk": 101
  },
  {
    "fields": {
      "purchase_order": 1,
      "sales_order_item": 102,
      "value": "100.00"
    },
    "model": "eums.purchaseorderitem",
    "pk": 102
  },
  {
    "fields": {
      "purchase_order": 1,
      "sales_order_item": 103,
      "value": "100.00"
    },
    "model": "eums.purchaseorderitem",
    "pk": 103
  },
  {
    "fields": {
      "purchase_order": 1,
      "sales_order_item": 104,
      "value": "100.00"
    },
    "model": "eums.purchaseorderitem",
    "pk": 104
  },
  {
    "fields": {
      "purchase_order": 1,
      "sales_order_item": 105,
      "value": "100.00"
    },
    "model": "eums.purchaseorderitem",
    "pk": 105
  },
  {
    "fields": {
      "purchase_order": 1,
      "sales_order_item": 106,
      "value": "100.00"
    },
    "model": "eums.purchaseorderitem",
    "pk": 106
  },
  {
    "fields": {
      "purchase_order": 1,
      "sales_order_item": 107,
      "value": "100.00"
    },
    "model": "eums.purchaseorderitem",
    "pk": 107
  },
  {
    "fields": {
      "purchase_order": 1,
      "sales_order_item": 108,
      "value": "100.00"
    },
    "model": "eums.purchaseorderitem",
    "pk": 108
  },
  {
    "fields": {
      "purchase_order": 1,
      "sales_order_item": 109,
      "value": "100.00"
    },
    "model": "eums.purchaseorderitem",
    "pk": 109
  },
  {
    "fields": {
      "purchase_order": 1,
      "sales_order_item": 110,
      "value": "100.00"
    },
    "model": "eums.purchaseorderitem",
    "pk": 110
  },
  {
    "fields": {
      "purchase_order": 1,
      "sales_order_item": 111,
      "value": "100.00"
    },
    "model": "eums.purchaseorderitem",
    "pk": 111
  },
  {
    "fields": {
      "purchase_order": 1,
      "sales_order_item": 112,
      "value": "100.00"
    },
    "model": "eums.purchaseorderitem",
    "pk": 112
  },
  {
    "fields": {
      "purchase_order": 1,
      "sales_order_item": 113,
      "value": "100.00"
    },
    "model": "eums.purchaseorderitem",
    "pk": 113
  },
  {
    "fields": {
      "purchase_order": 1,
      "sales_order_item": 114,
      "value": "100.00"
    },
    "model": "eums.purchaseorderitem",
    "pk": 114
  },
  {
    "fields": {
      "purchase_order": 1,
      "sales_order_item": 115,
      "value": "100.00"
    },
    "model": "eums.purchaseorderitem",
    "pk": 115
  },
  {
    "fields": {
      "purchase_order": 1,
      "sales_order_item": 116,
      "value": "100.00"
    },
    "model": "eums.purchaseorderitem",
    "pk": 116
  },
  {
    "fields": {
      "purchase_order": 1,
      "sales_order_item": 117,
      "value": "100.00"
    },
    "model": "eums.purchaseorderitem",
    "pk": 117
  },
  {
    "fields": {
      "purchase_order": 1,
      "sales_order_item": 118,
      "value": "100.00"
    },
    "model": "eums.purchaseorderitem",
    "pk": 118
  },
  {
    "fields": {
      "purchase_order": 1,
      "sales_order_item": 119,
      "value": "100.00"
    },
    "model": "eums.purchaseorderitem",
    "pk": 119
  },
  {
    "fields": {
      "purchase_order": 1,
      "sales_order_item": 120,
      "value": "100.00"
    },
    "model": "eums.purchaseorderitem",
    "pk": 120
  },
  {
    "fields": {
      "purchase_order": 1,
      "sales_order_item": 121,
      "value": "100.00"
    },
    "model": "eums.purchaseorderitem",
    "pk": 121
  },
  {
    "fields": {
      "purchase_order": 1,
      "sales_order_item": 122,
      "value": "100.00"
    },
    "model": "eums.purchaseorderitem",
    "pk": 122
  },
  {
    "fields": {
      "purchase_order": 1,
      "sales_order_item": 123,
      "value": "100.00"
    },
    "model": "eums.purchaseorderitem",
    "pk": 123
  },
  {
    "fields": {
      "purchase_order": 1,
      "sales_order_item": 124,
      "value": "100.00"
    },
    "model": "eums.purchaseorderitem",
    "pk": 124
  },
  {
    "fields": {
      "purchase_order": 1,
      "sales_order_item": 125,
      "value": "100.00"
    },
    "model": "eums.purchaseorderitem",
    "pk": 125
  },
  {
    "fields": {
      "purchase_order": 1,
      "sales_order_item": 126,
      "value": "100.00"
    },
    "model": "eums.purchaseorderitem",
    "pk": 126
  },
  {
    "fields": {
      "purchase_order": 1,
      "sales_order_item": 127,
      "value": "100.00"
    },
    "model": "eums.purchaseorderitem",
    "pk": 127
  },
  {
    "fields": {
      "purchase_order": 1,
      "sales_order_item": 128,
      "value": "100.00"
    },
    "model": "eums.purchaseorderitem",
    "pk": 128
  },
  {
    "fields": {
      "purchase_order": 1,
      "sales_order_item": 129,
      "value": "100.00"
    },
    "model": "eums.purchaseorderitem",
    "pk": 129
  },
  {
    "fields": {
      "purchase_order": 1,
      "sales_order_item": 130,
      "value": "100.00"
    },
    "model": "eums.purchaseorderitem",
    "pk": 130
  },
  {
    "fields": {
      "purchase_order": 1,
      "sales_order_item": 131,
      "value": "100.00"
    },
    "model": "eums.purchaseorderitem",
    "pk": 131
  },
  {
    "fields": {
      "purchase_order": 1,
      "sales_order_item": 132,
      "value": "100.00"
    },
    "model": "eums.purchaseorderitem",
    "pk": 132
  },
  {
    "fields": {
      "purchase_order": 1,
      "sales_order_item": 133,
      "value": "100.00"
    },
    "model": "eums.purchaseorderitem",
    "pk": 133
  },
  {
    "fields": {
      "purchase_order": 1,
      "sales_order_item": 134,
      "value": "100.00"
    },
    "model": "eums.purchaseorderitem",
    "pk": 134
  },
  {
    "fields": {
      "purchase_order": 1,
      "sales_order_item": 135,
      "value": "100.00"
    },
    "model": "eums.purchaseorderitem",
    "pk": 135
  },
  {
    "fields": {
      "purchase_order": 1,
      "sales_order_item": 136,
      "value": "100.00"
    },
    "model": "eums.purchaseorderitem",
    "pk": 136
  },
  {
    "fields": {
      "purchase_order": 1,
      "sales_order_item": 137,
      "value": "100.00"
    },
    "model": "eums.purchaseorderitem",
    "pk": 137
  },
  {
    "fields": {
      "purchase_order": 1,
      "sales_order_item": 138,
      "value": "100.00"
    },
    "model": "eums.purchaseorderitem",
    "pk": 138
  },
  {
    "fields": {
      "purchase_order": 1,
      "sales_order_item": 139,
      "value": "100.00"
    },
    "model": "eums.purchaseorderitem",
    "pk": 139
  },
  {
    "fields": {
      "purchase_order": 1,
      "sales_order_item": 140,
      "value": "100.00"
    },
    "model": "eums.purchaseorderitem",
    "pk": 140
  },
  {
    "fields": {
      "purchase_order": 1,
      "sales_order_item": 141,
      "value": "100.00"
    },
    "model": "eums.purchaseorderitem",
    "pk": 141
  },
  {
    "fields": {
      "purchase_order": 1,
      "sales_order_item": 142,
      "value": "100.00"
    },
    "model": "eums.purchaseorderitem",
    "pk": 142
  },
  {
    "fields": {
      "purchase_order": 1,
      "sales_order_item": 143,
      "value": "100.00"
    },
    "model": "eums.purchaseorderitem",
    "pk": 143
  },
  {
    "fields": {
      "purchase_order": 1,
      "sales_order_item": 144,
      "value": "100.00"
    },
    "model": "eums.purchaseorderitem",
    "pk": 144
  },
  {
    "fields": {
      "purchase_order": 1,
      "sales_order_item": 145,
      "value": "100.00"
    },
    "model": "eums.purchaseorderitem",
    "pk": 145
  },
  {
    "fields": {
      "purchase_order": 1,
      "sales_order_item": 146,
      "value": "100.00"
    },
    "model": "eums.purchaseorderitem",
    "pk": 146
  },
  {
    "fields": {
      "purchase_order": 1,
      "sales_order_item": 147,
      "value": "100.00"
    },
    "model": "eums.purchaseorderitem",
    "pk": 147
  },
  {
    "fields": {
      "purchase_order": 1,
      "sales_order_item": 148,
      "value": "100.00"
    },
    "model": "eums.purchaseorderitem",
    "pk": 148
  },
  {
    "fields": {
      "purchase_order": 1,
      "sales_order_item": 149,
      "value": "100.00"
    },
    "model": "eums.purchaseorderitem",
    "pk": 149
  },
  {
    "fields": {
      "purchase_order": 1,
      "sales_order_item": 150,
      "value": "100.00"
    },
    "model": "eums.purchaseorderitem",
    "pk": 150
  },
  {
    "fields": {
      "purchase_order": 1,
      "sales_order_item": 151,
      "value": "100.00"
    },
    "model": "eums.purchaseorderitem",
    "pk": 151
  },
  {
    "fields": {
      "purchase_order": 1,
      "sales_order_item": 152,
      "value": "100.00"
    },
    "model": "eums.purchaseorderitem",
    "pk": 152
  },
  {
    "fields": {
      "purchase_order": 1,
      "sales_order_item": 153,
      "value": "100.00"
    },
    "model": "eums.purchaseorderitem",
    "pk": 153
  },
  {
    "fields": {
      "purchase_order": 1,
      "sales_order_item": 154,
      "value": "100.00"
    },
    "model": "eums.purchaseorderitem",
    "pk": 154
  },
  {
    "fields": {
      "purchase_order": 1,
      "sales_order_item": 155,
      "value": "100.00"
    },
    "model": "eums.purchaseorderitem",
    "pk": 155
  },
  {
    "fields": {
      "purchase_order": 1,
      "sales_order_item": 156,
      "value": "100.00"
    },
    "model": "eums.purchaseorderitem",
    "pk": 156
  },
  {
    "fields": {
      "purchase_order": 1,
      "sales_order_item": 157,
      "value": "100.00"
    },
    "model": "eums.purchaseorderitem",
    "pk": 157
  },
  {
    "fields": {
      "purchase_order": 1,
      "sales_order_item": 158,
      "value": "100.00"
    },
    "model": "eums.purchaseorderitem",
    "pk": 158
  },
  {
    "fields": {
      "purchase_order": 1,
      "sales_order_item": 159,
      "value": "100.00"
    },
    "model": "eums.purchaseorderitem",
    "pk": 159
  },
  {
    "fields": {
      "purchase_order": 1,
      "sales_order_item": 160,
      "value": "100.00"
    },
    "model": "eums.purchaseorderitem",
    "pk": 160
  },
  {
    "fields": {
      "purchase_order": 1,
      "sales_order_item": 161,
      "value": "100.00"
    },
    "model": "eums.purchaseorderitem",
    "pk": 161
  },
  {
    "fields": {
      "purchase_order": 1,
      "sales_order_item": 162,
      "value": "100.00"
    },
    "model": "eums.purchaseorderitem",
    "pk": 162
  },
  {
    "fields": {
      "purchase_order": 1,
      "sales_order_item": 163,
      "value": "100.00"
    },
    "model": "eums.purchaseorderitem",
    "pk": 163
  },
  {
    "fields": {
      "purchase_order": 1,
      "sales_order_item": 164,
      "value": "100.00"
    },
    "model": "eums.purchaseorderitem",
    "pk": 164
  },
  {
    "fields": {
      "purchase_order": 1,
      "sales_order_item": 165,
      "value": "100.00"
    },
    "model": "eums.purchaseorderitem",
    "pk": 165
  },
  {
    "fields": {
      "purchase_order": 1,
      "sales_order_item": 166,
      "value": "100.00"
    },
    "model": "eums.purchaseorderitem",
    "pk": 166
  },
  {
    "fields": {
      "purchase_order": 1,
      "sales_order_item": 167,
      "value": "100.00"
    },
    "model": "eums.purchaseorderitem",
    "pk": 167
  },
  {
    "fields": {
      "purchase_order": 1,
      "sales_order_item": 168,
      "value": "100.00"
    },
    "model": "eums.purchaseorderitem",
    "pk": 168
  },
  {
    "fields": {
      "purchase_order": 1,
      "sales_order_item": 169,
      "value": "100.00"
    },
    "model": "eums.purchaseorderitem",
    "pk": 169
  },
  {
    "fields": {
      "purchase_order": 1,
      "sales_order_item": 170,
      "value": "100.00"
    },
    "model": "eums.purchaseorderitem",
    "pk": 170
  },
  {
    "fields": {
      "purchase_order": 1,
      "sales_order_item": 171,
      "value": "100.00"
    },
    "model": "eums.purchaseorderitem",
    "pk": 171
  },
  {
    "fields": {
      "purchase_order": 1,
      "sales_order_item": 172,
      "value": "100.00"
    },
    "model": "eums.purchaseorderitem",
    "pk": 172
  },
  {
    "fields": {
      "purchase_order": 1,
      "sales_order_item": 173,
      "value": "100.00"
    },
    "model": "eums.purchaseorderitem",
    "pk": 173
  },
  {
    "fields": {
      "purchase_order": 1,
      "sales_order_item": 174,
      "value": "100.00"
    },
    "model": "eums.purchaseorderitem",
    "pk": 174
  },
  {
    "fields": {
      "purchase_order": 1,
      "sales_order_item": 175,
      "value": "100.00"
    },
    "model": "eums.purchaseorderitem",
    "pk": 175
  },
  {
    "fields": {
      "purchase_order": 1,
      "sales_order_item": 176,
      "value": "100.00"
    },
    "model": "eums.purchaseorderitem",
    "pk": 176
  },
  {
    "fields": {
      "purchase_order": 1,
      "sales_order_item": 177,
      "value": "100.00"
    },
    "model": "eums.purchaseorderitem",
    "pk": 177
  },
  {
    "fields": {
      "purchase_order": 1,
      "sales_order_item": 178,
      "value": "100.00"
    },
    "model": "eums.purchaseorderitem",
    "pk": 178
  },
  {
    "fields": {
      "purchase_order": 1,
      "sales_order_item": 179,
      "value": "100.00"
    },
    "model": "eums.purchaseorderitem",
    "pk": 179
  },
  {
    "fields": {
      "purchase_order": 1,
      "sales_order_item": 180,
      "value": "100.00"
    },
    "model": "eums.purchaseorderitem",
    "pk": 180
  },
  {
    "fields": {
      "purchase_order": 1,
      "sales_order_item": 181,
      "value": "100.00"
    },
    "model": "eums.purchaseorderitem",
    "pk": 181
  },
  {
    "fields": {
      "purchase_order": 1,
      "sales_order_item": 182,
      "value": "100.00"
    },
    "model": "eums.purchaseorderitem",
    "pk": 182
  },
  {
    "fields": {
      "purchase_order": 1,
      "sales_order_item": 183,
      "value": "100.00"
    },
    "model": "eums.purchaseorderitem",
    "pk": 183
  },
  {
    "fields": {
      "purchase_order": 1,
      "sales_order_item": 184,
      "value": "100.00"
    },
    "model": "eums.purchaseorderitem",
    "pk": 184
  },
  {
    "fields": {
      "purchase_order": 1,
      "sales_order_item": 185,
      "value": "100.00"
    },
    "model": "eums.purchaseorderitem",
    "pk": 185
  },
  {
    "fields": {
      "purchase_order": 1,
      "sales_order_item": 186,
      "value": "100.00"
    },
    "model": "eums.purchaseorderitem",
    "pk": 186
  },
  {
    "fields": {
      "purchase_order": 1,
      "sales_order_item": 187,
      "value": "100.00"
    },
    "model": "eums.purchaseorderitem",
    "pk": 187
  },
  {
    "fields": {
      "purchase_order": 1,
      "sales_order_item": 188,
      "value": "100.00"
    },
    "model": "eums.purchaseorderitem",
    "pk": 188
  },
  {
    "fields": {
      "purchase_order": 1,
      "sales_order_item": 189,
      "value": "100.00"
    },
    "model": "eums.purchaseorderitem",
    "pk": 189
  },
  {
    "fields": {
      "purchase_order": 1,
      "sales_order_item": 190,
      "value": "100.00"
    },
    "model": "eums.purchaseorderitem",
    "pk": 190
  },
  {
    "fields": {
      "purchase_order": 1,
      "sales_order_item": 191,
      "value": "100.00"
    },
    "model": "eums.purchaseorderitem",
    "pk": 191
  },
  {
    "fields": {
      "purchase_order": 1,
      "sales_order_item": 192,
      "value": "100.00"
    },
    "model": "eums.purchaseorderitem",
    "pk": 192
  },
  {
    "fields": {
      "purchase_order": 1,
      "sales_order_item": 193,
      "value": "100.00"
    },
    "model": "eums.purchaseorderitem",
    "pk": 193
  },
  {
    "fields": {
      "purchase_order": 1,
      "sales_order_item": 194,
      "value": "100.00"
    },
    "model": "eums.purchaseorderitem",
    "pk": 194
  },
  {
    "fields": {
      "purchase_order": 1,
      "sales_order_item": 195,
      "value": "100.00"
    },
    "model": "eums.purchaseorderitem",
    "pk": 195
  },
  {
    "fields": {
      "purchase_order": 1,
      "sales_order_item": 196,
      "value": "100.00"
    },
    "model": "eums.purchaseorderitem",
    "pk": 196
  },
  {
    "fields": {
      "purchase_order": 1,
      "sales_order_item": 197,
      "value": "100.00"
    },
    "model": "eums.purchaseorderitem",
    "pk": 197
  },
  {
    "fields": {
      "purchase_order": 1,
      "sales_order_item": 198,
      "value": "100.00"
    },
    "model": "eums.purchaseorderitem",
    "pk": 198
  },
  {
    "fields": {
      "purchase_order": 1,
      "sales_order_item": 199,
      "value": "100.00"
    },
    "model": "eums.purchaseorderitem",
    "pk": 199
  },
  {
    "fields": {
      "purchase_order": 1,
      "sales_order_item": 200,
      "value": "100.00"
    },
    "model": "eums.purchaseorderitem",
    "pk": 200
  },
  {
    "fields": {
      "purchase_order": 1,
      "sales_order_item": 201,
      "value": "100.00"
    },
    "model": "eums.purchaseorderitem",
    "pk": 201
  },
  {
    "fields": {
      "purchase_order": 1,
      "sales_order_item": 202,
      "value": "100.00"
    },
    "model": "eums.purchaseorderitem",
    "pk": 202
  },
  {
    "fields": {
      "purchase_order": 1,
      "sales_order_item": 203,
      "value": "100.00"
    },
    "model": "eums.purchaseorderitem",
    "pk": 203
  },
  {
    "fields": {
      "purchase_order": 1,
      "sales_order_item": 204,
      "value": "100.00"
    },
    "model": "eums.purchaseorderitem",
    "pk": 204
  },
  {
    "fields": {
      "purchase_order": 1,
      "sales_order_item": 205,
      "value": "100.00"
    },
    "model": "eums.purchaseorderitem",
    "pk": 205
  },
  {
    "fields": {
      "purchase_order": 1,
      "sales_order_item": 206,
      "value": "100.00"
    },
    "model": "eums.purchaseorderitem",
    "pk": 206
  },
  {
    "fields": {
      "purchase_order": 1,
      "sales_order_item": 207,
      "value": "100.00"
    },
    "model": "eums.purchaseorderitem",
    "pk": 207
  },
  {
    "fields": {
      "purchase_order": 1,
      "sales_order_item": 208,
      "value": "100.00"
    },
    "model": "eums.purchaseorderitem",
    "pk": 208
  },
  {
    "fields": {
      "purchase_order": 1,
      "sales_order_item": 209,
      "value": "100.00"
    },
    "model": "eums.purchaseorderitem",
    "pk": 209
  },
  {
    "fields": {
      "purchase_order": 1,
      "sales_order_item": 210,
      "value": "100.00"
    },
    "model": "eums.purchaseorderitem",
    "pk": 210
  },
  {
    "fields": {
      "purchase_order": 1,
      "sales_order_item": 211,
      "value": "100.00"
    },
    "model": "eums.purchaseorderitem",
    "pk": 211
  },
  {
    "fields": {
      "purchase_order": 1,
      "sales_order_item": 212,
      "value": "100.00"
    },
    "model": "eums.purchaseorderitem",
    "pk": 212
  },
  {
    "fields": {
      "purchase_order": 1,
      "sales_order_item": 213,
      "value": "100.00"
    },
    "model": "eums.purchaseorderitem",
    "pk": 213
  },
  {
    "fields": {
      "purchase_order": 1,
      "sales_order_item": 214,
      "value": "100.00"
    },
    "model": "eums.purchaseorderitem",
    "pk": 214
  },
  {
    "fields": {
      "purchase_order": 1,
      "sales_order_item": 215,
      "value": "100.00"
    },
    "model": "eums.purchaseorderitem",
    "pk": 215
  },
  {
    "fields": {
      "purchase_order": 1,
      "sales_order_item": 216,
      "value": "100.00"
    },
    "model": "eums.purchaseorderitem",
    "pk": 216
  },
  {
    "fields": {
      "purchase_order": 1,
      "sales_order_item": 217,
      "value": "100.00"
    },
    "model": "eums.purchaseorderitem",
    "pk": 217
  },
  {
    "fields": {
      "purchase_order": 1,
      "sales_order_item": 218,
      "value": "100.00"
    },
    "model": "eums.purchaseorderitem",
    "pk": 218
  },
  {
    "fields": {
      "purchase_order": 1,
      "sales_order_item": 219,
      "value": "100.00"
    },
    "model": "eums.purchaseorderitem",
    "pk": 219
  },
  {
    "fields": {
      "purchase_order": 1,
      "sales_order_item": 220,
      "value": "100.00"
    },
    "model": "eums.purchaseorderitem",
    "pk": 220
  },
  {
    "fields": {
      "purchase_order": 1,
      "sales_order_item": 221,
      "value": "100.00"
    },
    "model": "eums.purchaseorderitem",
    "pk": 221
  },
  {
    "fields": {
      "purchase_order": 1,
      "sales_order_item": 222,
      "value": "100.00"
    },
    "model": "eums.purchaseorderitem",
    "pk": 222
  },
  {
    "fields": {
      "purchase_order": 1,
      "sales_order_item": 223,
      "value": "100.00"
    },
    "model": "eums.purchaseorderitem",
    "pk": 223
  },
  {
    "fields": {
      "purchase_order": 1,
      "sales_order_item": 224,
      "value": "100.00"
    },
    "model": "eums.purchaseorderitem",
    "pk": 224
  },
  {
    "fields": {
      "purchase_order": 1,
      "sales_order_item": 225,
      "value": "100.00"
    },
    "model": "eums.purchaseorderitem",
    "pk": 225
  },
  {
    "fields": {
      "purchase_order": 1,
      "sales_order_item": 226,
      "value": "100.00"
    },
    "model": "eums.purchaseorderitem",
    "pk": 226
  },
  {
    "fields": {
      "purchase_order": 1,
      "sales_order_item": 227,
      "value": "100.00"
    },
    "model": "eums.purchaseorderitem",
    "pk": 227
  },
  {
    "fields": {
      "purchase_order": 1,
      "sales_order_item": 228,
      "value": "100.00"
    },
    "model": "eums.purchaseorderitem",
    "pk": 228
  },
  {
    "fields": {
      "purchase_order": 1,
      "sales_order_item": 229,
      "value": "100.00"
    },
    "model": "eums.purchaseorderitem",
    "pk": 229
  },
  {
    "fields": {
      "purchase_order": 1,
      "sales_order_item": 230,
      "value": "100.00"
    },
    "model": "eums.purchaseorderitem",
    "pk": 230
  },
  {
    "fields": {
      "purchase_order": 1,
      "sales_order_item": 231,
      "value": "100.00"
    },
    "model": "eums.purchaseorderitem",
    "pk": 231
  },
  {
    "fields": {
      "purchase_order": 1,
      "sales_order_item": 232,
      "value": "100.00"
    },
    "model": "eums.purchaseorderitem",
    "pk": 232
  },
  {
    "fields": {
      "purchase_order": 1,
      "sales_order_item": 233,
      "value": "100.00"
    },
    "model": "eums.purchaseorderitem",
    "pk": 233
  },
  {
    "fields": {
      "purchase_order": 1,
      "sales_order_item": 234,
      "value": "100.00"
    },
    "model": "eums.purchaseorderitem",
    "pk": 234
  },
  {
    "fields": {
      "purchase_order": 1,
      "sales_order_item": 235,
      "value": "100.00"
    },
    "model": "eums.purchaseorderitem",
    "pk": 235
  },
  {
    "fields": {
      "purchase_order": 1,
      "sales_order_item": 236,
      "value": "100.00"
    },
    "model": "eums.purchaseorderitem",
    "pk": 236
  },
  {
    "fields": {
      "purchase_order": 1,
      "sales_order_item": 237,
      "value": "100.00"
    },
    "model": "eums.purchaseorderitem",
    "pk": 237
  },
  {
    "fields": {
      "purchase_order": 1,
      "sales_order_item": 238,
      "value": "100.00"
    },
    "model": "eums.purchaseorderitem",
    "pk": 238
  },
  {
    "fields": {
      "purchase_order": 1,
      "sales_order_item": 239,
      "value": "100.00"
    },
    "model": "eums.purchaseorderitem",
    "pk": 239
  },
  {
    "fields": {
      "purchase_order": 1,
      "sales_order_item": 240,
      "value": "100.00"
    },
    "model": "eums.purchaseorderitem",
    "pk": 240
  },
  {
    "fields": {
      "purchase_order": 1,
      "sales_order_item": 241,
      "value": "100.00"
    },
    "model": "eums.purchaseorderitem",
    "pk": 241
  },
  {
    "fields": {
      "purchase_order": 1,
      "sales_order_item": 242,
      "value": "100.00"
    },
    "model": "eums.purchaseorderitem",
    "pk": 242
  },
  {
    "fields": {
      "purchase_order": 1,
      "sales_order_item": 243,
      "value": "100.00"
    },
    "model": "eums.purchaseorderitem",
    "pk": 243
  },
  {
    "fields": {
      "purchase_order": 1,
      "sales_order_item": 244,
      "value": "100.00"
    },
    "model": "eums.purchaseorderitem",
    "pk": 244
  },
  {
    "fields": {
      "purchase_order": 1,
      "sales_order_item": 245,
      "value": "100.00"
    },
    "model": "eums.purchaseorderitem",
    "pk": 245
  },
  {
    "fields": {
      "purchase_order": 1,
      "sales_order_item": 246,
      "value": "100.00"
    },
    "model": "eums.purchaseorderitem",
    "pk": 246
  },
  {
    "fields": {
      "purchase_order": 1,
      "sales_order_item": 247,
      "value": "100.00"
    },
    "model": "eums.purchaseorderitem",
    "pk": 247
  },
  {
    "fields": {
      "purchase_order": 1,
      "sales_order_item": 248,
      "value": "100.00"
    },
    "model": "eums.purchaseorderitem",
    "pk": 248
  },
  {
    "fields": {
      "purchase_order": 1,
      "sales_order_item": 249,
      "value": "100.00"
    },
    "model": "eums.purchaseorderitem",
    "pk": 249
  },
  {
    "fields": {
      "purchase_order": 1,
      "sales_order_item": 250,
      "value": "100.00"
    },
    "model": "eums.purchaseorderitem",
    "pk": 250
  },
  {
    "fields": {
      "purchase_order": 1,
      "sales_order_item": 251,
      "value": "100.00"
    },
    "model": "eums.purchaseorderitem",
    "pk": 251
  },
  {
    "fields": {
      "purchase_order": 1,
      "sales_order_item": 252,
      "value": "100.00"
    },
    "model": "eums.purchaseorderitem",
    "pk": 252
  },
  {
    "fields": {
      "purchase_order": 1,
      "sales_order_item": 253,
      "value": "100.00"
    },
    "model": "eums.purchaseorderitem",
    "pk": 253
  },
  {
    "fields": {
      "purchase_order": 1,
      "sales_order_item": 254,
      "value": "100.00"
    },
    "model": "eums.purchaseorderitem",
    "pk": 254
  },
  {
    "fields": {
      "purchase_order": 1,
      "sales_order_item": 255,
      "value": "100.00"
    },
    "model": "eums.purchaseorderitem",
    "pk": 255
  },
  {
    "fields": {
      "purchase_order": 1,
      "sales_order_item": 256,
      "value": "100.00"
    },
    "model": "eums.purchaseorderitem",
    "pk": 256
  },
  {
    "fields": {
      "purchase_order": 1,
      "sales_order_item": 257,
      "value": "100.00"
    },
    "model": "eums.purchaseorderitem",
    "pk": 257
  },
  {
    "fields": {
      "purchase_order": 1,
      "sales_order_item": 258,
      "value": "100.00"
    },
    "model": "eums.purchaseorderitem",
    "pk": 258
  },
  {
    "fields": {
      "purchase_order": 1,
      "sales_order_item": 259,
      "value": "100.00"
    },
    "model": "eums.purchaseorderitem",
    "pk": 259
  },
  {
    "fields": {
      "purchase_order": 1,
      "sales_order_item": 260,
      "value": "100.00"
    },
    "model": "eums.purchaseorderitem",
    "pk": 260
  },
  {
    "fields": {
      "purchase_order": 1,
      "sales_order_item": 261,
      "value": "100.00"
    },
    "model": "eums.purchaseorderitem",
    "pk": 261
  },
  {
    "fields": {
      "purchase_order": 1,
      "sales_order_item": 262,
      "value": "100.00"
    },
    "model": "eums.purchaseorderitem",
    "pk": 262
  },
  {
    "fields": {
      "purchase_order": 1,
      "sales_order_item": 263,
      "value": "100.00"
    },
    "model": "eums.purchaseorderitem",
    "pk": 263
  },
  {
    "fields": {
      "purchase_order": 1,
      "sales_order_item": 264,
      "value": "100.00"
    },
    "model": "eums.purchaseorderitem",
    "pk": 264
  },
  {
    "fields": {
      "purchase_order": 1,
      "sales_order_item": 265,
      "value": "100.00"
    },
    "model": "eums.purchaseorderitem",
    "pk": 265
  },
  {
    "fields": {
      "purchase_order": 1,
      "sales_order_item": 266,
      "value": "100.00"
    },
    "model": "eums.purchaseorderitem",
    "pk": 266
  },
  {
    "fields": {
      "purchase_order": 1,
      "sales_order_item": 267,
      "value": "100.00"
    },
    "model": "eums.purchaseorderitem",
    "pk": 267
  },
  {
    "fields": {
      "purchase_order": 1,
      "sales_order_item": 268,
      "value": "100.00"
    },
    "model": "eums.purchaseorderitem",
    "pk": 268
  },
  {
    "fields": {
      "purchase_order": 1,
      "sales_order_item": 269,
      "value": "100.00"
    },
    "model": "eums.purchaseorderitem",
    "pk": 269
  },
  {
    "fields": {
      "purchase_order": 1,
      "sales_order_item": 270,
      "value": "100.00"
    },
    "model": "eums.purchaseorderitem",
    "pk": 270
  },
  {
    "fields": {
      "purchase_order": 1,
      "sales_order_item": 271,
      "value": "100.00"
    },
    "model": "eums.purchaseorderitem",
    "pk": 271
  },
  {
    "fields": {
      "purchase_order": 1,
      "sales_order_item": 272,
      "value": "100.00"
    },
    "model": "eums.purchaseorderitem",
    "pk": 272
  },
  {
    "fields": {
      "purchase_order": 1,
      "sales_order_item": 273,
      "value": "100.00"
    },
    "model": "eums.purchaseorderitem",
    "pk": 273
  },
  {
    "fields": {
      "purchase_order": 1,
      "sales_order_item": 274,
      "value": "100.00"
    },
    "model": "eums.purchaseorderitem",
    "pk": 274
  },
  {
    "fields": {
      "purchase_order": 1,
      "sales_order_item": 275,
      "value": "100.00"
    },
    "model": "eums.purchaseorderitem",
    "pk": 275
  },
  {
    "fields": {
      "purchase_order": 1,
      "sales_order_item": 276,
      "value": "100.00"
    },
    "model": "eums.purchaseorderitem",
    "pk": 276
  },
  {
    "fields": {
      "purchase_order": 1,
      "sales_order_item": 277,
      "value": "100.00"
    },
    "model": "eums.purchaseorderitem",
    "pk": 277
  },
  {
    "fields": {
      "purchase_order": 1,
      "sales_order_item": 278,
      "value": "100.00"
    },
    "model": "eums.purchaseorderitem",
    "pk": 278
  },
  {
    "fields": {
      "purchase_order": 1,
      "sales_order_item": 279,
      "value": "100.00"
    },
    "model": "eums.purchaseorderitem",
    "pk": 279
  },
  {
    "fields": {
      "purchase_order": 1,
      "sales_order_item": 280,
      "value": "100.00"
    },
    "model": "eums.purchaseorderitem",
    "pk": 280
  },
  {
    "fields": {
      "purchase_order": 1,
      "sales_order_item": 281,
      "value": "100.00"
    },
    "model": "eums.purchaseorderitem",
    "pk": 281
  },
  {
    "fields": {
      "purchase_order": 1,
      "sales_order_item": 282,
      "value": "100.00"
    },
    "model": "eums.purchaseorderitem",
    "pk": 282
  },
  {
    "fields": {
      "purchase_order": 1,
      "sales_order_item": 283,
      "value": "100.00"
    },
    "model": "eums.purchaseorderitem",
    "pk": 283
  },
  {
    "fields": {
      "purchase_order": 1,
      "sales_order_item": 284,
      "value": "100.00"
    },
    "model": "eums.purchaseorderitem",
    "pk": 284
  },
  {
    "fields": {
      "purchase_order": 1,
      "sales_order_item": 285,
      "value": "100.00"
    },
    "model": "eums.purchaseorderitem",
    "pk": 285
  },
  {
    "fields": {
      "purchase_order": 1,
      "sales_order_item": 286,
      "value": "100.00"
    },
    "model": "eums.purchaseorderitem",
    "pk": 286
  },
  {
    "fields": {
      "purchase_order": 1,
      "sales_order_item": 287,
      "value": "100.00"
    },
    "model": "eums.purchaseorderitem",
    "pk": 287
  },
  {
    "fields": {
      "purchase_order": 1,
      "sales_order_item": 288,
      "value": "100.00"
    },
    "model": "eums.purchaseorderitem",
    "pk": 288
  },
  {
    "fields": {
      "purchase_order": 1,
      "sales_order_item": 289,
      "value": "100.00"
    },
    "model": "eums.purchaseorderitem",
    "pk": 289
  },
  {
    "fields": {
      "purchase_order": 1,
      "sales_order_item": 290,
      "value": "100.00"
    },
    "model": "eums.purchaseorderitem",
    "pk": 290
  },
  {
    "fields": {
      "purchase_order": 1,
      "sales_order_item": 291,
      "value": "100.00"
    },
    "model": "eums.purchaseorderitem",
    "pk": 291
  },
  {
    "fields": {
      "purchase_order": 1,
      "sales_order_item": 292,
      "value": "100.00"
    },
    "model": "eums.purchaseorderitem",
    "pk": 292
  },
  {
    "fields": {
      "purchase_order": 1,
      "sales_order_item": 293,
      "value": "100.00"
    },
    "model": "eums.purchaseorderitem",
    "pk": 293
  },
  {
    "fields": {
      "purchase_order": 1,
      "sales_order_item": 294,
      "value": "100.00"
    },
    "model": "eums.purchaseorderitem",
    "pk": 294
  },
  {
    "fields": {
      "purchase_order": 1,
      "sales_order_item": 295,
      "value": "100.00"
    },
    "model": "eums.purchaseorderitem",
    "pk": 295
  },
  {
    "fields": {
      "purchase_order": 1,
      "sales_order_item": 296,
      "value": "100.00"
    },
    "model": "eums.purchaseorderitem",
    "pk": 296
  },
  {
    "fields": {
      "purchase_order": 1,
      "sales_order_item": 297,
      "value": "100.00"
    },
    "model": "eums.purchaseorderitem",
    "pk": 297
  },
  {
    "fields": {
      "purchase_order": 1,
      "sales_order_item": 298,
      "value": "100.00"
    },
    "model": "eums.purchaseorderitem",
    "pk": 298
  },
  {
    "fields": {
      "purchase_order": 1,
      "sales_order_item": 299,
      "value": "100.00"
    },
    "model": "eums.purchaseorderitem",
    "pk": 299
  },
  {
    "fields": {
      "purchase_order": 1,
      "sales_order_item": 300,
      "value": "100.00"
    },
    "model": "eums.purchaseorderitem",
    "pk": 300
  },
  {
    "fields": {
      "purchase_order": 1,
      "sales_order_item": 301,
      "value": "100.00"
    },
    "model": "eums.purchaseorderitem",
    "pk": 301
  },
  {
    "fields": {
      "purchase_order": 1,
      "sales_order_item": 302,
      "value": "100.00"
    },
    "model": "eums.purchaseorderitem",
    "pk": 302
  },
  {
    "fields": {
      "purchase_order": 1,
      "sales_order_item": 303,
      "value": "100.00"
    },
    "model": "eums.purchaseorderitem",
    "pk": 303
  },
  {
    "fields": {
      "purchase_order": 1,
      "sales_order_item": 304,
      "value": "100.00"
    },
    "model": "eums.purchaseorderitem",
    "pk": 304
  },
  {
    "fields": {
      "purchase_order": 1,
      "sales_order_item": 305,
      "value": "100.00"
    },
    "model": "eums.purchaseorderitem",
    "pk": 305
  },
  {
    "fields": {
      "purchase_order": 1,
      "sales_order_item": 306,
      "value": "100.00"
    },
    "model": "eums.purchaseorderitem",
    "pk": 306
  },
  {
    "fields": {
      "purchase_order": 1,
      "sales_order_item": 307,
      "value": "100.00"
    },
    "model": "eums.purchaseorderitem",
    "pk": 307
  },
  {
    "fields": {
      "purchase_order": 1,
      "sales_order_item": 308,
      "value": "100.00"
    },
    "model": "eums.purchaseorderitem",
    "pk": 308
  },
  {
    "fields": {
      "purchase_order": 1,
      "sales_order_item": 309,
      "value": "100.00"
    },
    "model": "eums.purchaseorderitem",
    "pk": 309
  },
  {
    "fields": {
      "purchase_order": 1,
      "sales_order_item": 310,
      "value": "100.00"
    },
    "model": "eums.purchaseorderitem",
    "pk": 310
  },
  {
    "fields": {
      "purchase_order": 1,
      "sales_order_item": 311,
      "value": "100.00"
    },
    "model": "eums.purchaseorderitem",
    "pk": 311
  },
  {
    "fields": {
      "purchase_order": 1,
      "sales_order_item": 312,
      "value": "100.00"
    },
    "model": "eums.purchaseorderitem",
    "pk": 312
  },
  {
    "fields": {
      "purchase_order": 1,
      "sales_order_item": 313,
      "value": "100.00"
    },
    "model": "eums.purchaseorderitem",
    "pk": 313
  },
  {
    "fields": {
      "purchase_order": 1,
      "sales_order_item": 314,
      "value": "100.00"
    },
    "model": "eums.purchaseorderitem",
    "pk": 314
  },
  {
    "fields": {
      "purchase_order": 1,
      "sales_order_item": 315,
      "value": "100.00"
    },
    "model": "eums.purchaseorderitem",
    "pk": 315
  },
  {
    "fields": {
      "purchase_order": 1,
      "sales_order_item": 316,
      "value": "100.00"
    },
    "model": "eums.purchaseorderitem",
    "pk": 316
  },
  {
    "fields": {
      "purchase_order": 1,
      "sales_order_item": 317,
      "value": "100.00"
    },
    "model": "eums.purchaseorderitem",
    "pk": 317
  },
  {
    "fields": {
      "purchase_order": 1,
      "sales_order_item": 318,
      "value": "100.00"
    },
    "model": "eums.purchaseorderitem",
    "pk": 318
  },
  {
    "fields": {
      "purchase_order": 1,
      "sales_order_item": 319,
      "value": "100.00"
    },
    "model": "eums.purchaseorderitem",
    "pk": 319
  },
  {
    "fields": {
      "purchase_order": 1,
      "sales_order_item": 320,
      "value": "100.00"
    },
    "model": "eums.purchaseorderitem",
    "pk": 320
  },
  {
    "fields": {
      "purchase_order": 1,
      "sales_order_item": 321,
      "value": "100.00"
    },
    "model": "eums.purchaseorderitem",
    "pk": 321
  },
  {
    "fields": {
      "purchase_order": 1,
      "sales_order_item": 322,
      "value": "100.00"
    },
    "model": "eums.purchaseorderitem",
    "pk": 322
  },
  {
    "fields": {
      "purchase_order": 1,
      "sales_order_item": 323,
      "value": "100.00"
    },
    "model": "eums.purchaseorderitem",
    "pk": 323
  },
  {
    "fields": {
      "purchase_order": 1,
      "sales_order_item": 324,
      "value": "100.00"
    },
    "model": "eums.purchaseorderitem",
    "pk": 324
  },
  {
    "fields": {
      "purchase_order": 1,
      "sales_order_item": 325,
      "value": "100.00"
    },
    "model": "eums.purchaseorderitem",
    "pk": 325
  },
  {
    "fields": {
      "purchase_order": 1,
      "sales_order_item": 326,
      "value": "100.00"
    },
    "model": "eums.purchaseorderitem",
    "pk": 326
  },
  {
    "fields": {
      "purchase_order": 1,
      "sales_order_item": 327,
      "value": "100.00"
    },
    "model": "eums.purchaseorderitem",
    "pk": 327
  },
  {
    "fields": {
      "purchase_order": 1,
      "sales_order_item": 328,
      "value": "100.00"
    },
    "model": "eums.purchaseorderitem",
    "pk": 328
  },
  {
    "fields": {
      "purchase_order": 1,
      "sales_order_item": 329,
      "value": "100.00"
    },
    "model": "eums.purchaseorderitem",
    "pk": 329
  },
  {
    "fields": {
      "purchase_order": 1,
      "sales_order_item": 330,
      "value": "100.00"
    },
    "model": "eums.purchaseorderitem",
    "pk": 330
  },
  {
    "fields": {
      "purchase_order": 1,
      "sales_order_item": 331,
      "value": "100.00"
    },
    "model": "eums.purchaseorderitem",
    "pk": 331
  },
  {
    "fields": {
      "purchase_order": 1,
      "sales_order_item": 332,
      "value": "100.00"
    },
    "model": "eums.purchaseorderitem",
    "pk": 332
  },
  {
    "fields": {
      "purchase_order": 1,
      "sales_order_item": 333,
      "value": "100.00"
    },
    "model": "eums.purchaseorderitem",
    "pk": 333
  },
  {
    "fields": {
      "purchase_order": 1,
      "sales_order_item": 334,
      "value": "100.00"
    },
    "model": "eums.purchaseorderitem",
    "pk": 334
  },
  {
    "fields": {
      "purchase_order": 1,
      "sales_order_item": 335,
      "value": "100.00"
    },
    "model": "eums.purchaseorderitem",
    "pk": 335
  },
  {
    "fields": {
      "purchase_order": 1,
      "sales_order_item": 336,
      "value": "100.00"
    },
    "model": "eums.purchaseorderitem",
    "pk": 336
  },
  {
    "fields": {
      "purchase_order": 1,
      "sales_order_item": 337,
      "value": "100.00"
    },
    "model": "eums.purchaseorderitem",
    "pk": 337
  },
  {
    "fields": {
      "purchase_order": 1,
      "sales_order_item": 338,
      "value": "100.00"
    },
    "model": "eums.purchaseorderitem",
    "pk": 338
  },
  {
    "fields": {
      "purchase_order": 1,
      "sales_order_item": 339,
      "value": "100.00"
    },
    "model": "eums.purchaseorderitem",
    "pk": 339
  },
  {
    "fields": {
      "purchase_order": 1,
      "sales_order_item": 340,
      "value": "100.00"
    },
    "model": "eums.purchaseorderitem",
    "pk": 340
  },
  {
    "fields": {
      "purchase_order": 1,
      "sales_order_item": 341,
      "value": "100.00"
    },
    "model": "eums.purchaseorderitem",
    "pk": 341
  },
  {
    "fields": {
      "purchase_order": 1,
      "sales_order_item": 342,
      "value": "100.00"
    },
    "model": "eums.purchaseorderitem",
    "pk": 342
  },
  {
    "fields": {
      "purchase_order": 1,
      "sales_order_item": 343,
      "value": "100.00"
    },
    "model": "eums.purchaseorderitem",
    "pk": 343
  },
  {
    "fields": {
      "purchase_order": 1,
      "sales_order_item": 344,
      "value": "100.00"
    },
    "model": "eums.purchaseorderitem",
    "pk": 344
  },
  {
    "fields": {
      "purchase_order": 1,
      "sales_order_item": 345,
      "value": "100.00"
    },
    "model": "eums.purchaseorderitem",
    "pk": 345
  },
  {
    "fields": {
      "purchase_order": 1,
      "sales_order_item": 346,
      "value": "100.00"
    },
    "model": "eums.purchaseorderitem",
    "pk": 346
  },
  {
    "fields": {
      "purchase_order": 1,
      "sales_order_item": 347,
      "value": "100.00"
    },
    "model": "eums.purchaseorderitem",
    "pk": 347
  },
  {
    "fields": {
      "purchase_order": 1,
      "sales_order_item": 348,
      "value": "100.00"
    },
    "model": "eums.purchaseorderitem",
    "pk": 348
  },
  {
    "fields": {
      "purchase_order": 1,
      "sales_order_item": 349,
      "value": "100.00"
    },
    "model": "eums.purchaseorderitem",
    "pk": 349
  },
  {
    "fields": {
      "purchase_order": 1,
      "sales_order_item": 350,
      "value": "100.00"
    },
    "model": "eums.purchaseorderitem",
    "pk": 350
  },
  {
    "fields": {
      "purchase_order": 1,
      "sales_order_item": 351,
      "value": "100.00"
    },
    "model": "eums.purchaseorderitem",
    "pk": 351
  },
  {
    "fields": {
      "purchase_order": 1,
      "sales_order_item": 352,
      "value": "100.00"
    },
    "model": "eums.purchaseorderitem",
    "pk": 352
  },
  {
    "fields": {
      "purchase_order": 1,
      "sales_order_item": 353,
      "value": "100.00"
    },
    "model": "eums.purchaseorderitem",
    "pk": 353
  },
  {
    "fields": {
      "purchase_order": 1,
      "sales_order_item": 354,
      "value": "100.00"
    },
    "model": "eums.purchaseorderitem",
    "pk": 354
  },
  {
    "fields": {
      "purchase_order": 1,
      "sales_order_item": 355,
      "value": "100.00"
    },
    "model": "eums.purchaseorderitem",
    "pk": 355
  },
  {
    "fields": {
      "purchase_order": 1,
      "sales_order_item": 356,
      "value": "100.00"
    },
    "model": "eums.purchaseorderitem",
    "pk": 356
  },
  {
    "fields": {
      "purchase_order": 1,
      "sales_order_item": 357,
      "value": "100.00"
    },
    "model": "eums.purchaseorderitem",
    "pk": 357
  },
  {
    "fields": {
      "purchase_order": 1,
      "sales_order_item": 358,
      "value": "100.00"
    },
    "model": "eums.purchaseorderitem",
    "pk": 358
  },
  {
    "fields": {
      "purchase_order": 1,
      "sales_order_item": 359,
      "value": "100.00"
    },
    "model": "eums.purchaseorderitem",
    "pk": 359
  },
  {
    "fields": {
      "purchase_order": 1,
      "sales_order_item": 360,
      "value": "100.00"
    },
    "model": "eums.purchaseorderitem",
    "pk": 360
  },
  {
    "fields": {
      "purchase_order": 1,
      "sales_order_item": 361,
      "value": "100.00"
    },
    "model": "eums.purchaseorderitem",
    "pk": 361
  },
  {
    "fields": {
      "purchase_order": 1,
      "sales_order_item": 362,
      "value": "100.00"
    },
    "model": "eums.purchaseorderitem",
    "pk": 362
  },
  {
    "fields": {
      "purchase_order": 1,
      "sales_order_item": 363,
      "value": "100.00"
    },
    "model": "eums.purchaseorderitem",
    "pk": 363
  },
  {
    "fields": {
      "purchase_order": 1,
      "sales_order_item": 364,
      "value": "100.00"
    },
    "model": "eums.purchaseorderitem",
    "pk": 364
  },
  {
    "fields": {
      "purchase_order": 1,
      "sales_order_item": 365,
      "value": "100.00"
    },
    "model": "eums.purchaseorderitem",
    "pk": 365
  },
  {
    "fields": {
      "purchase_order": 1,
      "sales_order_item": 366,
      "value": "100.00"
    },
    "model": "eums.purchaseorderitem",
    "pk": 366
  },
  {
    "fields": {
      "purchase_order": 1,
      "sales_order_item": 367,
      "value": "100.00"
    },
    "model": "eums.purchaseorderitem",
    "pk": 367
  },
  {
    "fields": {
      "purchase_order": 1,
      "sales_order_item": 368,
      "value": "100.00"
    },
    "model": "eums.purchaseorderitem",
    "pk": 368
  },
  {
    "fields": {
      "purchase_order": 1,
      "sales_order_item": 369,
      "value": "100.00"
    },
    "model": "eums.purchaseorderitem",
    "pk": 369
  },
  {
    "fields": {
      "purchase_order": 1,
      "sales_order_item": 370,
      "value": "100.00"
    },
    "model": "eums.purchaseorderitem",
    "pk": 370
  },
  {
    "fields": {
      "purchase_order": 1,
      "sales_order_item": 371,
      "value": "100.00"
    },
    "model": "eums.purchaseorderitem",
    "pk": 371
  },
  {
    "fields": {
      "purchase_order": 1,
      "sales_order_item": 372,
      "value": "100.00"
    },
    "model": "eums.purchaseorderitem",
    "pk": 372
  },
  {
    "fields": {
      "purchase_order": 1,
      "sales_order_item": 373,
      "value": "100.00"
    },
    "model": "eums.purchaseorderitem",
    "pk": 373
  },
  {
    "fields": {
      "purchase_order": 1,
      "sales_order_item": 374,
      "value": "100.00"
    },
    "model": "eums.purchaseorderitem",
    "pk": 374
  },
  {
    "fields": {
      "purchase_order": 1,
      "sales_order_item": 375,
      "value": "100.00"
    },
    "model": "eums.purchaseorderitem",
    "pk": 375
  },
  {
    "fields": {
      "purchase_order": 1,
      "sales_order_item": 376,
      "value": "100.00"
    },
    "model": "eums.purchaseorderitem",
    "pk": 376
  },
  {
    "fields": {
      "purchase_order": 1,
      "sales_order_item": 377,
      "value": "100.00"
    },
    "model": "eums.purchaseorderitem",
    "pk": 377
  },
  {
    "fields": {
      "purchase_order": 1,
      "sales_order_item": 378,
      "value": "100.00"
    },
    "model": "eums.purchaseorderitem",
    "pk": 378
  },
  {
    "fields": {
      "purchase_order": 1,
      "sales_order_item": 379,
      "value": "100.00"
    },
    "model": "eums.purchaseorderitem",
    "pk": 379
  },
  {
    "fields": {
      "purchase_order": 1,
      "sales_order_item": 380,
      "value": "100.00"
    },
    "model": "eums.purchaseorderitem",
    "pk": 380
  },
  {
    "fields": {
      "purchase_order": 1,
      "sales_order_item": 381,
      "value": "100.00"
    },
    "model": "eums.purchaseorderitem",
    "pk": 381
  },
  {
    "fields": {
      "purchase_order": 1,
      "sales_order_item": 382,
      "value": "100.00"
    },
    "model": "eums.purchaseorderitem",
    "pk": 382
  },
  {
    "fields": {
      "purchase_order": 1,
      "sales_order_item": 383,
      "value": "100.00"
    },
    "model": "eums.purchaseorderitem",
    "pk": 383
  },
  {
    "fields": {
      "purchase_order": 1,
      "sales_order_item": 384,
      "value": "100.00"
    },
    "model": "eums.purchaseorderitem",
    "pk": 384
  },
  {
    "fields": {
      "purchase_order": 1,
      "sales_order_item": 385,
      "value": "100.00"
    },
    "model": "eums.purchaseorderitem",
    "pk": 385
  },
  {
    "fields": {
      "purchase_order": 1,
      "sales_order_item": 386,
      "value": "100.00"
    },
    "model": "eums.purchaseorderitem",
    "pk": 386
  },
  {
    "fields": {
      "purchase_order": 1,
      "sales_order_item": 387,
      "value": "100.00"
    },
    "model": "eums.purchaseorderitem",
    "pk": 387
  },
  {
    "fields": {
      "purchase_order": 1,
      "sales_order_item": 388,
      "value": "100.00"
    },
    "model": "eums.purchaseorderitem",
    "pk": 388
  },
  {
    "fields": {
      "purchase_order": 1,
      "sales_order_item": 389,
      "value": "100.00"
    },
    "model": "eums.purchaseorderitem",
    "pk": 389
  },
  {
    "fields": {
      "purchase_order": 1,
      "sales_order_item": 390,
      "value": "100.00"
    },
    "model": "eums.purchaseorderitem",
    "pk": 390
  },
  {
    "fields": {
      "purchase_order": 1,
      "sales_order_item": 391,
      "value": "100.00"
    },
    "model": "eums.purchaseorderitem",
    "pk": 391
  },
  {
    "fields": {
      "purchase_order": 1,
      "sales_order_item": 392,
      "value": "100.00"
    },
    "model": "eums.purchaseorderitem",
    "pk": 392
  },
  {
    "fields": {
      "purchase_order": 1,
      "sales_order_item": 393,
      "value": "100.00"
    },
    "model": "eums.purchaseorderitem",
    "pk": 393
  },
  {
    "fields": {
      "purchase_order": 1,
      "sales_order_item": 394,
      "value": "100.00"
    },
    "model": "eums.purchaseorderitem",
    "pk": 394
  },
  {
    "fields": {
      "purchase_order": 1,
      "sales_order_item": 395,
      "value": "100.00"
    },
    "model": "eums.purchaseorderitem",
    "pk": 395
  },
  {
    "fields": {
      "purchase_order": 1,
      "sales_order_item": 396,
      "value": "100.00"
    },
    "model": "eums.purchaseorderitem",
    "pk": 396
  },
  {
    "fields": {
      "purchase_order": 1,
      "sales_order_item": 397,
      "value": "100.00"
    },
    "model": "eums.purchaseorderitem",
    "pk": 397
  },
  {
    "fields": {
      "purchase_order": 1,
      "sales_order_item": 398,
      "value": "100.00"
    },
    "model": "eums.purchaseorderitem",
    "pk": 398
  },
  {
    "fields": {
      "purchase_order": 1,
      "sales_order_item": 399,
      "value": "100.00"
    },
    "model": "eums.purchaseorderitem",
    "pk": 399
  },
  {
    "fields": {
      "purchase_order": 1,
      "sales_order_item": 400,
      "value": "100.00"
    },
    "model": "eums.purchaseorderitem",
    "pk": 400
  },
  {
    "fields": {
      "purchase_order": 1,
      "sales_order_item": 401,
      "value": "100.00"
    },
    "model": "eums.purchaseorderitem",
    "pk": 401
  },
  {
    "fields": {
      "purchase_order": 1,
      "sales_order_item": 402,
      "value": "100.00"
    },
    "model": "eums.purchaseorderitem",
    "pk": 402
  },
  {
    "fields": {
      "purchase_order": 1,
      "sales_order_item": 403,
      "value": "100.00"
    },
    "model": "eums.purchaseorderitem",
    "pk": 403
  },
  {
    "fields": {
      "purchase_order": 1,
      "sales_order_item": 404,
      "value": "100.00"
    },
    "model": "eums.purchaseorderitem",
    "pk": 404
  },
  {
    "fields": {
      "purchase_order": 1,
      "sales_order_item": 405,
      "value": "100.00"
    },
    "model": "eums.purchaseorderitem",
    "pk": 405
  },
  {
    "fields": {
      "purchase_order": 1,
      "sales_order_item": 406,
      "value": "100.00"
    },
    "model": "eums.purchaseorderitem",
    "pk": 406
  },
  {
    "fields": {
      "purchase_order": 1,
      "sales_order_item": 407,
      "value": "100.00"
    },
    "model": "eums.purchaseorderitem",
    "pk": 407
  },
  {
    "fields": {
      "purchase_order": 1,
      "sales_order_item": 408,
      "value": "100.00"
    },
    "model": "eums.purchaseorderitem",
    "pk": 408
  },
  {
    "fields": {
      "purchase_order": 1,
      "sales_order_item": 409,
      "value": "100.00"
    },
    "model": "eums.purchaseorderitem",
    "pk": 409
  },
  {
    "fields": {
      "purchase_order": 1,
      "sales_order_item": 410,
      "value": "100.00"
    },
    "model": "eums.purchaseorderitem",
    "pk": 410
  },
  {
    "fields": {
      "purchase_order": 1,
      "sales_order_item": 411,
      "value": "100.00"
    },
    "model": "eums.purchaseorderitem",
    "pk": 411
  },
  {
    "fields": {
      "purchase_order": 1,
      "sales_order_item": 412,
      "value": "100.00"
    },
    "model": "eums.purchaseorderitem",
    "pk": 412
  },
  {
    "fields": {
      "purchase_order": 1,
      "sales_order_item": 413,
      "value": "100.00"
    },
    "model": "eums.purchaseorderitem",
    "pk": 413
  },
  {
    "fields": {
      "purchase_order": 1,
      "sales_order_item": 414,
      "value": "100.00"
    },
    "model": "eums.purchaseorderitem",
    "pk": 414
  },
  {
    "fields": {
      "purchase_order": 1,
      "sales_order_item": 415,
      "value": "100.00"
    },
    "model": "eums.purchaseorderitem",
    "pk": 415
  },
  {
    "fields": {
      "purchase_order": 1,
      "sales_order_item": 416,
      "value": "100.00"
    },
    "model": "eums.purchaseorderitem",
    "pk": 416
  },
  {
    "fields": {
      "purchase_order": 1,
      "sales_order_item": 417,
      "value": "100.00"
    },
    "model": "eums.purchaseorderitem",
    "pk": 417
  },
  {
    "fields": {
      "purchase_order": 105,
      "sales_order_item": 419,
      "value": "267.58"
    },
    "model": "eums.purchaseorderitem",
    "pk": 424
  },
  {
    "fields": {
      "purchase_order": 105,
      "sales_order_item": 420,
      "value": "756.21"
    },
    "model": "eums.purchaseorderitem",
    "pk": 425
  },
  {
    "fields": {
      "purchase_order": 105,
      "sales_order_item": 421,
      "value": "541.04"
    },
    "model": "eums.purchaseorderitem",
    "pk": 426
  },
  {
    "fields": {
      "purchase_order": 105,
      "sales_order_item": 422,
      "value": "401.53"
    },
    "model": "eums.purchaseorderitem",
    "pk": 427
  },
  {
    "fields": {
      "purchase_order": 105,
      "sales_order_item": 423,
      "value": "395.66"
    },
    "model": "eums.purchaseorderitem",
    "pk": 428
  },
  {
    "fields": {
      "purchase_order": 106,
      "sales_order_item": 418,
      "value": "17712.00"
    },
    "model": "eums.purchaseorderitem",
    "pk": 429
  },
  {
    "fields": {
      "date": "2014-12-21",
      "order_number": 12345,
      "is_single_ip": null,
      "sales_order": 1,
      "po_type": null
    },
    "model": "eums.purchaseorder",
    "pk": 1
  },
  {
    "fields": {
      "date": "2014-12-21",
      "order_number": 20148033,
      "is_single_ip": null,
      "sales_order": 2,
      "po_type": null
    },
    "model": "eums.purchaseorder",
    "pk": 2
  },
  {
    "fields": {
      "date": "2014-12-21",
      "order_number": 20150358,
      "is_single_ip": null,
      "sales_order": 3,
      "po_type": null
    },
    "model": "eums.purchaseorder",
    "pk": 3
  },
  {
    "fields": {
      "date": "2014-12-21",
      "order_number": 20147539,
      "is_single_ip": null,
      "sales_order": 4,
      "po_type": null
    },
    "model": "eums.purchaseorder",
    "pk": 4
  },
  {
    "fields": {
      "date": "2014-12-21",
      "order_number": 20141971,
      "is_single_ip": null,
      "sales_order": 5,
      "po_type": null
    },
    "model": "eums.purchaseorder",
    "pk": 5
  },
  {
    "fields": {
      "date": "2014-12-21",
      "order_number": 20135486,
      "is_single_ip": null,
      "sales_order": 6,
      "po_type": null
    },
    "model": "eums.purchaseorder",
    "pk": 6
  },
  {
    "fields": {
      "date": "2014-12-21",
      "order_number": 20148737,
      "is_single_ip": null,
      "sales_order": 7,
      "po_type": null
    },
    "model": "eums.purchaseorder",
    "pk": 7
  },
  {
    "fields": {
      "date": "2014-12-21",
      "order_number": 20135300,
      "is_single_ip": null,
      "sales_order": 8,
      "po_type": null
    },
    "model": "eums.purchaseorder",
    "pk": 8
  },
  {
    "fields": {
      "date": "2014-12-21",
      "order_number": 20135686,
      "is_single_ip": null,
      "sales_order": 9,
      "po_type": null
    },
    "model": "eums.purchaseorder",
    "pk": 9
  },
  {
    "fields": {
      "date": "2014-12-21",
      "order_number": 20149353,
      "is_single_ip": null,
      "sales_order": 10,
      "po_type": null
    },
    "model": "eums.purchaseorder",
    "pk": 10
  },
  {
    "fields": {
      "date": "2014-12-21",
      "order_number": 20149293,
      "is_single_ip": null,
      "sales_order": 11,
      "po_type": null
    },
    "model": "eums.purchaseorder",
    "pk": 11
  },
  {
    "fields": {
      "date": "2014-12-21",
      "order_number": 20152899,
      "is_single_ip": null,
      "sales_order": 12,
      "po_type": null
    },
    "model": "eums.purchaseorder",
    "pk": 12
  },
  {
    "fields": {
      "date": "2014-12-21",
      "order_number": 20153396,
      "is_single_ip": null,
      "sales_order": 13,
      "po_type": null
    },
    "model": "eums.purchaseorder",
    "pk": 13
  },
  {
    "fields": {
      "date": "2014-12-21",
      "order_number": 20145809,
      "is_single_ip": null,
      "sales_order": 14,
      "po_type": null
    },
    "model": "eums.purchaseorder",
    "pk": 14
  },
  {
    "fields": {
      "date": "2014-12-21",
      "order_number": 20148341,
      "is_single_ip": null,
      "sales_order": 15,
      "po_type": null
    },
    "model": "eums.purchaseorder",
    "pk": 15
  },
  {
    "fields": {
      "date": "2014-12-21",
      "order_number": 20156130,
      "is_single_ip": null,
      "sales_order": 16,
      "po_type": null
    },
    "model": "eums.purchaseorder",
    "pk": 16
  },
  {
    "fields": {
      "date": "2014-12-21",
      "order_number": 20156023,
      "is_single_ip": null,
      "sales_order": 17,
      "po_type": null
    },
    "model": "eums.purchaseorder",
    "pk": 17
  },
  {
    "fields": {
      "date": "2014-12-21",
      "order_number": 20156020,
      "is_single_ip": null,
      "sales_order": 18,
      "po_type": null
    },
    "model": "eums.purchaseorder",
    "pk": 18
  },
  {
    "fields": {
      "date": "2014-12-21",
      "order_number": 20155548,
      "is_single_ip": null,
      "sales_order": 19,
      "po_type": null
    },
    "model": "eums.purchaseorder",
    "pk": 19
  },
  {
    "fields": {
      "date": "2014-12-21",
      "order_number": 20155285,
      "is_single_ip": null,
      "sales_order": 20,
      "po_type": null
    },
    "model": "eums.purchaseorder",
    "pk": 20
  },
  {
    "fields": {
      "date": "2014-12-21",
      "order_number": 20155260,
      "is_single_ip": null,
      "sales_order": 21,
      "po_type": null
    },
    "model": "eums.purchaseorder",
    "pk": 21
  },
  {
    "fields": {
      "date": "2014-12-21",
      "order_number": 20154856,
      "is_single_ip": null,
      "sales_order": 22,
      "po_type": null
    },
    "model": "eums.purchaseorder",
    "pk": 22
  },
  {
    "fields": {
      "date": "2014-12-21",
      "order_number": 20154788,
      "is_single_ip": null,
      "sales_order": 23,
      "po_type": null
    },
    "model": "eums.purchaseorder",
    "pk": 23
  },
  {
    "fields": {
      "date": "2014-12-21",
      "order_number": 20154704,
      "is_single_ip": null,
      "sales_order": 24,
      "po_type": null
    },
    "model": "eums.purchaseorder",
    "pk": 24
  },
  {
    "fields": {
      "date": "2014-12-21",
      "order_number": 20154698,
      "is_single_ip": null,
      "sales_order": 25,
      "po_type": null
    },
    "model": "eums.purchaseorder",
    "pk": 25
  },
  {
    "fields": {
      "date": "2014-12-21",
      "order_number": 20154640,
      "is_single_ip": null,
      "sales_order": 26,
      "po_type": null
    },
    "model": "eums.purchaseorder",
    "pk": 26
  },
  {
    "fields": {
      "date": "2014-12-21",
      "order_number": 20154551,
      "is_single_ip": null,
      "sales_order": 27,
      "po_type": null
    },
    "model": "eums.purchaseorder",
    "pk": 27
  },
  {
    "fields": {
      "date": "2014-12-21",
      "order_number": 20154411,
      "is_single_ip": null,
      "sales_order": 28,
      "po_type": null
    },
    "model": "eums.purchaseorder",
    "pk": 28
  },
  {
    "fields": {
      "date": "2014-12-21",
      "order_number": 20154406,
      "is_single_ip": null,
      "sales_order": 29,
      "po_type": null
    },
    "model": "eums.purchaseorder",
    "pk": 29
  },
  {
    "fields": {
      "date": "2014-12-21",
      "order_number": 20154234,
      "is_single_ip": null,
      "sales_order": 30,
      "po_type": null
    },
    "model": "eums.purchaseorder",
    "pk": 30
  },
  {
    "fields": {
      "date": "2014-12-21",
      "order_number": 20153917,
      "is_single_ip": null,
      "sales_order": 31,
      "po_type": null
    },
    "model": "eums.purchaseorder",
    "pk": 31
  },
  {
    "fields": {
      "date": "2014-12-21",
      "order_number": 20153539,
      "is_single_ip": null,
      "sales_order": 32,
      "po_type": null
    },
    "model": "eums.purchaseorder",
    "pk": 32
  },
  {
    "fields": {
      "date": "2014-12-21",
      "order_number": 20153457,
      "is_single_ip": null,
      "sales_order": 33,
      "po_type": null
    },
    "model": "eums.purchaseorder",
    "pk": 33
  },
  {
    "fields": {
      "date": "2014-12-21",
      "order_number": 20153438,
      "is_single_ip": null,
      "sales_order": 34,
      "po_type": null
    },
    "model": "eums.purchaseorder",
    "pk": 34
  },
  {
    "fields": {
      "date": "2014-12-21",
      "order_number": 20153397,
      "is_single_ip": null,
      "sales_order": 35,
      "po_type": null
    },
    "model": "eums.purchaseorder",
    "pk": 35
  },
  {
    "fields": {
      "date": "2014-12-21",
      "order_number": 20153195,
      "is_single_ip": null,
      "sales_order": 36,
      "po_type": null
    },
    "model": "eums.purchaseorder",
    "pk": 36
  },
  {
    "fields": {
      "date": "2014-12-21",
      "order_number": 20152898,
      "is_single_ip": null,
      "sales_order": 37,
      "po_type": null
    },
    "model": "eums.purchaseorder",
    "pk": 37
  },
  {
    "fields": {
      "date": "2014-12-21",
      "order_number": 20152894,
      "is_single_ip": null,
      "sales_order": 38,
      "po_type": null
    },
    "model": "eums.purchaseorder",
    "pk": 38
  },
  {
    "fields": {
      "date": "2014-12-21",
      "order_number": 20152848,
      "is_single_ip": null,
      "sales_order": 39,
      "po_type": null
    },
    "model": "eums.purchaseorder",
    "pk": 39
  },
  {
    "fields": {
      "date": "2014-12-21",
      "order_number": 20152836,
      "is_single_ip": null,
      "sales_order": 40,
      "po_type": null
    },
    "model": "eums.purchaseorder",
    "pk": 40
  },
  {
    "fields": {
      "date": "2014-12-21",
      "order_number": 20152826,
      "is_single_ip": null,
      "sales_order": 41,
      "po_type": null
    },
    "model": "eums.purchaseorder",
    "pk": 41
  },
  {
    "fields": {
      "date": "2014-12-21",
      "order_number": 20152614,
      "is_single_ip": null,
      "sales_order": 42,
      "po_type": null
    },
    "model": "eums.purchaseorder",
    "pk": 42
  },
  {
    "fields": {
      "date": "2014-12-21",
      "order_number": 20152484,
      "is_single_ip": null,
      "sales_order": 43,
      "po_type": null
    },
    "model": "eums.purchaseorder",
    "pk": 43
  },
  {
    "fields": {
      "date": "2014-12-21",
      "order_number": 20152479,
      "is_single_ip": null,
      "sales_order": 44,
      "po_type": null
    },
    "model": "eums.purchaseorder",
    "pk": 44
  },
  {
    "fields": {
      "date": "2014-12-21",
      "order_number": 20152446,
      "is_single_ip": null,
      "sales_order": 45,
      "po_type": null
    },
    "model": "eums.purchaseorder",
    "pk": 45
  },
  {
    "fields": {
      "date": "2014-12-21",
      "order_number": 20152438,
      "is_single_ip": null,
      "sales_order": 46,
      "po_type": null
    },
    "model": "eums.purchaseorder",
    "pk": 46
  },
  {
    "fields": {
      "date": "2014-12-21",
      "order_number": 20152431,
      "is_single_ip": null,
      "sales_order": 47,
      "po_type": null
    },
    "model": "eums.purchaseorder",
    "pk": 47
  },
  {
    "fields": {
      "date": "2014-12-21",
      "order_number": 20152327,
      "is_single_ip": null,
      "sales_order": 48,
      "po_type": null
    },
    "model": "eums.purchaseorder",
    "pk": 48
  },
  {
    "fields": {
      "date": "2014-12-21",
      "order_number": 20152124,
      "is_single_ip": null,
      "sales_order": 49,
      "po_type": null
    },
    "model": "eums.purchaseorder",
    "pk": 49
  },
  {
    "fields": {
      "date": "2014-12-21",
      "order_number": 20151862,
      "is_single_ip": null,
      "sales_order": 50,
      "po_type": null
    },
    "model": "eums.purchaseorder",
    "pk": 50
  },
  {
    "fields": {
      "date": "2014-12-21",
      "order_number": 20151855,
      "is_single_ip": null,
      "sales_order": 51,
      "po_type": null
    },
    "model": "eums.purchaseorder",
    "pk": 51
  },
  {
    "fields": {
      "date": "2014-12-21",
      "order_number": 20151698,
      "is_single_ip": null,
      "sales_order": 52,
      "po_type": null
    },
    "model": "eums.purchaseorder",
    "pk": 52
  },
  {
    "fields": {
      "date": "2014-12-21",
      "order_number": 20151686,
      "is_single_ip": null,
      "sales_order": 53,
      "po_type": null
    },
    "model": "eums.purchaseorder",
    "pk": 53
  },
  {
    "fields": {
      "date": "2014-12-21",
      "order_number": 20151491,
      "is_single_ip": null,
      "sales_order": 54,
      "po_type": null
    },
    "model": "eums.purchaseorder",
    "pk": 54
  },
  {
    "fields": {
      "date": "2014-12-21",
      "order_number": 20151442,
      "is_single_ip": null,
      "sales_order": 55,
      "po_type": null
    },
    "model": "eums.purchaseorder",
    "pk": 55
  },
  {
    "fields": {
      "date": "2014-12-21",
      "order_number": 20151377,
      "is_single_ip": null,
      "sales_order": 56,
      "po_type": null
    },
    "model": "eums.purchaseorder",
    "pk": 56
  },
  {
    "fields": {
      "date": "2014-12-21",
      "order_number": 20151371,
      "is_single_ip": null,
      "sales_order": 57,
      "po_type": null
    },
    "model": "eums.purchaseorder",
    "pk": 57
  },
  {
    "fields": {
      "date": "2014-12-21",
      "order_number": 20151097,
      "is_single_ip": null,
      "sales_order": 58,
      "po_type": null
    },
    "model": "eums.purchaseorder",
    "pk": 58
  },
  {
    "fields": {
      "date": "2014-12-21",
      "order_number": 20151094,
      "is_single_ip": null,
      "sales_order": 59,
      "po_type": null
    },
    "model": "eums.purchaseorder",
    "pk": 59
  },
  {
    "fields": {
      "date": "2014-12-21",
      "order_number": 20150937,
      "is_single_ip": null,
      "sales_order": 60,
      "po_type": null
    },
    "model": "eums.purchaseorder",
    "pk": 60
  },
  {
    "fields": {
      "date": "2014-12-21",
      "order_number": 20150684,
      "is_single_ip": null,
      "sales_order": 61,
      "po_type": null
    },
    "model": "eums.purchaseorder",
    "pk": 61
  },
  {
    "fields": {
      "date": "2014-12-21",
      "order_number": 20150447,
      "is_single_ip": null,
      "sales_order": 62,
      "po_type": null
    },
    "model": "eums.purchaseorder",
    "pk": 62
  },
  {
    "fields": {
      "date": "2014-12-21",
      "order_number": 20150442,
      "is_single_ip": null,
      "sales_order": 63,
      "po_type": null
    },
    "model": "eums.purchaseorder",
    "pk": 63
  },
  {
    "fields": {
      "date": "2014-12-21",
      "order_number": 20150432,
      "is_single_ip": null,
      "sales_order": 64,
      "po_type": null
    },
    "model": "eums.purchaseorder",
    "pk": 64
  },
  {
    "fields": {
      "date": "2014-12-21",
      "order_number": 20150364,
      "is_single_ip": null,
      "sales_order": 65,
      "po_type": null
    },
    "model": "eums.purchaseorder",
    "pk": 65
  },
  {
    "fields": {
      "date": "2014-12-21",
      "order_number": 20150357,
      "is_single_ip": null,
      "sales_order": 66,
      "po_type": null
    },
    "model": "eums.purchaseorder",
    "pk": 66
  },
  {
    "fields": {
      "date": "2014-12-21",
      "order_number": 20150138,
      "is_single_ip": null,
      "sales_order": 67,
      "po_type": null
    },
    "model": "eums.purchaseorder",
    "pk": 67
  },
  {
    "fields": {
      "date": "2014-12-21",
      "order_number": 20149876,
      "is_single_ip": null,
      "sales_order": 68,
      "po_type": null
    },
    "model": "eums.purchaseorder",
    "pk": 68
  },
  {
    "fields": {
      "date": "2014-12-21",
      "order_number": 20149865,
      "is_single_ip": null,
      "sales_order": 69,
      "po_type": null
    },
    "model": "eums.purchaseorder",
    "pk": 69
  },
  {
    "fields": {
      "date": "2014-12-21",
      "order_number": 20149812,
      "is_single_ip": null,
      "sales_order": 70,
      "po_type": null
    },
    "model": "eums.purchaseorder",
    "pk": 70
  },
  {
    "fields": {
      "date": "2014-12-21",
      "order_number": 20149713,
      "is_single_ip": null,
      "sales_order": 71,
      "po_type": null
    },
    "model": "eums.purchaseorder",
    "pk": 71
  },
  {
    "fields": {
      "date": "2014-12-21",
      "order_number": 20149529,
      "is_single_ip": null,
      "sales_order": 72,
      "po_type": null
    },
    "model": "eums.purchaseorder",
    "pk": 72
  },
  {
    "fields": {
      "date": "2014-12-21",
      "order_number": 20149456,
      "is_single_ip": null,
      "sales_order": 73,
      "po_type": null
    },
    "model": "eums.purchaseorder",
    "pk": 73
  },
  {
    "fields": {
      "date": "2014-12-21",
      "order_number": 20149396,
      "is_single_ip": null,
      "sales_order": 74,
      "po_type": null
    },
    "model": "eums.purchaseorder",
    "pk": 74
  },
  {
    "fields": {
      "date": "2014-12-21",
      "order_number": 20149354,
      "is_single_ip": null,
      "sales_order": 75,
      "po_type": null
    },
    "model": "eums.purchaseorder",
    "pk": 75
  },
  {
    "fields": {
      "date": "2014-12-21",
      "order_number": 20149298,
      "is_single_ip": null,
      "sales_order": 76,
      "po_type": null
    },
    "model": "eums.purchaseorder",
    "pk": 76
  },
  {
    "fields": {
      "date": "2014-12-21",
      "order_number": 20149207,
      "is_single_ip": null,
      "sales_order": 77,
      "po_type": null
    },
    "model": "eums.purchaseorder",
    "pk": 77
  },
  {
    "fields": {
      "date": "2014-12-21",
      "order_number": 20149204,
      "is_single_ip": null,
      "sales_order": 78,
      "po_type": null
    },
    "model": "eums.purchaseorder",
    "pk": 78
  },
  {
    "fields": {
      "date": "2014-12-21",
      "order_number": 20149038,
      "is_single_ip": null,
      "sales_order": 79,
      "po_type": null
    },
    "model": "eums.purchaseorder",
    "pk": 79
  },
  {
    "fields": {
      "date": "2014-12-21",
      "order_number": 20148958,
      "is_single_ip": null,
      "sales_order": 80,
      "po_type": null
    },
    "model": "eums.purchaseorder",
    "pk": 80
  },
  {
    "fields": {
      "date": "2014-12-21",
      "order_number": 20148739,
      "is_single_ip": null,
      "sales_order": 81,
      "po_type": null
    },
    "model": "eums.purchaseorder",
    "pk": 81
  },
  {
    "fields": {
      "date": "2014-12-21",
      "order_number": 20148400,
      "is_single_ip": null,
      "sales_order": 82,
      "po_type": null
    },
    "model": "eums.purchaseorder",
    "pk": 82
  },
  {
    "fields": {
      "date": "2014-12-21",
      "order_number": 20148359,
      "is_single_ip": null,
      "sales_order": 83,
      "po_type": null
    },
    "model": "eums.purchaseorder",
    "pk": 83
  },
  {
    "fields": {
      "date": "2014-12-21",
      "order_number": 20148342,
      "is_single_ip": null,
      "sales_order": 84,
      "po_type": null
    },
    "model": "eums.purchaseorder",
    "pk": 84
  },
  {
    "fields": {
      "date": "2014-12-21",
      "order_number": 20148307,
      "is_single_ip": null,
      "sales_order": 85,
      "po_type": null
    },
    "model": "eums.purchaseorder",
    "pk": 85
  },
  {
    "fields": {
      "date": "2014-12-21",
      "order_number": 20148208,
      "is_single_ip": null,
      "sales_order": 86,
      "po_type": null
    },
    "model": "eums.purchaseorder",
    "pk": 86
  },
  {
    "fields": {
      "date": "2014-12-21",
      "order_number": 20148149,
      "is_single_ip": null,
      "sales_order": 87,
      "po_type": null
    },
    "model": "eums.purchaseorder",
    "pk": 87
  },
  {
    "fields": {
      "date": "2014-12-21",
      "order_number": 20148083,
      "is_single_ip": null,
      "sales_order": 88,
      "po_type": null
    },
    "model": "eums.purchaseorder",
    "pk": 88
  },
  {
    "fields": {
      "date": "2014-12-21",
      "order_number": 20148049,
      "is_single_ip": null,
      "sales_order": 89,
      "po_type": null
    },
    "model": "eums.purchaseorder",
    "pk": 89
  },
  {
    "fields": {
      "date": "2014-12-21",
      "order_number": 20148031,
      "is_single_ip": null,
      "sales_order": 90,
      "po_type": null
    },
    "model": "eums.purchaseorder",
    "pk": 90
  },
  {
    "fields": {
      "date": "2014-12-21",
      "order_number": 20147814,
      "is_single_ip": null,
      "sales_order": 91,
      "po_type": null
    },
    "model": "eums.purchaseorder",
    "pk": 91
  },
  {
    "fields": {
      "date": "2014-12-21",
      "order_number": 20147735,
      "is_single_ip": null,
      "sales_order": 92,
      "po_type": null
    },
    "model": "eums.purchaseorder",
    "pk": 92
  },
  {
    "fields": {
      "date": "2014-12-21",
      "order_number": 20147702,
      "is_single_ip": null,
      "sales_order": 93,
      "po_type": null
    },
    "model": "eums.purchaseorder",
    "pk": 93
  },
  {
    "fields": {
      "date": "2014-12-21",
      "order_number": 20147633,
      "is_single_ip": null,
      "sales_order": 94,
      "po_type": null
    },
    "model": "eums.purchaseorder",
    "pk": 94
  },
  {
    "fields": {
      "date": "2014-12-21",
      "order_number": 20147610,
      "is_single_ip": null,
      "sales_order": 95,
      "po_type": null
    },
    "model": "eums.purchaseorder",
    "pk": 95
  },
  {
    "fields": {
      "date": "2014-12-21",
      "order_number": 20147608,
      "is_single_ip": null,
      "sales_order": 96,
      "po_type": null
    },
    "model": "eums.purchaseorder",
    "pk": 96
  },
  {
    "fields": {
      "date": "2014-12-21",
      "order_number": 20147602,
      "is_single_ip": null,
      "sales_order": 97,
      "po_type": null
    },
    "model": "eums.purchaseorder",
    "pk": 97
  },
  {
    "fields": {
      "date": "2014-12-21",
      "order_number": 20147548,
      "is_single_ip": null,
      "sales_order": 98,
      "po_type": null
    },
    "model": "eums.purchaseorder",
    "pk": 98
  },
  {
    "fields": {
      "date": "2014-12-21",
      "order_number": 20147537,
      "is_single_ip": null,
      "sales_order": 99,
      "po_type": null
    },
    "model": "eums.purchaseorder",
    "pk": 99
  },
  {
    "fields": {
      "date": "2014-12-21",
      "order_number": 20147523,
      "is_single_ip": null,
      "sales_order": 100,
      "po_type": null
    },
    "model": "eums.purchaseorder",
    "pk": 100
  },
  {
    "fields": {
      "date": "2014-12-21",
      "order_number": 20147381,
      "is_single_ip": null,
      "sales_order": 101,
      "po_type": null
    },
    "model": "eums.purchaseorder",
    "pk": 101
  },
  {
    "fields": {
      "date": "2014-12-21",
      "order_number": 20147188,
      "is_single_ip": null,
      "sales_order": 102,
      "po_type": null
    },
    "model": "eums.purchaseorder",
    "pk": 102
  },
  {
    "fields": {
      "date": "2014-12-21",
      "order_number": 20147028,
      "is_single_ip": null,
      "sales_order": 103,
      "po_type": null
    },
    "model": "eums.purchaseorder",
    "pk": 103
  },
  {
    "fields": {
      "date": "2014-12-21",
      "order_number": 20146879,
      "is_single_ip": null,
      "sales_order": 104,
      "po_type": null
    },
    "model": "eums.purchaseorder",
    "pk": 104
  },
  {
    "fields": {
      "date": "2014-12-03",
      "order_number": 81026395,
      "is_single_ip": null,
      "sales_order": 106,
      "po_type": "ZLC"
    },
    "model": "eums.purchaseorder",
    "pk": 105
  },
  {
    "fields": {
      "date": "2014-04-07",
      "order_number": 81019250,
      "is_single_ip": null,
      "sales_order": 105,
      "po_type": "ZLC"
    },
    "model": "eums.purchaseorder",
    "pk": 106
  },
  {
    "fields": {
      "purchase_order_item": 429,
      "value": "8999.05",
      "release_order": 1
    },
    "model": "eums.releaseorderitem",
    "pk": 430
  },
  {
    "fields": {
      "purchase_order_item": 429,
      "value": "179.98",
      "release_order": 2
    },
    "model": "eums.releaseorderitem",
    "pk": 431
  },
  {
    "fields": {
      "purchase_order_item": 429,
      "value": "359.96",
      "release_order": 3
    },
    "model": "eums.releaseorderitem",
    "pk": 432
  },
  {
    "fields": {
      "purchase_order_item": 429,
      "value": "179.98",
      "release_order": 4
    },
    "model": "eums.releaseorderitem",
    "pk": 433
  },
  {
    "fields": {
      "purchase_order_item": 429,
      "value": "1259.87",
      "release_order": 5
    },
    "model": "eums.releaseorderitem",
    "pk": 434
  },
  {
    "fields": {
      "purchase_order_item": 429,
      "value": "1799.80",
      "release_order": 6
    },
    "model": "eums.releaseorderitem",
    "pk": 435
  },
  {
    "fields": {
      "sales_order": 105,
      "waybill": 72082647,
      "consignee": 1,
      "purchase_order": 106,
      "order_number": 54102852,
      "delivery_date": "2014-08-19"
    },
    "model": "eums.releaseorder",
    "pk": 1
  },
  {
    "fields": {
      "sales_order": 105,
      "waybill": 72089797,
      "consignee": 44,
      "purchase_order": 106,
      "order_number": 54109789,
      "delivery_date": "2014-11-06"
    },
    "model": "eums.releaseorder",
    "pk": 2
  },
  {
    "fields": {
      "sales_order": 105,
      "waybill": 72088441,
      "consignee": 38,
      "purchase_order": 106,
      "order_number": 54110379,
      "delivery_date": "2014-10-23"
    },
    "model": "eums.releaseorder",
    "pk": 3
  },
  {
    "fields": {
      "sales_order": 105,
      "waybill": 72090975,
      "consignee": 44,
      "purchase_order": 106,
      "order_number": 54112876,
      "delivery_date": "2014-11-18"
    },
    "model": "eums.releaseorder",
    "pk": 4
  },
  {
    "fields": {
      "sales_order": 105,
      "waybill": 72102556,
      "consignee": 44,
      "purchase_order": 106,
      "order_number": 54127722,
      "delivery_date": "2015-03-25"
    },
    "model": "eums.releaseorder",
    "pk": 5
  },
  {
    "fields": {
      "sales_order": 105,
      "waybill": 72077697,
      "consignee": 45,
      "purchase_order": 106,
      "order_number": 57006881,
      "delivery_date": "2014-06-25"
    },
    "model": "eums.releaseorder",
    "pk": 6
  },
  {
    "fields": {
      "total_distributed": 80,
      "total_not_received": 67,
      "consignee": 32,
      "total_received": 100,
      "programme": 3
    },
    "model": "eums.distributionreport",
    "pk": 1
  },
  {
    "fields": {
      "codename": "can_view_users",
      "name": "Can view users",
      "content_type": 1
    },
    "model": "auth.permission",
    "pk": 1
  },
  {
    "fields": {
      "codename": "can_view_dashboard",
      "name": "Can view dashboard",
      "content_type": 1
    },
    "model": "auth.permission",
    "pk": 2
  },
  {
    "fields": {
      "codename": "can_view_distribution_plans",
      "name": "Can view distribution plans",
      "content_type": 1
    },
    "model": "auth.permission",
    "pk": 3
  },
  {
    "fields": {
      "codename": "can_view_delivery_reports",
      "name": "Can view delivery reports",
      "content_type": 1
    },
    "model": "auth.permission",
    "pk": 4
  },
  {
    "fields": {
      "codename": "can_view_reports",
      "name": "Can view reports",
      "content_type": 1
    },
    "model": "auth.permission",
    "pk": 5
  },
  {
    "fields": {
      "codename": "can_view_contacts",
      "name": "Can view contacts",
      "content_type": 1
    },
    "model": "auth.permission",
    "pk": 6
  },
  {
    "fields": {
      "codename": "add_logentry",
      "name": "Can add log entry",
      "content_type": 2
    },
    "model": "auth.permission",
    "pk": 7
  },
  {
    "fields": {
      "codename": "change_logentry",
      "name": "Can change log entry",
      "content_type": 2
    },
    "model": "auth.permission",
    "pk": 8
  },
  {
    "fields": {
      "codename": "delete_logentry",
      "name": "Can delete log entry",
      "content_type": 2
    },
    "model": "auth.permission",
    "pk": 9
  },
  {
    "fields": {
      "codename": "add_permission",
      "name": "Can add permission",
      "content_type": 1
    },
    "model": "auth.permission",
    "pk": 10
  },
  {
    "fields": {
      "codename": "change_permission",
      "name": "Can change permission",
      "content_type": 1
    },
    "model": "auth.permission",
    "pk": 11
  },
  {
    "fields": {
      "codename": "delete_permission",
      "name": "Can delete permission",
      "content_type": 1
    },
    "model": "auth.permission",
    "pk": 12
  },
  {
    "fields": {
      "codename": "add_group",
      "name": "Can add group",
      "content_type": 3
    },
    "model": "auth.permission",
    "pk": 13
  },
  {
    "fields": {
      "codename": "change_group",
      "name": "Can change group",
      "content_type": 3
    },
    "model": "auth.permission",
    "pk": 14
  },
  {
    "fields": {
      "codename": "delete_group",
      "name": "Can delete group",
      "content_type": 3
    },
    "model": "auth.permission",
    "pk": 15
  },
  {
    "fields": {
      "codename": "add_user",
      "name": "Can add user",
      "content_type": 4
    },
    "model": "auth.permission",
    "pk": 16
  },
  {
    "fields": {
      "codename": "change_user",
      "name": "Can change user",
      "content_type": 4
    },
    "model": "auth.permission",
    "pk": 17
  },
  {
    "fields": {
      "codename": "delete_user",
      "name": "Can delete user",
      "content_type": 4
    },
    "model": "auth.permission",
    "pk": 18
  },
  {
    "fields": {
      "codename": "add_contenttype",
      "name": "Can add content type",
      "content_type": 5
    },
    "model": "auth.permission",
    "pk": 19
  },
  {
    "fields": {
      "codename": "change_contenttype",
      "name": "Can change content type",
      "content_type": 5
    },
    "model": "auth.permission",
    "pk": 20
  },
  {
    "fields": {
      "codename": "delete_contenttype",
      "name": "Can delete content type",
      "content_type": 5
    },
    "model": "auth.permission",
    "pk": 21
  },
  {
    "fields": {
      "codename": "add_session",
      "name": "Can add session",
      "content_type": 6
    },
    "model": "auth.permission",
    "pk": 22
  },
  {
    "fields": {
      "codename": "change_session",
      "name": "Can change session",
      "content_type": 6
    },
    "model": "auth.permission",
    "pk": 23
  },
  {
    "fields": {
      "codename": "delete_session",
      "name": "Can delete session",
      "content_type": 6
    },
    "model": "auth.permission",
    "pk": 24
  },
  {
    "fields": {
      "codename": "add_programme",
      "name": "Can add programme",
      "content_type": 7
    },
    "model": "auth.permission",
    "pk": 25
  },
  {
    "fields": {
      "codename": "change_programme",
      "name": "Can change programme",
      "content_type": 7
    },
    "model": "auth.permission",
    "pk": 26
  },
  {
    "fields": {
      "codename": "delete_programme",
      "name": "Can delete programme",
      "content_type": 7
    },
    "model": "auth.permission",
    "pk": 27
  },
  {
    "fields": {
      "codename": "add_distributionplan",
      "name": "Can add distribution plan",
      "content_type": 8
    },
    "model": "auth.permission",
    "pk": 28
  },
  {
    "fields": {
      "codename": "change_distributionplan",
      "name": "Can change distribution plan",
      "content_type": 8
    },
    "model": "auth.permission",
    "pk": 29
  },
  {
    "fields": {
      "codename": "delete_distributionplan",
      "name": "Can delete distribution plan",
      "content_type": 8
    },
    "model": "auth.permission",
    "pk": 30
  },
  {
    "fields": {
      "codename": "add_consignee",
      "name": "Can add consignee",
      "content_type": 9
    },
    "model": "auth.permission",
    "pk": 31
  },
  {
    "fields": {
      "codename": "change_consignee",
      "name": "Can change consignee",
      "content_type": 9
    },
    "model": "auth.permission",
    "pk": 32
  },
  {
    "fields": {
      "codename": "delete_consignee",
      "name": "Can delete consignee",
      "content_type": 9
    },
    "model": "auth.permission",
    "pk": 33
  },
  {
    "fields": {
      "codename": "add_itemunit",
      "name": "Can add item unit",
      "content_type": 10
    },
    "model": "auth.permission",
    "pk": 34
  },
  {
    "fields": {
      "codename": "change_itemunit",
      "name": "Can change item unit",
      "content_type": 10
    },
    "model": "auth.permission",
    "pk": 35
  },
  {
    "fields": {
      "codename": "delete_itemunit",
      "name": "Can delete item unit",
      "content_type": 10
    },
    "model": "auth.permission",
    "pk": 36
  },
  {
    "fields": {
      "codename": "add_item",
      "name": "Can add item",
      "content_type": 11
    },
    "model": "auth.permission",
    "pk": 37
  },
  {
    "fields": {
      "codename": "change_item",
      "name": "Can change item",
      "content_type": 11
    },
    "model": "auth.permission",
    "pk": 38
  },
  {
    "fields": {
      "codename": "delete_item",
      "name": "Can delete item",
      "content_type": 11
    },
    "model": "auth.permission",
    "pk": 39
  },
  {
    "fields": {
      "codename": "add_distributionplannode",
      "name": "Can add distribution plan node",
      "content_type": 12
    },
    "model": "auth.permission",
    "pk": 40
  },
  {
    "fields": {
      "codename": "change_distributionplannode",
      "name": "Can change distribution plan node",
      "content_type": 12
    },
    "model": "auth.permission",
    "pk": 41
  },
  {
    "fields": {
      "codename": "delete_distributionplannode",
      "name": "Can delete distribution plan node",
      "content_type": 12
    },
    "model": "auth.permission",
    "pk": 42
  },
  {
    "fields": {
      "codename": "add_salesorder",
      "name": "Can add sales order",
      "content_type": 13
    },
    "model": "auth.permission",
    "pk": 43
  },
  {
    "fields": {
      "codename": "change_salesorder",
      "name": "Can change sales order",
      "content_type": 13
    },
    "model": "auth.permission",
    "pk": 44
  },
  {
    "fields": {
      "codename": "delete_salesorder",
      "name": "Can delete sales order",
      "content_type": 13
    },
    "model": "auth.permission",
    "pk": 45
  },
  {
    "fields": {
      "codename": "add_orderitem",
      "name": "Can add order item",
      "content_type": 14
    },
    "model": "auth.permission",
    "pk": 46
  },
  {
    "fields": {
      "codename": "change_orderitem",
      "name": "Can change order item",
      "content_type": 14
    },
    "model": "auth.permission",
    "pk": 47
  },
  {
    "fields": {
      "codename": "delete_orderitem",
      "name": "Can delete order item",
      "content_type": 14
    },
    "model": "auth.permission",
    "pk": 48
  },
  {
    "fields": {
      "codename": "add_salesorderitem",
      "name": "Can add sales order item",
      "content_type": 15
    },
    "model": "auth.permission",
    "pk": 49
  },
  {
    "fields": {
      "codename": "change_salesorderitem",
      "name": "Can change sales order item",
      "content_type": 15
    },
    "model": "auth.permission",
    "pk": 50
  },
  {
    "fields": {
      "codename": "delete_salesorderitem",
      "name": "Can delete sales order item",
      "content_type": 15
    },
    "model": "auth.permission",
    "pk": 51
  },
  {
    "fields": {
      "codename": "add_noderun",
      "name": "Can add node run",
      "content_type": 16
    },
    "model": "auth.permission",
    "pk": 52
  },
  {
    "fields": {
      "codename": "change_noderun",
      "name": "Can change node run",
      "content_type": 16
    },
    "model": "auth.permission",
    "pk": 53
  },
  {
    "fields": {
      "codename": "delete_noderun",
      "name": "Can delete node run",
      "content_type": 16
    },
    "model": "auth.permission",
    "pk": 54
  },
  {
    "fields": {
      "codename": "add_question",
      "name": "Can add question",
      "content_type": 17
    },
    "model": "auth.permission",
    "pk": 55
  },
  {
    "fields": {
      "codename": "change_question",
      "name": "Can change question",
      "content_type": 17
    },
    "model": "auth.permission",
    "pk": 56
  },
  {
    "fields": {
      "codename": "delete_question",
      "name": "Can delete question",
      "content_type": 17
    },
    "model": "auth.permission",
    "pk": 57
  },
  {
    "fields": {
      "codename": "add_numericquestion",
      "name": "Can add numeric question",
      "content_type": 18
    },
    "model": "auth.permission",
    "pk": 58
  },
  {
    "fields": {
      "codename": "change_numericquestion",
      "name": "Can change numeric question",
      "content_type": 18
    },
    "model": "auth.permission",
    "pk": 59
  },
  {
    "fields": {
      "codename": "delete_numericquestion",
      "name": "Can delete numeric question",
      "content_type": 18
    },
    "model": "auth.permission",
    "pk": 60
  },
  {
    "fields": {
      "codename": "add_textquestion",
      "name": "Can add text question",
      "content_type": 19
    },
    "model": "auth.permission",
    "pk": 61
  },
  {
    "fields": {
      "codename": "change_textquestion",
      "name": "Can change text question",
      "content_type": 19
    },
    "model": "auth.permission",
    "pk": 62
  },
  {
    "fields": {
      "codename": "delete_textquestion",
      "name": "Can delete text question",
      "content_type": 19
    },
    "model": "auth.permission",
    "pk": 63
  },
  {
    "fields": {
      "codename": "add_multiplechoicequestion",
      "name": "Can add multiple choice question",
      "content_type": 20
    },
    "model": "auth.permission",
    "pk": 64
  },
  {
    "fields": {
      "codename": "change_multiplechoicequestion",
      "name": "Can change multiple choice question",
      "content_type": 20
    },
    "model": "auth.permission",
    "pk": 65
  },
  {
    "fields": {
      "codename": "delete_multiplechoicequestion",
      "name": "Can delete multiple choice question",
      "content_type": 20
    },
    "model": "auth.permission",
    "pk": 66
  },
  {
    "fields": {
      "codename": "add_option",
      "name": "Can add option",
      "content_type": 21
    },
    "model": "auth.permission",
    "pk": 67
  },
  {
    "fields": {
      "codename": "change_option",
      "name": "Can change option",
      "content_type": 21
    },
    "model": "auth.permission",
    "pk": 68
  },
  {
    "fields": {
      "codename": "delete_option",
      "name": "Can delete option",
      "content_type": 21
    },
    "model": "auth.permission",
    "pk": 69
  },
  {
    "fields": {
      "codename": "add_textanswer",
      "name": "Can add text answer",
      "content_type": 22
    },
    "model": "auth.permission",
    "pk": 70
  },
  {
    "fields": {
      "codename": "change_textanswer",
      "name": "Can change text answer",
      "content_type": 22
    },
    "model": "auth.permission",
    "pk": 71
  },
  {
    "fields": {
      "codename": "delete_textanswer",
      "name": "Can delete text answer",
      "content_type": 22
    },
    "model": "auth.permission",
    "pk": 72
  },
  {
    "fields": {
      "codename": "add_numericanswer",
      "name": "Can add numeric answer",
      "content_type": 23
    },
    "model": "auth.permission",
    "pk": 73
  },
  {
    "fields": {
      "codename": "change_numericanswer",
      "name": "Can change numeric answer",
      "content_type": 23
    },
    "model": "auth.permission",
    "pk": 74
  },
  {
    "fields": {
      "codename": "delete_numericanswer",
      "name": "Can delete numeric answer",
      "content_type": 23
    },
    "model": "auth.permission",
    "pk": 75
  },
  {
    "fields": {
      "codename": "add_multiplechoiceanswer",
      "name": "Can add multiple choice answer",
      "content_type": 24
    },
    "model": "auth.permission",
    "pk": 76
  },
  {
    "fields": {
      "codename": "change_multiplechoiceanswer",
      "name": "Can change multiple choice answer",
      "content_type": 24
    },
    "model": "auth.permission",
    "pk": 77
  },
  {
    "fields": {
      "codename": "delete_multiplechoiceanswer",
      "name": "Can delete multiple choice answer",
      "content_type": 24
    },
    "model": "auth.permission",
    "pk": 78
  },
  {
    "fields": {
      "codename": "add_runqueue",
      "name": "Can add run queue",
      "content_type": 25
    },
    "model": "auth.permission",
    "pk": 79
  },
  {
    "fields": {
      "codename": "change_runqueue",
      "name": "Can change run queue",
      "content_type": 25
    },
    "model": "auth.permission",
    "pk": 80
  },
  {
    "fields": {
      "codename": "delete_runqueue",
      "name": "Can delete run queue",
      "content_type": 25
    },
    "model": "auth.permission",
    "pk": 81
  },
  {
    "fields": {
      "codename": "add_flow",
      "name": "Can add flow",
      "content_type": 26
    },
    "model": "auth.permission",
    "pk": 82
  },
  {
    "fields": {
      "codename": "change_flow",
      "name": "Can change flow",
      "content_type": 26
    },
    "model": "auth.permission",
    "pk": 83
  },
  {
    "fields": {
      "codename": "delete_flow",
      "name": "Can delete flow",
      "content_type": 26
    },
    "model": "auth.permission",
    "pk": 84
  },
  {
    "fields": {
      "codename": "add_purchaseorderitem",
      "name": "Can add purchase order item",
      "content_type": 27
    },
    "model": "auth.permission",
    "pk": 85
  },
  {
    "fields": {
      "codename": "change_purchaseorderitem",
      "name": "Can change purchase order item",
      "content_type": 27
    },
    "model": "auth.permission",
    "pk": 86
  },
  {
    "fields": {
      "codename": "delete_purchaseorderitem",
      "name": "Can delete purchase order item",
      "content_type": 27
    },
    "model": "auth.permission",
    "pk": 87
  },
  {
    "fields": {
      "codename": "add_purchaseorder",
      "name": "Can add purchase order",
      "content_type": 28
    },
    "model": "auth.permission",
    "pk": 88
  },
  {
    "fields": {
      "codename": "change_purchaseorder",
      "name": "Can change purchase order",
      "content_type": 28
    },
    "model": "auth.permission",
    "pk": 89
  },
  {
    "fields": {
      "codename": "delete_purchaseorder",
      "name": "Can delete purchase order",
      "content_type": 28
    },
    "model": "auth.permission",
    "pk": 90
  },
  {
    "fields": {
      "codename": "add_releaseorder",
      "name": "Can add release order",
      "content_type": 29
    },
    "model": "auth.permission",
    "pk": 91
  },
  {
    "fields": {
      "codename": "change_releaseorder",
      "name": "Can change release order",
      "content_type": 29
    },
    "model": "auth.permission",
    "pk": 92
  },
  {
    "fields": {
      "codename": "delete_releaseorder",
      "name": "Can delete release order",
      "content_type": 29
    },
    "model": "auth.permission",
    "pk": 93
  },
  {
    "fields": {
      "codename": "add_releaseorderitem",
      "name": "Can add release order item",
      "content_type": 30
    },
    "model": "auth.permission",
    "pk": 94
  },
  {
    "fields": {
      "codename": "change_releaseorderitem",
      "name": "Can change release order item",
      "content_type": 30
    },
    "model": "auth.permission",
    "pk": 95
  },
  {
    "fields": {
      "codename": "delete_releaseorderitem",
      "name": "Can delete release order item",
      "content_type": 30
    },
    "model": "auth.permission",
    "pk": 96
  },
  {
    "fields": {
      "codename": "add_distributionreport",
      "name": "Can add distribution report",
      "content_type": 31
    },
    "model": "auth.permission",
    "pk": 97
  },
  {
    "fields": {
      "codename": "change_distributionreport",
      "name": "Can change distribution report",
      "content_type": 31
    },
    "model": "auth.permission",
    "pk": 98
  },
  {
    "fields": {
      "codename": "delete_distributionreport",
      "name": "Can delete distribution report",
      "content_type": 31
    },
    "model": "auth.permission",
    "pk": 99
  },
  {
    "fields": {
      "codename": "add_userprofile",
      "name": "Can add user profile",
      "content_type": 32
    },
    "model": "auth.permission",
    "pk": 100
  },
  {
    "fields": {
      "codename": "change_userprofile",
      "name": "Can change user profile",
      "content_type": 32
    },
    "model": "auth.permission",
    "pk": 101
  },
  {
    "fields": {
      "codename": "delete_userprofile",
      "name": "Can delete user profile",
      "content_type": 32
    },
    "model": "auth.permission",
    "pk": 102
  },
  {
    "fields": {
      "name": "UNICEF",
      "permissions": [
        6,
        2,
        4,
        3,
        5,
        1
      ]
    },
    "model": "auth.group",
    "pk": 1
  },
  {
    "fields": {
      "name": "Implementing Partner",
      "permissions": [
        2,
        4
      ]
    },
    "model": "auth.group",
    "pk": 2
  }
]