[{"fields": {"distribution_plan": 1, "targeted_quantity": 5, "tree_position": "END_USER", "parent": null, "item": 1}, "model": "eums.distributionplannode", "pk": 2}, {"fields": {"distribution_plan": 1, "targeted_quantity": 5, "tree_position": "END_USER", "parent": 2, "item": 1}, "model": "eums.distributionplannode", "pk": 3}, {"fields": {"distribution_plan": 1, "targeted_quantity": 5, "tree_position": "END_USER", "parent": 3, "item": 1}, "model": "eums.distributionplannode", "pk": 4}, {"fields": {"distribution_plan": 2, "targeted_quantity": 100, "tree_position": "END_USER", "parent": 2, "item": 3}, "model": "eums.distributionplannode", "pk": 5}, {"fields": {"distribution_plan": 2, "targeted_quantity": 30, "tree_position": "END_USER", "parent": 2, "item": 3}, "model": "eums.distributionplannode", "pk": 6}, {"fields": {"distribution_plan": 2, "targeted_quantity": 30, "tree_position": "END_USER", "parent": 2, "item": 3}, "model": "eums.distributionplannode", "pk": 7}, {"fields": {"distribution_plan": 2, "targeted_quantity": 10, "tree_position": "END_USER", "parent": 2, "item": 3}, "model": "eums.distributionplannode", "pk": 8}, {"fields": {"distribution_plan": 2, "targeted_quantity": 10, "tree_position": "END_USER", "parent": 2, "item": 3}, "model": "eums.distributionplannode", "pk": 9}, {"fields": {"distribution_plan": 2, "targeted_quantity": 30, "tree_position": "END_USER", "parent": 2, "item": 3}, "model": "eums.distributionplannode", "pk": 10}, {"fields": {"distribution_plan": 2, "targeted_quantity": 20, "tree_position": "END_USER", "parent": 2, "item": 3}, "model": "eums.distributionplannode", "pk": 11}, {"fields": {"distribution_plan": 2, "targeted_quantity": 150, "tree_position": "END_USER", "parent": 2, "item": 3}, "model": "eums.distributionplannode", "pk": 12}, {"fields": {"distribution_plan": 3, "targeted_quantity": 1, "tree_position": "END_USER", "parent": 2, "item": 13}, "model": "eums.distributionplannode", "pk": 13}, {"fields": {"distribution_plan": 3, "targeted_quantity": 5, "tree_position": "END_USER", "parent": 2, "item": 1}, "model": "eums.distributionplannode", "pk": 14}, {"fields": {"distribution_plan": 3, "targeted_quantity": 5, "tree_position": "END_USER", "parent": 2, "item": 1}, "model": "eums.distributionplannode", "pk": 15}, {"fields": {"distribution_plan": 3, "targeted_quantity": 1, "tree_position": "END_USER", "parent": 2, "item": 14}, "model": "eums.distributionplannode", "pk": 16}, {"fields": {"distribution_plan": 3, "targeted_quantity": 1, "tree_position": "END_USER", "parent": 2, "item": 13}, "model": "eums.distributionplannode", "pk": 17}, {"fields": {"distribution_plan": 5, "targeted_quantity": 5, "tree_position": "END_USER", "parent": null, "item": 1}, "model": "eums.distributionplannode", "pk": 18}, {"fields": {"distribution_plan": 6, "targeted_quantity": 3, "tree_position": "END_USER", "parent": null, "item": 2}, "model": "eums.distributionplannode", "pk": 19}, {"fields": {"distribution_plan": 6, "targeted_quantity": 3, "tree_position": "END_USER", "parent": null, "item": 2}, "model": "eums.distributionplannode", "pk": 20}, {"fields": {"distribution_plan": 6, "targeted_quantity": 4, "tree_position": "END_USER", "parent": null, "item": 2}, "model": "eums.distributionplannode", "pk": 21}, {"fields": {"distribution_plan": 6, "targeted_quantity": 2, "tree_position": "END_USER", "parent": null, "item": 1}, "model": "eums.distributionplannode", "pk": 22}, {"fields": {"distribution_plan": 6, "targeted_quantity": 0, "tree_position": "END_USER", "parent": null, "item": 1}, "model": "eums.distributionplannode", "pk": 23}, {"fields": {"distribution_plan": 6, "targeted_quantity": 2, "tree_position": "END_USER", "parent": null, "item": 1}, "model": "eums.distributionplannode", "pk": 24}, {"fields": {"distribution_plan": 6, "targeted_quantity": 5, "tree_position": "END_USER", "parent": null, "item": 1}, "model": "eums.distributionplannode", "pk": 25}, {"fields": {"distribution_plan": 6, "targeted_quantity": 5, "tree_position": "END_USER", "parent": null, "item": 1}, "model": "eums.distributionplannode", "pk": 26}, {"fields": {"distribution_plan": 7, "targeted_quantity": 5, "tree_position": "END_USER", "parent": null, "item": 1}, "model": "eums.distributionplannode", "pk": 27}, {"fields": {"distribution_plan": 7, "targeted_quantity": 5, "tree_position": "END_USER", "parent": null, "item": 1}, "model": "eums.distributionplannode", "pk": 28}, {"fields": {"distribution_plan": 6, "targeted_quantity": 5, "tree_position": "END_USER", "parent": null, "item": 1}, "model": "eums.distributionplannode", "pk": 29}, {"fields": {"distribution_plan": 6, "targeted_quantity": 5, "tree_position": "END_USER", "parent": null, "item": 1}, "model": "eums.distributionplannode", "pk": 30}, {"fields": {"distribution_plan": 6, "targeted_quantity": 5, "tree_position": "END_USER", "parent": null, "item": 1}, "model": "eums.distributionplannode", "pk": 31}, {"fields": {"distribution_plan": 6, "targeted_quantity": 5, "tree_position": "END_USER", "parent": null, "item": 1}, "model": "eums.distributionplannode", "pk": 32}, {"fields": {"distribution_plan": 6, "targeted_quantity": 5, "tree_position": "END_USER", "parent": null, "item": 1}, "model": "eums.distributionplannode", "pk": 33}, {"fields": {"distribution_plan": 6, "targeted_quantity": 5, "tree_position": "END_USER", "parent": null, "item": 1}, "model": "eums.distributionplannode", "pk": 34}, {"fields": {"distribution_plan": 6, "targeted_quantity": 5, "tree_position": "END_USER", "parent": null, "item": 1}, "model": "eums.distributionplannode", "pk": 35}, {"fields": {"distribution_plan": 6, "targeted_quantity": 5, "tree_position": "END_USER", "parent": null, "item": 1}, "model": "eums.distributionplannode", "pk": 36}, {"fields": {"node": 5, "status": "completed", "scheduled_message_task_id": "rgwfq7916791hson", "phone": "0794008951"}, "model": "eums.noderun", "pk": 7}, {"fields": {"node": 5, "status": "completed", "scheduled_message_task_id": "6wth778hjkavbnna", "phone": "0794008951"}, "model": "eums.noderun", "pk": 8}, {"fields": {"node": 6, "status": "completed", "scheduled_message_task_id": "682578913", "phone": "0794008952"}, "model": "eums.noderun", "pk": 9}, {"fields": {"node": 7, "status": "completed", "scheduled_message_task_id": "672hj789qwhjao", "phone": "0794008953"}, "model": "eums.noderun", "pk": 10}, {"fields": {"node": 7, "status": "completed", "scheduled_message_task_id": "78uyjha89q", "phone": "0794008954"}, "model": "eums.noderun", "pk": 11}, {"fields": {"node": 8, "status": "completed", "scheduled_message_task_id": "78hha899hjnma", "phone": "0794008955"}, "model": "eums.noderun", "pk": 12}, {"fields": {"node": 9, "status": "completed", "scheduled_message_task_id": "77gg5tqi9h4", "phone": "0794008956"}, "model": "eums.noderun", "pk": 13}, {"fields": {"node": 10, "status": "completed", "scheduled_message_task_id": "75ths996an", "phone": "0794008957"}, "model": "eums.noderun", "pk": 14}, {"fields": {"node": 11, "status": "completed", "scheduled_message_task_id": "68gha578qhha", "phone": "0794008957"}, "model": "eums.noderun", "pk": 15}, {"fields": {"node": 12, "status": "completed", "scheduled_message_task_id": "788hhat68a", "phone": "0794008958"}, "model": "eums.noderun", "pk": 16}, {"fields": {"node": 12, "status": "completed", "scheduled_message_task_id": "ut7q9uba9jn", "phone": "0794008959"}, "model": "eums.noderun", "pk": 17}, {"fields": {"node": 13, "status": "completed", "scheduled_message_task_id": "h67q9ha9ian", "phone": "0794008960"}, "model": "eums.noderun", "pk": 18}, {"fields": {"node": 17, "status": "completed", "scheduled_message_task_id": "8hh9hgynn8wb", "phone": "0794008961"}, "model": "eums.noderun", "pk": 19}, {"fields": {"node": 16, "status": "completed", "scheduled_message_task_id": "7v469qgudidb", "phone": "0794008962"}, "model": "eums.noderun", "pk": 20}, {"fields": {"node": 16, "status": "completed", "scheduled_message_task_id": "7i8tgj9hb", "phone": "0794008963"}, "model": "eums.noderun", "pk": 21}, {"fields": {"node": 13, "status": "completed", "scheduled_message_task_id": "786719816", "phone": "0794008964"}, "model": "eums.noderun", "pk": 22}, {"fields": {"node": 5, "status": "completed", "scheduled_message_task_id": "88528917712", "phone": "0794008965"}, "model": "eums.noderun", "pk": 23}, {"fields": {"node": 20, "status": "cancelled", "scheduled_message_task_id": "dc189fba-c9c8-4afc-bda8-066602bc852e", "phone": "+256 763 196489"}, "model": "eums.noderun", "pk": 24}, {"fields": {"node": 19, "status": "cancelled", "scheduled_message_task_id": "c5a25c8d-5773-4196-b074-5af2c259aff8", "phone": "+256 763 196489"}, "model": "eums.noderun", "pk": 25}, {"fields": {"node": 20, "status": "cancelled", "scheduled_message_task_id": "ab725a6f-8b76-4099-a6c9-81ab63da1127", "phone": "+256 763 196489"}, "model": "eums.noderun", "pk": 26}, {"fields": {"node": 19, "status": "cancelled", "scheduled_message_task_id": "4d8fa966-3339-4c2a-9391-126449f093d1", "phone": "+256 763 196489"}, "model": "eums.noderun", "pk": 27}, {"fields": {"node": 19, "status": "cancelled", "scheduled_message_task_id": "be9c2d9d-44d4-4895-a214-fcbdc7c3830d", "phone": "+256 763 196489"}, "model": "eums.noderun", "pk": 28}, {"fields": {"node": 20, "status": "cancelled", "scheduled_message_task_id": "69c4aa94-e89a-4d89-bd42-fd7f3b2a1ff0", "phone": "+256 763 196489"}, "model": "eums.noderun", "pk": 29}, {"fields": {"node": 21, "status": "scheduled", "scheduled_message_task_id": "3a5f6400-c09b-4f4e-8fd7-d5af4d0e04f1", "phone": "+256 773 196588"}, "model": "eums.noderun", "pk": 30}, {"fields": {"node": 22, "status": "cancelled", "scheduled_message_task_id": "28316138-bd3e-4be7-8a63-4865943a5b0b", "phone": "+256 773 196588"}, "model": "eums.noderun", "pk": 31}, {"fields": {"node": 23, "status": "cancelled", "scheduled_message_task_id": "0a030889-14fd-4f3c-87cb-a68239af424e", "phone": "+256 773 196588"}, "model": "eums.noderun", "pk": 32}, {"fields": {"node": 24, "status": "cancelled", "scheduled_message_task_id": "e1c042b4-e075-44ba-b9a7-1b3cb6a0e213", "phone": "+256 773 196588"}, "model": "eums.noderun", "pk": 33}, {"fields": {"node": 22, "status": "cancelled", "scheduled_message_task_id": "5c7f9f74-e102-4376-9e14-832e14449160", "phone": "+256 773 196588"}, "model": "eums.noderun", "pk": 34}, {"fields": {"node": 23, "status": "cancelled", "scheduled_message_task_id": "55e5402b-f300-431b-b3d4-d4b3dc580728", "phone": "+256 773 196588"}, "model": "eums.noderun", "pk": 35}, {"fields": {"node": 24, "status": "cancelled", "scheduled_message_task_id": "cb3e65c2-e99c-43d0-b1c0-f396273f7dcf", "phone": "+256 773 196588"}, "model": "eums.noderun", "pk": 36}, {"fields": {"node": 25, "status": "cancelled", "scheduled_message_task_id": "51a4236a-fc65-4e71-95c8-f7e6e3a4b333", "phone": "+256 763 196489"}, "model": "eums.noderun", "pk": 37}, {"fields": {"node": 25, "status": "cancelled", "scheduled_message_task_id": "950d48a6-396f-40ee-9f08-5be7ea6dabfa", "phone": "+256 763 196489"}, "model": "eums.noderun", "pk": 38}, {"fields": {"node": 24, "status": "cancelled", "scheduled_message_task_id": "58c5baec-3326-4751-8cc9-ee3ff29ed1c8", "phone": "+256 773 196588"}, "model": "eums.noderun", "pk": 39}, {"fields": {"node": 26, "status": "scheduled", "scheduled_message_task_id": "b45a54a1-0670-4dfd-86b2-73e945518863", "phone": "+256 773 196588"}, "model": "eums.noderun", "pk": 40}, {"fields": {"node": 22, "status": "cancelled", "scheduled_message_task_id": "c8cc0e11-2635-4327-8d5b-d75051a6b3c1", "phone": "+256 773 196588"}, "model": "eums.noderun", "pk": 41}, {"fields": {"node": 23, "status": "cancelled", "scheduled_message_task_id": "cab9af12-3688-4597-bc1a-9573ab6eaf3b", "phone": "+256 773 196588"}, "model": "eums.noderun", "pk": 42}, {"fields": {"node": 19, "status": "cancelled", "scheduled_message_task_id": "7ae648b8-6563-455b-9d45-d138e3ff4c9c", "phone": "+256 763 196489"}, "model": "eums.noderun", "pk": 43}, {"fields": {"node": 20, "status": "cancelled", "scheduled_message_task_id": "e5a26c41-02ef-4a4a-b7e3-5c43a67b50ab", "phone": "+256 763 196489"}, "model": "eums.noderun", "pk": 44}, {"fields": {"node": 19, "status": "cancelled", "scheduled_message_task_id": "88230ab4-3f38-45b6-8ce8-386c46cec29c", "phone": "+256 763 196489"}, "model": "eums.noderun", "pk": 45}, {"fields": {"node": 20, "status": "cancelled", "scheduled_message_task_id": "3015e946-ae98-48f7-a231-c9afc6030621", "phone": "+256 763 196489"}, "model": "eums.noderun", "pk": 46}, {"fields": {"node": 20, "status": "scheduled", "scheduled_message_task_id": "29f61923-5406-46b8-8fb3-7b2b4e18f5cd", "phone": "+256 763 196489"}, "model": "eums.noderun", "pk": 47}, {"fields": {"node": 19, "status": "scheduled", "scheduled_message_task_id": "4cb46e7c-174b-4971-8501-77a3925142de", "phone": "+256 763 196489"}, "model": "eums.noderun", "pk": 48}, {"fields": {"node": 22, "status": "cancelled", "scheduled_message_task_id": "69c550b8-7444-4937-bccc-befbb51259e3", "phone": "+256 773 196588"}, "model": "eums.noderun", "pk": 49}, {"fields": {"node": 25, "status": "cancelled", "scheduled_message_task_id": "68cba0ac-e445-483b-b631-53386cfc968a", "phone": "+256 763 196489"}, "model": "eums.noderun", "pk": 50}, {"fields": {"node": 23, "status": "cancelled", "scheduled_message_task_id": "a8120de3-c97b-4332-bcd3-57397a3d46d8", "phone": "+256 773 196588"}, "model": "eums.noderun", "pk": 51}, {"fields": {"node": 24, "status": "cancelled", "scheduled_message_task_id": "8b2c47ce-e10f-4ccc-b31e-ed53f9444fc6", "phone": "+256 773 196588"}, "model": "eums.noderun", "pk": 52}, {"fields": {"node": 25, "status": "cancelled", "scheduled_message_task_id": "600bfeb6-c2c9-405e-b1be-048fac229ea8", "phone": "+256 763 196489"}, "model": "eums.noderun", "pk": 53}, {"fields": {"node": 22, "status": "cancelled", "scheduled_message_task_id": "be7129fe-a38b-4bbd-bab9-4e1eaa42ed65", "phone": "+256 773 196588"}, "model": "eums.noderun", "pk": 54}, {"fields": {"node": 24, "status": "cancelled", "scheduled_message_task_id": "2587e676-7bfc-46ba-af77-08e66d50fdb3", "phone": "+256 773 196588"}, "model": "eums.noderun", "pk": 55}, {"fields": {"node": 23, "status": "cancelled", "scheduled_message_task_id": "3100d012-618b-4a14-b5de-55c6ac5bec3b", "phone": "+256 773 196588"}, "model": "eums.noderun", "pk": 56}, {"fields": {"node": 25, "status": "cancelled", "scheduled_message_task_id": "07a13d3b-dbe0-4c6d-9ecc-3c22c41872e0", "phone": "+256 763 196489"}, "model": "eums.noderun", "pk": 57}, {"fields": {"node": 23, "status": "cancelled", "scheduled_message_task_id": "0d20c3c4-b576-4402-82eb-bfb0aba5d6d9", "phone": "+256 773 196588"}, "model": "eums.noderun", "pk": 58}, {"fields": {"node": 24, "status": "cancelled", "scheduled_message_task_id": "2d26172a-a586-4fea-a9f8-4419316983ae", "phone": "+256 773 196588"}, "model": "eums.noderun", "pk": 59}, {"fields": {"node": 22, "status": "cancelled", "scheduled_message_task_id": "1e479d22-c853-43c9-a1fe-0af876a740de", "phone": "+256 773 196588"}, "model": "eums.noderun", "pk": 60}, {"fields": {"node": 25, "status": "cancelled", "scheduled_message_task_id": "94eedb63-45c2-44ec-b98d-5e970c673ea4", "phone": "+256 763 196489"}, "model": "eums.noderun", "pk": 61}, {"fields": {"node": 24, "status": "cancelled", "scheduled_message_task_id": "417c4b90-022b-4121-bf63-51b7add97173", "phone": "+256 773 196588"}, "model": "eums.noderun", "pk": 62}, {"fields": {"node": 22, "status": "cancelled", "scheduled_message_task_id": "38711d51-530f-4958-8c35-96295bba1bd8", "phone": "+256 773 196588"}, "model": "eums.noderun", "pk": 63}, {"fields": {"node": 23, "status": "cancelled", "scheduled_message_task_id": "7c9f4d38-9bf5-4d0a-be4c-4514e083b7d8", "phone": "+256 773 196588"}, "model": "eums.noderun", "pk": 64}, {"fields": {"node": 23, "status": "cancelled", "scheduled_message_task_id": "f5f42948-6931-44df-a259-16d6833acadd", "phone": "+256 773 196588"}, "model": "eums.noderun", "pk": 65}, {"fields": {"node": 25, "status": "cancelled", "scheduled_message_task_id": "64df30d6-1017-43a9-96cd-5d8ab949b8ae", "phone": "+256 763 196489"}, "model": "eums.noderun", "pk": 66}, {"fields": {"node": 24, "status": "cancelled", "scheduled_message_task_id": "0534addc-2db4-431b-a257-4fd37572dfe3", "phone": "+256 773 196588"}, "model": "eums.noderun", "pk": 67}, {"fields": {"node": 22, "status": "cancelled", "scheduled_message_task_id": "8f2056b8-211d-4903-a8f3-1da4734f5581", "phone": "+256 773 196588"}, "model": "eums.noderun", "pk": 68}, {"fields": {"node": 25, "status": "cancelled", "scheduled_message_task_id": "006809f9-3fd9-4764-9960-e350e514b265", "phone": "+256 763 196489"}, "model": "eums.noderun", "pk": 69}, {"fields": {"node": 24, "status": "cancelled", "scheduled_message_task_id": "567fb0d2-e0d4-4cbd-9225-9b987e7286ed", "phone": "+256 773 196588"}, "model": "eums.noderun", "pk": 70}, {"fields": {"node": 22, "status": "cancelled", "scheduled_message_task_id": "e1888103-cb00-4f5e-a680-dff26dc6e7a5", "phone": "+256 773 196588"}, "model": "eums.noderun", "pk": 71}, {"fields": {"node": 23, "status": "cancelled", "scheduled_message_task_id": "d70453c8-ab68-43da-a369-f70e399666b5", "phone": "+256 773 196588"}, "model": "eums.noderun", "pk": 72}, {"fields": {"node": 25, "status": "scheduled", "scheduled_message_task_id": "3975405c-592f-4a39-8fc5-7dfbf04b845b", "phone": "+256 763 196489"}, "model": "eums.noderun", "pk": 73}, {"fields": {"node": 23, "status": "scheduled", "scheduled_message_task_id": "53d074b8-966f-4e43-be11-92ed0069bf33", "phone": "+256 773 196588"}, "model": "eums.noderun", "pk": 74}, {"fields": {"node": 22, "status": "scheduled", "scheduled_message_task_id": "8b0dd6c5-88c5-4f3e-9c25-8445671cf40d", "phone": "+256 773 196588"}, "model": "eums.noderun", "pk": 75}, {"fields": {"node": 24, "status": "scheduled", "scheduled_message_task_id": "d4196d31-1bdf-43c3-a7f0-8c45f8ce63cc", "phone": "+256 773 196588"}, "model": "eums.noderun", "pk": 76}, {"fields": {"node_run": 7, "question": 3, "value": 50}, "model": "eums.numericanswer", "pk": 1}, {"fields": {"node_run": 8, "question": 3, "value": 10}, "model": "eums.numericanswer", "pk": 2}, {"fields": {"node_run": 9, "question": 3, "value": 30}, "model": "eums.numericanswer", "pk": 3}, {"fields": {"node_run": 10, "question": 3, "value": 20}, "model": "eums.numericanswer", "pk": 4}, {"fields": {"node_run": 11, "question": 3, "value": 30}, "model": "eums.numericanswer", "pk": 5}, {"fields": {"node_run": 12, "question": 3, "value": 10}, "model": "eums.numericanswer", "pk": 6}, {"fields": {"node_run": 12, "question": 3, "value": 10}, "model": "eums.numericanswer", "pk": 7}, {"fields": {"node_run": 14, "question": 3, "value": 20}, "model": "eums.numericanswer", "pk": 8}, {"fields": {"node_run": 16, "question": 3, "value": 60}, "model": "eums.numericanswer", "pk": 9}, {"fields": {"node_run": 16, "question": 3, "value": 20}, "model": "eums.numericanswer", "pk": 10}, {"fields": {"node_run": 17, "question": 3, "value": 100}, "model": "eums.numericanswer", "pk": 11}, {"fields": {"node_run": 18, "question": 3, "value": 1}, "model": "eums.numericanswer", "pk": 12}, {"fields": {"node_run": 20, "question": 3, "value": 1}, "model": "eums.numericanswer", "pk": 13}, {"fields": {"node_run": 20, "question": 3, "value": 1}, "model": "eums.numericanswer", "pk": 14}, {"fields": {"node_run": 22, "question": 3, "value": 1}, "model": "eums.numericanswer", "pk": 15}, {"fields": {"node_run": 23, "question": 3, "value": 1}, "model": "eums.numericanswer", "pk": 16}, {"fields": {"node_run": 7, "question": 1, "value": 1}, "model": "eums.multiplechoiceanswer", "pk": 1}, {"fields": {"node_run": 7, "question": 4, "value": 2}, "model": "eums.multiplechoiceanswer", "pk": 2}, {"fields": {"node_run": 7, "question": 5, "value": 5}, "model": "eums.multiplechoiceanswer", "pk": 3}, {"fields": {"node_run": 7, "question": 6, "value": 5}, "model": "eums.multiplechoiceanswer", "pk": 4}, {"fields": {"node_run": 8, "question": 1, "value": 1}, "model": "eums.multiplechoiceanswer", "pk": 5}, {"fields": {"node_run": 7, "question": 4, "value": 3}, "model": "eums.multiplechoiceanswer", "pk": 6}, {"fields": {"node_run": 7, "question": 5, "value": 1}, "model": "eums.multiplechoiceanswer", "pk": 7}, {"fields": {"node_run": 9, "question": 1, "value": 5}, "model": "eums.multiplechoiceanswer", "pk": 8}, {"fields": {"node_run": 9, "question": 6, "value": 5}, "model": "eums.multiplechoiceanswer", "pk": 9}, {"fields": {"node_run": 10, "question": 1, "value": 1}, "model": "eums.multiplechoiceanswer", "pk": 10}, {"fields": {"node_run": 10, "question": 4, "value": 4}, "model": "eums.multiplechoiceanswer", "pk": 11}, {"fields": {"node_run": 10, "question": 5, "value": 5}, "model": "eums.multiplechoiceanswer", "pk": 12}, {"fields": {"node_run": 11, "question": 1, "value": 1}, "model": "eums.multiplechoiceanswer", "pk": 13}, {"fields": {"node_run": 11, "question": 4, "value": 2}, "model": "eums.multiplechoiceanswer", "pk": 14}, {"fields": {"node_run": 11, "question": 5, "value": 5}, "model": "eums.multiplechoiceanswer", "pk": 15}, {"fields": {"node_run": 12, "question": 1, "value": 1}, "model": "eums.multiplechoiceanswer", "pk": 16}, {"fields": {"node_run": 12, "question": 4, "value": 3}, "model": "eums.multiplechoiceanswer", "pk": 17}, {"fields": {"node_run": 12, "question": 5, "value": 1}, "model": "eums.multiplechoiceanswer", "pk": 18}, {"fields": {"node_run": 13, "question": 1, "value": 1}, "model": "eums.multiplechoiceanswer", "pk": 19}, {"fields": {"node_run": 13, "question": 4, "value": 3}, "model": "eums.multiplechoiceanswer", "pk": 20}, {"fields": {"node_run": 13, "question": 5, "value": 1}, "model": "eums.multiplechoiceanswer", "pk": 21}, {"fields": {"node_run": 14, "question": 1, "value": 5}, "model": "eums.multiplechoiceanswer", "pk": 22}, {"fields": {"node_run": 14, "question": 6, "value": 1}, "model": "eums.multiplechoiceanswer", "pk": 23}, {"fields": {"node_run": 15, "question": 1, "value": 1}, "model": "eums.multiplechoiceanswer", "pk": 24}, {"fields": {"node_run": 15, "question": 4, "value": 3}, "model": "eums.multiplechoiceanswer", "pk": 25}, {"fields": {"node_run": 15, "question": 5, "value": 1}, "model": "eums.multiplechoiceanswer", "pk": 26}, {"fields": {"node_run": 16, "question": 1, "value": 1}, "model": "eums.multiplechoiceanswer", "pk": 27}, {"fields": {"node_run": 16, "question": 5, "value": 6}, "model": "eums.multiplechoiceanswer", "pk": 28}, {"fields": {"node_run": 17, "question": 1, "value": 5}, "model": "eums.multiplechoiceanswer", "pk": 29}, {"fields": {"node_run": 17, "question": 6, "value": 5}, "model": "eums.multiplechoiceanswer", "pk": 30}, {"fields": {"node_run": 18, "question": 1, "value": 1}, "model": "eums.multiplechoiceanswer", "pk": 31}, {"fields": {"node_run": 17, "question": 4, "value": 2}, "model": "eums.multiplechoiceanswer", "pk": 32}, {"fields": {"node_run": 18, "question": 5, "value": 5}, "model": "eums.multiplechoiceanswer", "pk": 33}, {"fields": {"node_run": 19, "question": 1, "value": 1}, "model": "eums.multiplechoiceanswer", "pk": 34}, {"fields": {"node_run": 19, "question": 4, "value": 3}, "model": "eums.multiplechoiceanswer", "pk": 35}, {"fields": {"node_run": 19, "question": 5, "value": 1}, "model": "eums.multiplechoiceanswer", "pk": 36}, {"fields": {"node_run": 20, "question": 1, "value": 5}, "model": "eums.multiplechoiceanswer", "pk": 37}, {"fields": {"node_run": 20, "question": 6, "value": 1}, "model": "eums.multiplechoiceanswer", "pk": 38}, {"fields": {"node_run": 21, "question": 1, "value": 1}, "model": "eums.multiplechoiceanswer", "pk": 39}, {"fields": {"node_run": 21, "question": 4, "value": 2}, "model": "eums.multiplechoiceanswer", "pk": 40}, {"fields": {"node_run": 21, "question": 5, "value": 5}, "model": "eums.multiplechoiceanswer", "pk": 41}, {"fields": {"node_run": 22, "question": 1, "value": 1}, "model": "eums.multiplechoiceanswer", "pk": 42}, {"fields": {"node_run": 22, "question": 4, "value": 2}, "model": "eums.multiplechoiceanswer", "pk": 43}, {"fields": {"node_run": 22, "question": 5, "value": 5}, "model": "eums.multiplechoiceanswer", "pk": 44}, {"fields": {"node_run": 23, "question": 1, "value": 1}, "model": "eums.multiplechoiceanswer", "pk": 45}, {"fields": {"node_run": 23, "question": 4, "value": 2}, "model": "eums.multiplechoiceanswer", "pk": 46}, {"fields": {"node_run": 23, "question": 5, "value": 5}, "model": "eums.multiplechoiceanswer", "pk": 47}, {"fields": {"node_run": 7, "question": 2, "value": "6/10/2014"}, "model": "eums.textanswer", "pk": 1}, {"fields": {"node_run": 7, "question": 8, "value": "they were damaged"}, "model": "eums.textanswer", "pk": 2}, {"fields": {"node_run": 7, "question": 7, "value": "didnt not specify"}, "model": "eums.textanswer", "pk": 3}]