[
    {
        "fields": {
            "model": "logentry",
            "name": "log entry",
            "app_label": "admin"
        },
        "model": "contenttypes.contenttype",
        "pk": 1
    },
    {
        "fields": {
            "model": "permission",
            "name": "permission",
            "app_label": "auth"
        },
        "model": "contenttypes.contenttype",
        "pk": 2
    },
    {
        "fields": {
            "model": "group",
            "name": "group",
            "app_label": "auth"
        },
        "model": "contenttypes.contenttype",
        "pk": 3
    },
    {
        "fields": {
            "model": "user",
            "name": "user",
            "app_label": "auth"
        },
        "model": "contenttypes.contenttype",
        "pk": 4
    },
    {
        "fields": {
            "model": "contenttype",
            "name": "content type",
            "app_label": "contenttypes"
        },
        "model": "contenttypes.contenttype",
        "pk": 5
    },
    {
        "fields": {
            "model": "session",
            "name": "session",
            "app_label": "sessions"
        },
        "model": "contenttypes.contenttype",
        "pk": 6
    },
    {
        "fields": {
            "model": "programme",
            "name": "programme",
            "app_label": "eums"
        },
        "model": "contenttypes.contenttype",
        "pk": 7
    },
    {
        "fields": {
            "model": "distributionplan",
            "name": "distribution plan",
            "app_label": "eums"
        },
        "model": "contenttypes.contenttype",
        "pk": 8
    },
    {
        "fields": {
            "model": "consignee",
            "name": "consignee",
            "app_label": "eums"
        },
        "model": "contenttypes.contenttype",
        "pk": 9
    },
    {
        "fields": {
            "model": "itemunit",
            "name": "item unit",
            "app_label": "eums"
        },
        "model": "contenttypes.contenttype",
        "pk": 10
    },
    {
        "fields": {
            "model": "item",
            "name": "item",
            "app_label": "eums"
        },
        "model": "contenttypes.contenttype",
        "pk": 11
    },
    {
        "fields": {
            "model": "distributionplannode",
            "name": "distribution plan node",
            "app_label": "eums"
        },
        "model": "contenttypes.contenttype",
        "pk": 12
    },
    {
        "fields": {
            "model": "salesorder",
            "name": "sales order",
            "app_label": "eums"
        },
        "model": "contenttypes.contenttype",
        "pk": 13
    },
    {
        "fields": {
            "model": "salesorderitem",
            "name": "sales order item",
            "app_label": "eums"
        },
        "model": "contenttypes.contenttype",
        "pk": 14
    },
    {
        "fields": {
            "model": "distributionplanlineitem",
            "name": "distribution plan line item",
            "app_label": "eums"
        },
        "model": "contenttypes.contenttype",
        "pk": 15
    },
    {
        "fields": {
            "model": "nodelineitemrun",
            "name": "node line item run",
            "app_label": "eums"
        },
        "model": "contenttypes.contenttype",
        "pk": 16
    },
    {
        "fields": {
            "model": "question",
            "name": "question",
            "app_label": "eums"
        },
        "model": "contenttypes.contenttype",
        "pk": 17
    },
    {
        "fields": {
            "model": "numericquestion",
            "name": "numeric question",
            "app_label": "eums"
        },
        "model": "contenttypes.contenttype",
        "pk": 18
    },
    {
        "fields": {
            "model": "textquestion",
            "name": "text question",
            "app_label": "eums"
        },
        "model": "contenttypes.contenttype",
        "pk": 19
    },
    {
        "fields": {
            "model": "multiplechoicequestion",
            "name": "multiple choice question",
            "app_label": "eums"
        },
        "model": "contenttypes.contenttype",
        "pk": 20
    },
    {
        "fields": {
            "model": "option",
            "name": "option",
            "app_label": "eums"
        },
        "model": "contenttypes.contenttype",
        "pk": 21
    },
    {
        "fields": {
            "model": "textanswer",
            "name": "text answer",
            "app_label": "eums"
        },
        "model": "contenttypes.contenttype",
        "pk": 22
    },
    {
        "fields": {
            "model": "numericanswer",
            "name": "numeric answer",
            "app_label": "eums"
        },
        "model": "contenttypes.contenttype",
        "pk": 23
    },
    {
        "fields": {
            "model": "multiplechoiceanswer",
            "name": "multiple choice answer",
            "app_label": "eums"
        },
        "model": "contenttypes.contenttype",
        "pk": 24
    },
    {
        "fields": {
            "model": "runqueue",
            "name": "run queue",
            "app_label": "eums"
        },
        "model": "contenttypes.contenttype",
        "pk": 25
    },
    {
        "fields": {
            "model": "flow",
            "name": "flow",
            "app_label": "eums"
        },
        "model": "contenttypes.contenttype",
        "pk": 26
    },
    {
        "fields": {
            "model": "releaseorder",
            "name": "release order",
            "app_label": "eums"
        },
        "model": "contenttypes.contenttype",
        "pk": 27
    },
    {
        "fields": {
            "model": "releaseorderitem",
            "name": "release order item",
            "app_label": "eums"
        },
        "model": "contenttypes.contenttype",
        "pk": 28
    },
    {
        "fields": {
            "expire_date": "2014-10-27T11:22:37.764",
            "session_data": "ZDQ4MjhkNmUwMzA2ODNjYjBjMmUyMTEyZjI3YjlkMTAwNDQxMjQzNTp7Il9hdXRoX3VzZXJfaGFzaCI6ImZiYzRmMmRlODZjNjRiNmYzMjJhYzgyMDgwMjcxMzI1ZTZjY2U0M2QiLCJfYXV0aF91c2VyX2JhY2tlbmQiOiJkamFuZ28uY29udHJpYi5hdXRoLmJhY2tlbmRzLk1vZGVsQmFja2VuZCIsIl9hdXRoX3VzZXJfaWQiOjF9"
        },
        "model": "sessions.session",
        "pk": "mdhjkj68jjyqxofrwdez7gd5ra7htu41"
    },
    {
        "fields": {
            "expire_date": "2014-10-30T12:17:47.577",
            "session_data": "ZDQ4MjhkNmUwMzA2ODNjYjBjMmUyMTEyZjI3YjlkMTAwNDQxMjQzNTp7Il9hdXRoX3VzZXJfaGFzaCI6ImZiYzRmMmRlODZjNjRiNmYzMjJhYzgyMDgwMjcxMzI1ZTZjY2U0M2QiLCJfYXV0aF91c2VyX2JhY2tlbmQiOiJkamFuZ28uY29udHJpYi5hdXRoLmJhY2tlbmRzLk1vZGVsQmFja2VuZCIsIl9hdXRoX3VzZXJfaWQiOjF9"
        },
        "model": "sessions.session",
        "pk": "q5uid5v9e7oi9vdnkqt7yn7twbi4ootl"
    },
    {
        "fields": {
            "expire_date": "2014-10-30T19:14:53.482",
            "session_data": "ZDQ4MjhkNmUwMzA2ODNjYjBjMmUyMTEyZjI3YjlkMTAwNDQxMjQzNTp7Il9hdXRoX3VzZXJfaGFzaCI6ImZiYzRmMmRlODZjNjRiNmYzMjJhYzgyMDgwMjcxMzI1ZTZjY2U0M2QiLCJfYXV0aF91c2VyX2JhY2tlbmQiOiJkamFuZ28uY29udHJpYi5hdXRoLmJhY2tlbmRzLk1vZGVsQmFja2VuZCIsIl9hdXRoX3VzZXJfaWQiOjF9"
        },
        "model": "sessions.session",
        "pk": "xmrgatyq6e174mdhcza7lsyt1ahmtdg8"
    },
    {
        "fields": {
            "date": "2014-10-13",
            "programme": 1
        },
        "model": "eums.distributionplan",
        "pk": 1
    },
    {
        "fields": {
            "date": "2014-10-16",
            "programme": 3
        },
        "model": "eums.distributionplan",
        "pk": 2
    },
    {
        "fields": {
            "date": "2014-10-16",
            "programme": 4
        },
        "model": "eums.distributionplan",
        "pk": 3
    },
    {
        "fields": {
            "customer_id": "",
            "name": "first consignee"
        },
        "model": "eums.consignee",
        "pk": 1
    },
    {
        "fields": {
            "customer_id": "",
            "name": "second consigne"
        },
        "model": "eums.consignee",
        "pk": 2
    },
    {
        "fields": {
            "customer_id": "",
            "name": "end user consignee"
        },
        "model": "eums.consignee",
        "pk": 3
    },
    {
        "fields": {
            "customer_id": "L438000580",
            "name": "ARUA DHO DR. ANGUZU PATRICK"
        },
        "model": "eums.consignee",
        "pk": 4
    },
    {
        "fields": {
            "customer_id": "L438000484",
            "name": "WAKISO DHO"
        },
        "model": "eums.consignee",
        "pk": 5
    },
    {
        "fields": {
            "customer_id": "L438000215",
            "name": "KAABONG DHO"
        },
        "model": "eums.consignee",
        "pk": 6
    },
    {
        "fields": {
            "customer_id": "L438000520",
            "name": "Ntungamo  DHO"
        },
        "model": "eums.consignee",
        "pk": 7
    },
    {
        "fields": {
            "customer_id": "L438000024",
            "name": "AGAGO DHO"
        },
        "model": "eums.consignee",
        "pk": 8
    },
    {
        "fields": {
            "customer_id": "L438000043",
            "name": "AMURU DHO"
        },
        "model": "eums.consignee",
        "pk": 9
    },
    {
        "fields": {
            "customer_id": "L438000394",
            "name": "PADER DHO"
        },
        "model": "eums.consignee",
        "pk": 10
    },
    {
        "fields": {
            "customer_id": "L438000256",
            "name": "KITGUM DHO"
        },
        "model": "eums.consignee",
        "pk": 11
    },
    {
        "fields": {
            "customer_id": "L438000286",
            "name": "LAMWO DHO"
        },
        "model": "eums.consignee",
        "pk": 12
    },
    {
        "fields": {
            "customer_id": "L438000381",
            "name": "NWOYA DHO"
        },
        "model": "eums.consignee",
        "pk": 13
    },
    {
        "fields": {
            "customer_id": "L438000498",
            "name": "YUMBE DHO"
        },
        "model": "eums.consignee",
        "pk": 14
    },
    {
        "fields": {
            "customer_id": "L438000080",
            "name": "BUIKWE DHO"
        },
        "model": "eums.consignee",
        "pk": 15
    },
    {
        "fields": {
            "customer_id": "L438000503",
            "name": "BUKOMANSIMBI DHO"
        },
        "model": "eums.consignee",
        "pk": 16
    },
    {
        "fields": {
            "customer_id": "L438000504",
            "name": "KALUNGU DHO"
        },
        "model": "eums.consignee",
        "pk": 17
    },
    {
        "fields": {
            "customer_id": "L438000505",
            "name": "LWENGO DHO"
        },
        "model": "eums.consignee",
        "pk": 18
    },
    {
        "fields": {
            "customer_id": "L438000351",
            "name": "MUBENDE DHO"
        },
        "model": "eums.consignee",
        "pk": 19
    },
    {
        "fields": {
            "customer_id": "L438000354",
            "name": "MUKONO DHO"
        },
        "model": "eums.consignee",
        "pk": 20
    },
    {
        "fields": {
            "customer_id": "L438000088",
            "name": "BUNDIBUGYO DHO"
        },
        "model": "eums.consignee",
        "pk": 21
    },
    {
        "fields": {
            "customer_id": "L438000222",
            "name": "KABALORE DHO"
        },
        "model": "eums.consignee",
        "pk": 22
    },
    {
        "fields": {
            "customer_id": "L438000281",
            "name": "KYENGEGWA DHO"
        },
        "model": "eums.consignee",
        "pk": 23
    },
    {
        "fields": {
            "customer_id": "L438000283",
            "name": "KYENJOJO DHO"
        },
        "model": "eums.consignee",
        "pk": 24
    },
    {
        "fields": {
            "customer_id": "L438000378",
            "name": "NTOROKO DHO"
        },
        "model": "eums.consignee",
        "pk": 25
    },
    {
        "fields": {
            "customer_id": "L438000233",
            "name": "KAMULI DHO"
        },
        "model": "eums.consignee",
        "pk": 26
    },
    {
        "fields": {
            "customer_id": "L438000196",
            "name": "IGANGA DHO"
        },
        "model": "eums.consignee",
        "pk": 27
    },
    {
        "fields": {
            "customer_id": "L438000524",
            "name": "Makindye Division Dr Walyomo Richard"
        },
        "model": "eums.consignee",
        "pk": 28
    },
    {
        "fields": {
            "customer_id": "L438000525",
            "name": "Central Division Dr Muhammed Kirumira"
        },
        "model": "eums.consignee",
        "pk": 29
    },
    {
        "fields": {
            "customer_id": "L438000523",
            "name": "Lubaga Division Jannat Kulabako"
        },
        "model": "eums.consignee",
        "pk": 30
    },
    {
        "fields": {
            "customer_id": "L438000522",
            "name": "Kawempe Division Dr Henry Mugerwa"
        },
        "model": "eums.consignee",
        "pk": 31
    },
    {
        "fields": {
            "customer_id": "L438000019",
            "name": "ADJUMANI DHO"
        },
        "model": "eums.consignee",
        "pk": 32
    },
    {
        "fields": {
            "customer_id": "L438000401",
            "name": "RAKAI DHO"
        },
        "model": "eums.consignee",
        "pk": 33
    },
    {
        "fields": {
            "customer_id": "L438000501",
            "name": "UNITED NATIONS HIGH COMMISSION FOR REFUGEES"
        },
        "model": "eums.consignee",
        "pk": 34
    },
    {
        "fields": {
            "customer_id": "L438000176",
            "name": "GULU DHO"
        },
        "model": "eums.consignee",
        "pk": 35
    },
    {
        "fields": {
            "customer_id": "L438000279",
            "name": "KYEGEGWA DHO"
        },
        "model": "eums.consignee",
        "pk": 36
    },
    {
        "fields": {
            "customer_id": "L438000331",
            "name": "MOROTO DHO"
        },
        "model": "eums.consignee",
        "pk": 37
    },
    {
        "fields": {
            "customer_id": "L438000368",
            "name": "NAPAK DHO"
        },
        "model": "eums.consignee",
        "pk": 38
    },
    {
        "fields": {
            "customer_id": "L438000267",
            "name": "KOTIDO DHO"
        },
        "model": "eums.consignee",
        "pk": 39
    },
    {
        "fields": {
            "customer_id": "L438000038",
            "name": "AMUDAT DHO"
        },
        "model": "eums.consignee",
        "pk": 40
    },
    {
        "fields": {
            "customer_id": "L438000362",
            "name": "NAKAPIRIPIRIT DHO"
        },
        "model": "eums.consignee",
        "pk": 41
    },
    {
        "fields": {
            "customer_id": "L438000296",
            "name": "MALARIA CONSORTIUM"
        },
        "model": "eums.consignee",
        "pk": 42
    },
    {
        "fields": {
            "name": "kgs"
        },
        "model": "eums.itemunit",
        "pk": 1
    },
    {
        "fields": {
            "name": "Each"
        },
        "model": "eums.itemunit",
        "pk": 2
    },
    {
        "fields": {
            "name": "Kit"
        },
        "model": "eums.itemunit",
        "pk": 3
    },
    {
        "fields": {
            "name": "Sachet"
        },
        "model": "eums.itemunit",
        "pk": 4
    },
    {
        "fields": {
            "name": "PU"
        },
        "model": "eums.itemunit",
        "pk": 5
    },
    {
        "fields": {
            "material_code": "SL005144",
            "description": "Laptop,Lenovo,ThinkPad T510",
            "unit": 2
        },
        "model": "eums.item",
        "pk": 3
    },
    {
        "fields": {
            "material_code": "SL002248",
            "description": "Laptop bag",
            "unit": 2
        },
        "model": "eums.item",
        "pk": 4
    },
    {
        "fields": {
            "material_code": "SL005981",
            "description": "EXTRA POWER ADAPTER",
            "unit": 2
        },
        "model": "eums.item",
        "pk": 5
    },
    {
        "fields": {
            "material_code": "SL002315",
            "description": "LENOVO USB 2.0 SUPER MULTI-BURNER DRIVE",
            "unit": 2
        },
        "model": "eums.item",
        "pk": 6
    },
    {
        "fields": {
            "material_code": "SL004169",
            "description": "Toner",
            "unit": 2
        },
        "model": "eums.item",
        "pk": 7
    },
    {
        "fields": {
            "material_code": "S0782208",
            "description": "Safety box f.used syrgs/ndls 5lt/BOX-25",
            "unit": 2
        },
        "model": "eums.item",
        "pk": 8
    },
    {
        "fields": {
            "material_code": "S0000240",
            "description": "Therapeutic spread,sachet 92g/CAR-150",
            "unit": 4
        },
        "model": "eums.item",
        "pk": 9
    },
    {
        "fields": {
            "material_code": "S1561125",
            "description": "ReSoMal,42g sachet for 1 litre/CAR-100",
            "unit": 4
        },
        "model": "eums.item",
        "pk": 10
    },
    {
        "fields": {
            "material_code": "S0145620",
            "description": "MUAC,Child 11.5 Red/PAC-50",
            "unit": 4
        },
        "model": "eums.item",
        "pk": 11
    },
    {
        "fields": {
            "material_code": "S0000208",
            "description": "F-75 therap.diet,sachet, 102.5g/CAR-120",
            "unit": 4
        },
        "model": "eums.item",
        "pk": 12
    },
    {
        "fields": {
            "material_code": "SL004169",
            "description": "Toner",
            "unit": 5
        },
        "model": "eums.item",
        "pk": 13
    },
    {
        "fields": {
            "material_code": "SL003247",
            "description": "Printer",
            "unit": 2
        },
        "model": "eums.item",
        "pk": 14
    },
    {
        "fields": {
            "material_code": "S9906621",
            "description": "IEHK2006,kit,basic unit",
            "unit": 3
        },
        "model": "eums.item",
        "pk": 15
    },
    {
        "fields": {
            "material_code": "S9906623",
            "description": "IEHK2006,kit,suppl.1-drugs",
            "unit": 3
        },
        "model": "eums.item",
        "pk": 16
    },
    {
        "fields": {
            "material_code": "SL002371",
            "description": "MAMA KITS, CLEAN DELIVERY KITS",
            "unit": 3
        },
        "model": "eums.item",
        "pk": 17
    },
    {
        "fields": {
            "material_code": "S9906623",
            "description": "IEHK2006,kit,suppl.1-drugs",
            "unit": 3
        },
        "model": "eums.item",
        "pk": 18
    },
    {
        "fields": {
            "distribution_plan": 1,
            "tree_position": "MIDDLE_MAN",
            "parent": null,
            "mode_of_delivery": "",
            "consignee": 1,
            "location": "Amuru",
            "contact_person_id": "54213ccc797221e84ac993fe"
        },
        "model": "eums.distributionplannode",
        "pk": 2
    },
    {
        "fields": {
            "distribution_plan": 1,
            "tree_position": "MIDDLE_MAN",
            "parent": 2,
            "mode_of_delivery": "",
            "consignee": 2,
            "location": "Amuru",
            "contact_person_id": "54213ccc797221e84ac993fe"
        },
        "model": "eums.distributionplannode",
        "pk": 3
    },
    {
        "fields": {
            "distribution_plan": 1,
            "tree_position": "END_USER",
            "parent": 3,
            "mode_of_delivery": "",
            "consignee": 3,
            "location": "Amuru",
            "contact_person_id": "54213ccc797221e84ac993fe"
        },
        "model": "eums.distributionplannode",
        "pk": 4
    },
    {
        "fields": {
            "distribution_plan": 2,
            "tree_position": "MIDDLE_MAN",
            "parent": 2,
            "mode_of_delivery": "WAREHOUSE",
            "consignee": 10,
            "location": "PADER",
            "contact_person_id": "5420508290cc38715b1af928"
        },
        "model": "eums.distributionplannode",
        "pk": 5
    },
    {
        "fields": {
            "distribution_plan": 2,
            "tree_position": "MIDDLE_MAN",
            "parent": 2,
            "mode_of_delivery": "DIRECT_DELIVERY",
            "consignee": 4,
            "location": "ARUA",
            "contact_person_id": "5420525490cc38715b1af92b"
        },
        "model": "eums.distributionplannode",
        "pk": 6
    },
    {
        "fields": {
            "distribution_plan": 2,
            "tree_position": "MIDDLE_MAN",
            "parent": 2,
            "mode_of_delivery": "WAREHOUSE",
            "consignee": 6,
            "location": "KAABONG",
            "contact_person_id": "542126831a8a4f1e4337edb2"
        },
        "model": "eums.distributionplannode",
        "pk": 7
    },
    {
        "fields": {
            "distribution_plan": 2,
            "tree_position": "MIDDLE_MAN",
            "parent": 2,
            "mode_of_delivery": "DIRECT_DELIVERY",
            "consignee": 5,
            "location": "WAKISO",
            "contact_person_id": "542126831a8a4f1e4337edb2"
        },
        "model": "eums.distributionplannode",
        "pk": 8
    },
    {
        "fields": {
            "distribution_plan": 2,
            "tree_position": "MIDDLE_MAN",
            "parent": 2,
            "mode_of_delivery": "WAREHOUSE",
            "consignee": 7,
            "location": "Ntungamo",
            "contact_person_id": "542126831a8a4f1e4337edb2"
        },
        "model": "eums.distributionplannode",
        "pk": 9
    },
    {
        "fields": {
            "distribution_plan": 2,
            "tree_position": "MIDDLE_MAN",
            "parent": 2,
            "mode_of_delivery": "DIRECT_DELIVERY",
            "consignee": 8,
            "location": "Agago",
            "contact_person_id": "542126831a8a4f1e4337edb2"
        },
        "model": "eums.distributionplannode",
        "pk": 10
    },
    {
        "fields": {
            "distribution_plan": 2,
            "tree_position": "MIDDLE_MAN",
            "parent": 2,
            "mode_of_delivery": "DIRECT_DELIVERY",
            "consignee": 9,
            "location": "AMURU",
            "contact_person_id": "54212a70797221e84ac993fc"
        },
        "model": "eums.distributionplannode",
        "pk": 11
    },
    {
        "fields": {
            "distribution_plan": 2,
            "tree_position": "MIDDLE_MAN",
            "parent": 2,
            "mode_of_delivery": "WAREHOUSE",
            "consignee": 11,
            "location": "kitgum",
            "contact_person_id": "54212a70797221e84ac993fc"
        },
        "model": "eums.distributionplannode",
        "pk": 12
    },
    {
        "fields": {
            "distribution_plan": 3,
            "tree_position": "MIDDLE_MAN",
            "parent": 2,
            "mode_of_delivery": "WAREHOUSE",
            "consignee": 21,
            "location": "bundibugyo",
            "contact_person_id": "54213ccc797221e84ac993fe"
        },
        "model": "eums.distributionplannode",
        "pk": 13
    },
    {
        "fields": {
            "distribution_plan": 3,
            "tree_position": "MIDDLE_MAN",
            "parent": 2,
            "mode_of_delivery": "DIRECT_DELIVERY",
            "consignee": 15,
            "location": "buikwe",
            "contact_person_id": "54213ccc797221e84ac993fe"
        },
        "model": "eums.distributionplannode",
        "pk": 14
    },
    {
        "fields": {
            "distribution_plan": 3,
            "tree_position": "MIDDLE_MAN",
            "parent": 2,
            "mode_of_delivery": "DIRECT_DELIVERY",
            "consignee": 17,
            "location": "kalungu",
            "contact_person_id": "54213ccc797221e84ac993fe"
        },
        "model": "eums.distributionplannode",
        "pk": 15
    },
    {
        "fields": {
            "distribution_plan": 3,
            "tree_position": "MIDDLE_MAN",
            "parent": 2,
            "mode_of_delivery": "WAREHOUSE",
            "consignee": 5,
            "location": "Wakiso",
            "contact_person_id": "54213ccc797221e84ac993fe"
        },
        "model": "eums.distributionplannode",
        "pk": 16
    },
    {
        "fields": {
            "distribution_plan": 3,
            "tree_position": "MIDDLE_MAN",
            "parent": 2,
            "mode_of_delivery": "WAREHOUSE",
            "consignee": 19,
            "location": "mubende",
            "contact_person_id": "54213ccc797221e84ac993fe"
        },
        "model": "eums.distributionplannode",
        "pk": 17
    },
    {
        "fields": {
            "date": "2014-01-01",
            "order_number": "ODER12345",
            "description": "sample sales order",
            "programme": 1
        },
        "model": "eums.salesorder",
        "pk": 1
    },
    {
        "fields": {
            "date": "2014-01-08",
            "order_number": "20148031",
            "description": "Laptop,Lenovo,ThinkPad T510",
            "programme": 3
        },
        "model": "eums.salesorder",
        "pk": 2
    },
    {
        "fields": {
            "date": "2014-07-22",
            "order_number": "20150357",
            "description": "Laptop bag",
            "programme": 3
        },
        "model": "eums.salesorder",
        "pk": 3
    },
    {
        "fields": {
            "date": "2014-07-29",
            "order_number": "20147537",
            "description": "EXTRA POWER ADAPTER",
            "programme": 4
        },
        "model": "eums.salesorder",
        "pk": 4
    },
    {
        "fields": {
            "date": "2014-08-13",
            "order_number": "20141971",
            "description": "LENOVO USB 2.0 SUPER MULTI-BURNER DRIVE",
            "programme": 4
        },
        "model": "eums.salesorder",
        "pk": 5
    },
    {
        "fields": {
            "date": "2014-09-23",
            "order_number": "20135486",
            "description": "Printer",
            "programme": 4
        },
        "model": "eums.salesorder",
        "pk": 6
    },
    {
        "fields": {
            "date": "2014-05-22",
            "order_number": "20148737",
            "description": "Therapeutic spread,sachet 92g/CAR-150",
            "programme": 4
        },
        "model": "eums.salesorder",
        "pk": 7
    },
    {
        "fields": {
            "date": "2014-07-29",
            "order_number": "20135300",
            "description": "ReSoMal,42g sachet for 1 litre/CAR-100",
            "programme": 3
        },
        "model": "eums.salesorder",
        "pk": 8
    },
    {
        "fields": {
            "date": "2014-06-30",
            "order_number": "20135686",
            "description": "F-100 therap. diet, sachet,114g/CAR-90",
            "programme": 3
        },
        "model": "eums.salesorder",
        "pk": 9
    },
    {
        "fields": {
            "date": "2014-10-20",
            "order_number": "20149353",
            "description": "F-75 therap.diet,sachet, 102.5g/CAR-120",
            "programme": 4
        },
        "model": "eums.salesorder",
        "pk": 10
    },
    {
        "fields": {
            "date": "2014-04-28",
            "order_number": "20149298",
            "description": "F-100 therap. diet, sachet,114g/CAR-90",
            "programme": 9
        },
        "model": "eums.salesorder",
        "pk": 11
    },
    {
        "fields": {
            "date": "2014-07-27",
            "order_number": "20152899",
            "description": "F-75 therap.diet,sachet, 102.5g/CAR-120",
            "programme": 3
        },
        "model": "eums.salesorder",
        "pk": 12
    },
    {
        "fields": {
            "date": "2014-04-22",
            "order_number": "20153396",
            "description": "IEHK2006,kit,suppl.1-drugs",
            "programme": 4
        },
        "model": "eums.salesorder",
        "pk": 13
    },
    {
        "fields": {
            "date": "2014-10-05",
            "order_number": "20145809",
            "description": "MAMA KITS, CLEAN DELIVERY KITS",
            "programme": 3
        },
        "model": "eums.salesorder",
        "pk": 14
    },
    {
        "fields": {
            "date": "2014-05-14",
            "order_number": "20148341",
            "description": "Safety box f.used syrgs/ndls 5lt/BOX-25",
            "programme": 4
        },
        "model": "eums.salesorder",
        "pk": 15
    },
    {
        "fields": {
            "issue_date": "2014-08-27",
            "description": "Safety box f.used syrgs/ndls 5lt/BOX-25",
            "sales_order": 15,
            "net_price": "14.0900",
            "item": 8,
            "delivery_date": "2014-10-22",
            "net_value": "5917.8000",
            "quantity": 420
        },
        "model": "eums.salesorderitem",
        "pk": 3
    },
    {
        "fields": {
            "issue_date": "2014-09-16",
            "description": "Therapeutic spread,sachet 92g/CAR-150",
            "sales_order": 4,
            "net_price": "51.0629",
            "item": 9,
            "delivery_date": "2014-10-06",
            "net_value": "5106.2900",
            "quantity": 100
        },
        "model": "eums.salesorderitem",
        "pk": 4
    },
    {
        "fields": {
            "issue_date": "2014-09-08",
            "description": "ReSoMal,42g sachet for 1 litre/CAR-100",
            "sales_order": 4,
            "net_price": "22.4500",
            "item": 10,
            "delivery_date": "2014-10-06",
            "net_value": "22.4500",
            "quantity": 1
        },
        "model": "eums.salesorderitem",
        "pk": 5
    },
    {
        "fields": {
            "issue_date": "2014-09-08",
            "description": "MUAC,Child 11.5 Red/PAC-50",
            "sales_order": 4,
            "net_price": "29.4000",
            "item": 11,
            "delivery_date": "2014-10-06",
            "net_value": "20580.0000",
            "quantity": 7000
        },
        "model": "eums.salesorderitem",
        "pk": 6
    },
    {
        "fields": {
            "issue_date": "2014-09-22",
            "description": "F-75 therap.diet,sachet, 102.5g/CAR-120",
            "sales_order": 4,
            "net_price": "59.4400",
            "item": 12,
            "delivery_date": "2014-10-06",
            "net_value": "6241.2000",
            "quantity": 105
        },
        "model": "eums.salesorderitem",
        "pk": 7
    },
    {
        "fields": {
            "issue_date": "2014-08-11",
            "description": "Laptop,Lenovo,ThinkPad T510",
            "sales_order": 2,
            "net_price": "1167.6600",
            "item": 3,
            "delivery_date": "2014-08-25",
            "net_value": "1167.6600",
            "quantity": 1
        },
        "model": "eums.salesorderitem",
        "pk": 8
    },
    {
        "fields": {
            "issue_date": "2014-08-18",
            "description": "Laptop bag",
            "sales_order": 2,
            "net_price": "26.8100",
            "item": 4,
            "delivery_date": "2014-08-25",
            "net_value": "26.8100",
            "quantity": 1
        },
        "model": "eums.salesorderitem",
        "pk": 9
    },
    {
        "fields": {
            "issue_date": "2014-08-18",
            "description": "Power Adapter",
            "sales_order": 2,
            "net_price": "11.0000",
            "item": 5,
            "delivery_date": "2014-08-25",
            "net_value": "11.0000",
            "quantity": 1
        },
        "model": "eums.salesorderitem",
        "pk": 10
    },
    {
        "fields": {
            "issue_date": "2014-09-15",
            "description": "Toner",
            "sales_order": 3,
            "net_price": "67.9691",
            "item": 7,
            "delivery_date": "2014-09-29",
            "net_value": "2990.6800",
            "quantity": 44
        },
        "model": "eums.salesorderitem",
        "pk": 11
    },
    {
        "fields": {
            "issue_date": "2014-09-15",
            "description": "Printer",
            "sales_order": 3,
            "net_price": "67.9700",
            "item": 14,
            "delivery_date": "2014-09-29",
            "net_value": "67.9700",
            "quantity": 1
        },
        "model": "eums.salesorderitem",
        "pk": 12
    },
    {
        "fields": {
            "issue_date": "2014-09-01",
            "description": "IEHK2006,kit,suppl.1-drugs",
            "sales_order": 5,
            "net_price": "343.1900",
            "item": 15,
            "delivery_date": "2014-09-15",
            "net_value": "10295.7000",
            "quantity": 30
        },
        "model": "eums.salesorderitem",
        "pk": 13
    },
    {
        "fields": {
            "issue_date": "2014-09-01",
            "description": "IEHK2006,kit,suppl.1-drugs",
            "sales_order": 5,
            "net_price": "2215.8600",
            "item": 16,
            "delivery_date": "2014-09-29",
            "net_value": "15511.0200",
            "quantity": 7
        },
        "model": "eums.salesorderitem",
        "pk": 14
    },
    {
        "fields": {
            "issue_date": "2014-10-01",
            "description": "MAMA KITS, CLEAN DELIVERY KITS",
            "sales_order": 6,
            "net_price": "29.8400",
            "item": 17,
            "delivery_date": "2014-10-07",
            "net_value": "65648.0000",
            "quantity": 2200
        },
        "model": "eums.salesorderitem",
        "pk": 15
    },
    {
        "fields": {
            "issue_date": "2014-10-01",
            "description": "IEHK2006,kit,suppl.1-drugs",
            "sales_order": 6,
            "net_price": "2215.8700",
            "item": 18,
            "delivery_date": "2014-10-13",
            "net_value": "2215.8700",
            "quantity": 1
        },
        "model": "eums.salesorderitem",
        "pk": 16
    },
    {
        "fields": {
            "item": 3,
            "remark": "SAFE Programme",
            "planned_distribution_date": "2014-10-06",
            "distribution_plan_node": 5,
            "targeted_quantity": 100
        },
        "model": "eums.distributionplanlineitem",
        "pk": 9
    },
    {
        "fields": {
            "item": 3,
            "remark": "Safe Programme",
            "planned_distribution_date": "2014-10-06",
            "distribution_plan_node": 6,
            "targeted_quantity": 30
        },
        "model": "eums.distributionplanlineitem",
        "pk": 10
    },
    {
        "fields": {
            "item": 3,
            "remark": "Safe Programme",
            "planned_distribution_date": "2014-10-06",
            "distribution_plan_node": 7,
            "targeted_quantity": 30
        },
        "model": "eums.distributionplanlineitem",
        "pk": 11
    },
    {
        "fields": {
            "item": 3,
            "remark": "Safe Programme",
            "planned_distribution_date": "2014-10-06",
            "distribution_plan_node": 8,
            "targeted_quantity": 10
        },
        "model": "eums.distributionplanlineitem",
        "pk": 12
    },
    {
        "fields": {
            "item": 3,
            "remark": "Safe Programme",
            "planned_distribution_date": "2014-10-06",
            "distribution_plan_node": 9,
            "targeted_quantity": 10
        },
        "model": "eums.distributionplanlineitem",
        "pk": 13
    },
    {
        "fields": {
            "item": 3,
            "remark": "Safe Programme",
            "planned_distribution_date": "2014-10-06",
            "distribution_plan_node": 10,
            "targeted_quantity": 30
        },
        "model": "eums.distributionplanlineitem",
        "pk": 14
    },
    {
        "fields": {
            "item": 3,
            "remark": "Safe Programme",
            "planned_distribution_date": "2014-10-06",
            "distribution_plan_node": 11,
            "targeted_quantity": 20
        },
        "model": "eums.distributionplanlineitem",
        "pk": 15
    },
    {
        "fields": {
            "item": 3,
            "remark": "Safe ",
            "planned_distribution_date": "2014-10-06",
            "distribution_plan_node": 12,
            "targeted_quantity": 150
        },
        "model": "eums.distributionplanlineitem",
        "pk": 16
    },
    {
        "fields": {
            "item": 13,
            "remark": "Mother and Child",
            "planned_distribution_date": "2014-10-01",
            "distribution_plan_node": 13,
            "targeted_quantity": 1
        },
        "model": "eums.distributionplanlineitem",
        "pk": 17
    },
    {
        "fields": {
            "item": 13,
            "remark": "Mother and child",
            "planned_distribution_date": "2014-09-29",
            "distribution_plan_node": 17,
            "targeted_quantity": 1
        },
        "model": "eums.distributionplanlineitem",
        "pk": 18
    },
    {
        "fields": {
            "item": 14,
            "remark": "Mother and child",
            "planned_distribution_date": "2014-09-22",
            "distribution_plan_node": 16,
            "targeted_quantity": 1
        },
        "model": "eums.distributionplanlineitem",
        "pk": 19
    },
    {
        "fields": {
            "status": "completed",
            "phone": "0794008951",
            "scheduled_message_task_id": "rgwfq7916791hson",
            "node_line_item": 9
        },
        "model": "eums.nodelineitemrun",
        "pk": 7
    },
    {
        "fields": {
            "status": "completed",
            "phone": "0794008951",
            "scheduled_message_task_id": "6wth778hjkavbnna",
            "node_line_item": 9
        },
        "model": "eums.nodelineitemrun",
        "pk": 8
    },
    {
        "fields": {
            "status": "completed",
            "phone": "0794008952",
            "scheduled_message_task_id": "682578913",
            "node_line_item": 10
        },
        "model": "eums.nodelineitemrun",
        "pk": 9
    },
    {
        "fields": {
            "status": "completed",
            "phone": "0794008953",
            "scheduled_message_task_id": "672hj789qwhjao",
            "node_line_item": 11
        },
        "model": "eums.nodelineitemrun",
        "pk": 10
    },
    {
        "fields": {
            "status": "completed",
            "phone": "0794008954",
            "scheduled_message_task_id": "78uyjha89q",
            "node_line_item": 11
        },
        "model": "eums.nodelineitemrun",
        "pk": 11
    },
    {
        "fields": {
            "status": "completed",
            "phone": "0794008955",
            "scheduled_message_task_id": "78hha899hjnma",
            "node_line_item": 12
        },
        "model": "eums.nodelineitemrun",
        "pk": 12
    },
    {
        "fields": {
            "status": "completed",
            "phone": "0794008956",
            "scheduled_message_task_id": "77gg5tqi9h4",
            "node_line_item": 13
        },
        "model": "eums.nodelineitemrun",
        "pk": 13
    },
    {
        "fields": {
            "status": "completed",
            "phone": "0794008957",
            "scheduled_message_task_id": "75ths996an",
            "node_line_item": 14
        },
        "model": "eums.nodelineitemrun",
        "pk": 14
    },
    {
        "fields": {
            "status": "completed",
            "phone": "0794008957",
            "scheduled_message_task_id": "68gha578qhha",
            "node_line_item": 15
        },
        "model": "eums.nodelineitemrun",
        "pk": 15
    },
    {
        "fields": {
            "status": "completed",
            "phone": "0794008958",
            "scheduled_message_task_id": "788hhat68a",
            "node_line_item": 16
        },
        "model": "eums.nodelineitemrun",
        "pk": 16
    },
    {
        "fields": {
            "status": "completed",
            "phone": "0794008959",
            "scheduled_message_task_id": "ut7q9uba9jn",
            "node_line_item": 16
        },
        "model": "eums.nodelineitemrun",
        "pk": 17
    },
    {
        "fields": {
            "status": "completed",
            "phone": "0794008960",
            "scheduled_message_task_id": "h67q9ha9ian",
            "node_line_item": 17
        },
        "model": "eums.nodelineitemrun",
        "pk": 18
    },
    {
        "fields": {
            "status": "completed",
            "phone": "0794008961",
            "scheduled_message_task_id": "8hh9hgynn8wb",
            "node_line_item": 18
        },
        "model": "eums.nodelineitemrun",
        "pk": 19
    },
    {
        "fields": {
            "status": "completed",
            "phone": "0794008962",
            "scheduled_message_task_id": "7v469qgudidb",
            "node_line_item": 19
        },
        "model": "eums.nodelineitemrun",
        "pk": 20
    },
    {
        "fields": {
            "status": "completed",
            "phone": "0794008963",
            "scheduled_message_task_id": "7i8tgj9hb",
            "node_line_item": 19
        },
        "model": "eums.nodelineitemrun",
        "pk": 21
    },
    {
        "fields": {
            "status": "completed",
            "phone": "0794008964",
            "scheduled_message_task_id": "786719816",
            "node_line_item": 17
        },
        "model": "eums.nodelineitemrun",
        "pk": 22
    },
    {
        "fields": {
            "status": "completed",
            "phone": "0794008965",
            "scheduled_message_task_id": "88528917712",
            "node_line_item": 9
        },
        "model": "eums.nodelineitemrun",
        "pk": 23
    },
    {
        "fields": {
            "text": "Was product received?",
            "uuids": "[\"2ff9fab3-4c12-400e-a2fe-4551fa1ebc18\", \"93bbd12e-417c-4789-9c42-6dc6959c03be\", \"53a31c08-896e-43b2-bd1f-e5a527d389b9\", \"b8189435-a6b5-42a0-b5b0-91c95484dae1\"]",
            "label": "productReceived"
        },
        "model": "eums.question",
        "pk": 1
    },
    {
        "fields": {
            "text": "What date was it received?",
            "uuids": "[\"abc9c005-7a7c-44f8-b946-e970a361b6cf\", \"884ed6d8-1cef-4878-999d-bce7de85e27c\"]",
            "label": "dateOfReceipt"
        },
        "model": "eums.question",
        "pk": 2
    },
    {
        "fields": {
            "text": "How much was received?",
            "uuids": "[\"69de6032-f4de-412a-9c9e-ed98fb9bca93\", \"9af2907a-d3a6-41ee-8a12-0b3197d30baf\"]",
            "label": "amountReceived"
        },
        "model": "eums.question",
        "pk": 3
    },
    {
        "fields": {
            "text": "What is the quality of the product?",
            "uuids": "[\"6c1cf92d-59b8-4bd3-815b-783abd3dfad9\", \"fe368546-1b9c-4a15-926d-68b7caaa0380\"]",
            "label": "qualityOfProduct"
        },
        "model": "eums.question",
        "pk": 4
    },
    {
        "fields": {
            "text": "Are you satisfied with the product?",
            "uuids": "[\"7a5c8f57-5c3f-4659-b717-0de556898157\", \"dc27480e-4931-46a8-9bea-ad0dadbec1d8\"]",
            "label": "satisfiedWithProduct"
        },
        "model": "eums.question",
        "pk": 5
    },
    {
        "fields": {
            "text": "Have you been informed of the delay?",
            "uuids": "[\"18b2ea96-cb63-40d8-8c26-1985a944ff1c\", \"84150f15-b18b-4efa-be6b-ad24bc68a08f\", \"4e46a52d-8ea1-4bc4-824c-f8da74ce7ad0\", \"269aa1f7-7ca5-46f6-9bc0-6ad3fb7a5629\"]",
            "label": "informedOfDelay"
        },
        "model": "eums.question",
        "pk": 6
    },
    {
        "fields": {
            "text": "What did the partner say is the revised delivery date?",
            "uuids": "[\"e9c35020-e751-4611-b222-5573b7040c49\", \"3f5d290a-067d-4cb9-bb09-ed7c424a6abd\"]",
            "label": "revisedDeliveryDate"
        },
        "model": "eums.question",
        "pk": 7
    },
    {
        "fields": {
            "text": "Feedback about Dissatisfaction",
            "uuids": "[\"4dd1a813-27d4-4511-82e3-cc470fcd3baa\"]",
            "label": "feedbackAboutDissatisfaction"
        },
        "model": "eums.question",
        "pk": 8
    },
    {
        "fields": {},
        "model": "eums.numericquestion",
        "pk": 3
    },
    {
        "fields": {},
        "model": "eums.textquestion",
        "pk": 2
    },
    {
        "fields": {},
        "model": "eums.textquestion",
        "pk": 7
    },
    {
        "fields": {},
        "model": "eums.textquestion",
        "pk": 8
    },
    {
        "fields": {},
        "model": "eums.multiplechoicequestion",
        "pk": 1
    },
    {
        "fields": {},
        "model": "eums.multiplechoicequestion",
        "pk": 4
    },
    {
        "fields": {},
        "model": "eums.multiplechoicequestion",
        "pk": 5
    },
    {
        "fields": {},
        "model": "eums.multiplechoicequestion",
        "pk": 6
    },
    {
        "fields": {
            "text": "Yes",
            "question": 1
        },
        "model": "eums.option",
        "pk": 1
    },
    {
        "fields": {
            "text": "Damaged",
            "question": 4
        },
        "model": "eums.option",
        "pk": 2
    },
    {
        "fields": {
            "text": "Good",
            "question": 4
        },
        "model": "eums.option",
        "pk": 3
    },
    {
        "fields": {
            "text": "Expired",
            "question": 4
        },
        "model": "eums.option",
        "pk": 4
    },
    {
        "fields": {
            "text": "No",
            "question": 5
        },
        "model": "eums.option",
        "pk": 5
    },
    {
        "fields": {
            "text": "Yes",
            "question": 5
        },
        "model": "eums.option",
        "pk": 6
    },
    {
        "fields": {
            "line_item_run": 7,
            "question": 2,
            "value": "6/10/2014"
        },
        "model": "eums.textanswer",
        "pk": 1
    },
    {
        "fields": {
            "line_item_run": 7,
            "question": 8,
            "value": "they were damaged"
        },
        "model": "eums.textanswer",
        "pk": 2
    },
    {
        "fields": {
            "line_item_run": 7,
            "question": 7,
            "value": "didnt not specify"
        },
        "model": "eums.textanswer",
        "pk": 3
    },
    {
        "fields": {
            "line_item_run": 7,
            "question": 3,
            "value": 50
        },
        "model": "eums.numericanswer",
        "pk": 1
    },
    {
        "fields": {
            "line_item_run": 8,
            "question": 3,
            "value": 10
        },
        "model": "eums.numericanswer",
        "pk": 2
    },
    {
        "fields": {
            "line_item_run": 9,
            "question": 3,
            "value": 30
        },
        "model": "eums.numericanswer",
        "pk": 3
    },
    {
        "fields": {
            "line_item_run": 10,
            "question": 3,
            "value": 20
        },
        "model": "eums.numericanswer",
        "pk": 4
    },
    {
        "fields": {
            "line_item_run": 11,
            "question": 3,
            "value": 30
        },
        "model": "eums.numericanswer",
        "pk": 5
    },
    {
        "fields": {
            "line_item_run": 12,
            "question": 3,
            "value": 20
        },
        "model": "eums.numericanswer",
        "pk": 6
    },
    {
        "fields": {
            "line_item_run": 12,
            "question": 3,
            "value": 50
        },
        "model": "eums.numericanswer",
        "pk": 7
    },
    {
        "fields": {
            "line_item_run": 14,
            "question": 3,
            "value": 20
        },
        "model": "eums.numericanswer",
        "pk": 8
    },
    {
        "fields": {
            "line_item_run": 16,
            "question": 3,
            "value": 60
        },
        "model": "eums.numericanswer",
        "pk": 9
    },
    {
        "fields": {
            "line_item_run": 16,
            "question": 3,
            "value": 20
        },
        "model": "eums.numericanswer",
        "pk": 10
    },
    {
        "fields": {
            "line_item_run": 17,
            "question": 3,
            "value": 100
        },
        "model": "eums.numericanswer",
        "pk": 11
    },
    {
        "fields": {
            "line_item_run": 18,
            "question": 3,
            "value": 20
        },
        "model": "eums.numericanswer",
        "pk": 12
    },
    {
        "fields": {
            "line_item_run": 20,
            "question": 3,
            "value": 30
        },
        "model": "eums.numericanswer",
        "pk": 13
    },
    {
        "fields": {
            "line_item_run": 20,
            "question": 3,
            "value": 30
        },
        "model": "eums.numericanswer",
        "pk": 14
    },
    {
        "fields": {
            "line_item_run": 22,
            "question": 3,
            "value": 39
        },
        "model": "eums.numericanswer",
        "pk": 15
    },
    {
        "fields": {
            "line_item_run": 23,
            "question": 3,
            "value": 1
        },
        "model": "eums.numericanswer",
        "pk": 16
    },
    {
        "fields": {
            "line_item_run": 7,
            "question": 1,
            "value": 1
        },
        "model": "eums.multiplechoiceanswer",
        "pk": 1
    },
    {
        "fields": {
            "line_item_run": 7,
            "question": 4,
            "value": 2
        },
        "model": "eums.multiplechoiceanswer",
        "pk": 2
    },
    {
        "fields": {
            "line_item_run": 7,
            "question": 5,
            "value": 5
        },
        "model": "eums.multiplechoiceanswer",
        "pk": 3
    },
    {
        "fields": {
            "line_item_run": 7,
            "question": 6,
            "value": 5
        },
        "model": "eums.multiplechoiceanswer",
        "pk": 4
    },
    {
        "fields": {
            "line_item_run": 8,
            "question": 1,
            "value": 1
        },
        "model": "eums.multiplechoiceanswer",
        "pk": 5
    },
    {
        "fields": {
            "line_item_run": 7,
            "question": 4,
            "value": 3
        },
        "model": "eums.multiplechoiceanswer",
        "pk": 6
    },
    {
        "fields": {
            "line_item_run": 7,
            "question": 5,
            "value": 1
        },
        "model": "eums.multiplechoiceanswer",
        "pk": 7
    },
    {
        "fields": {
            "line_item_run": 9,
            "question": 1,
            "value": 5
        },
        "model": "eums.multiplechoiceanswer",
        "pk": 8
    },
    {
        "fields": {
            "line_item_run": 9,
            "question": 6,
            "value": 5
        },
        "model": "eums.multiplechoiceanswer",
        "pk": 9
    },
    {
        "fields": {
            "line_item_run": 10,
            "question": 1,
            "value": 1
        },
        "model": "eums.multiplechoiceanswer",
        "pk": 10
    },
    {
        "fields": {
            "line_item_run": 10,
            "question": 4,
            "value": 4
        },
        "model": "eums.multiplechoiceanswer",
        "pk": 11
    },
    {
        "fields": {
            "line_item_run": 10,
            "question": 5,
            "value": 5
        },
        "model": "eums.multiplechoiceanswer",
        "pk": 12
    },
    {
        "fields": {
            "line_item_run": 11,
            "question": 1,
            "value": 1
        },
        "model": "eums.multiplechoiceanswer",
        "pk": 13
    },
    {
        "fields": {
            "line_item_run": 11,
            "question": 4,
            "value": 2
        },
        "model": "eums.multiplechoiceanswer",
        "pk": 14
    },
    {
        "fields": {
            "line_item_run": 11,
            "question": 5,
            "value": 5
        },
        "model": "eums.multiplechoiceanswer",
        "pk": 15
    },
    {
        "fields": {
            "line_item_run": 12,
            "question": 1,
            "value": 1
        },
        "model": "eums.multiplechoiceanswer",
        "pk": 16
    },
    {
        "fields": {
            "line_item_run": 12,
            "question": 4,
            "value": 3
        },
        "model": "eums.multiplechoiceanswer",
        "pk": 17
    },
    {
        "fields": {
            "line_item_run": 12,
            "question": 5,
            "value": 1
        },
        "model": "eums.multiplechoiceanswer",
        "pk": 18
    },
    {
        "fields": {
            "line_item_run": 13,
            "question": 1,
            "value": 1
        },
        "model": "eums.multiplechoiceanswer",
        "pk": 19
    },
    {
        "fields": {
            "line_item_run": 13,
            "question": 4,
            "value": 3
        },
        "model": "eums.multiplechoiceanswer",
        "pk": 20
    },
    {
        "fields": {
            "line_item_run": 13,
            "question": 5,
            "value": 1
        },
        "model": "eums.multiplechoiceanswer",
        "pk": 21
    },
    {
        "fields": {
            "line_item_run": 14,
            "question": 1,
            "value": 5
        },
        "model": "eums.multiplechoiceanswer",
        "pk": 22
    },
    {
        "fields": {
            "line_item_run": 14,
            "question": 6,
            "value": 1
        },
        "model": "eums.multiplechoiceanswer",
        "pk": 23
    },
    {
        "fields": {
            "line_item_run": 15,
            "question": 1,
            "value": 1
        },
        "model": "eums.multiplechoiceanswer",
        "pk": 24
    },
    {
        "fields": {
            "line_item_run": 15,
            "question": 4,
            "value": 3
        },
        "model": "eums.multiplechoiceanswer",
        "pk": 25
    },
    {
        "fields": {
            "line_item_run": 15,
            "question": 5,
            "value": 1
        },
        "model": "eums.multiplechoiceanswer",
        "pk": 26
    },
    {
        "fields": {
            "line_item_run": 16,
            "question": 1,
            "value": 1
        },
        "model": "eums.multiplechoiceanswer",
        "pk": 27
    },
    {
        "fields": {
            "line_item_run": 16,
            "question": 5,
            "value": 6
        },
        "model": "eums.multiplechoiceanswer",
        "pk": 28
    },
    {
        "fields": {
            "line_item_run": 17,
            "question": 1,
            "value": 5
        },
        "model": "eums.multiplechoiceanswer",
        "pk": 29
    },
    {
        "fields": {
            "line_item_run": 17,
            "question": 6,
            "value": 5
        },
        "model": "eums.multiplechoiceanswer",
        "pk": 30
    },
    {
        "fields": {
            "line_item_run": 18,
            "question": 1,
            "value": 1
        },
        "model": "eums.multiplechoiceanswer",
        "pk": 31
    },
    {
        "fields": {
            "line_item_run": 17,
            "question": 4,
            "value": 2
        },
        "model": "eums.multiplechoiceanswer",
        "pk": 32
    },
    {
        "fields": {
            "line_item_run": 18,
            "question": 5,
            "value": 5
        },
        "model": "eums.multiplechoiceanswer",
        "pk": 33
    },
    {
        "fields": {
            "line_item_run": 19,
            "question": 1,
            "value": 1
        },
        "model": "eums.multiplechoiceanswer",
        "pk": 34
    },
    {
        "fields": {
            "line_item_run": 19,
            "question": 4,
            "value": 3
        },
        "model": "eums.multiplechoiceanswer",
        "pk": 35
    },
    {
        "fields": {
            "line_item_run": 19,
            "question": 5,
            "value": 1
        },
        "model": "eums.multiplechoiceanswer",
        "pk": 36
    },
    {
        "fields": {
            "line_item_run": 20,
            "question": 1,
            "value": 5
        },
        "model": "eums.multiplechoiceanswer",
        "pk": 37
    },
    {
        "fields": {
            "line_item_run": 20,
            "question": 6,
            "value": 1
        },
        "model": "eums.multiplechoiceanswer",
        "pk": 38
    },
    {
        "fields": {
            "line_item_run": 21,
            "question": 1,
            "value": 1
        },
        "model": "eums.multiplechoiceanswer",
        "pk": 39
    },
    {
        "fields": {
            "line_item_run": 21,
            "question": 4,
            "value": 2
        },
        "model": "eums.multiplechoiceanswer",
        "pk": 40
    },
    {
        "fields": {
            "line_item_run": 21,
            "question": 5,
            "value": 5
        },
        "model": "eums.multiplechoiceanswer",
        "pk": 41
    },
    {
        "fields": {
            "line_item_run": 22,
            "question": 1,
            "value": 1
        },
        "model": "eums.multiplechoiceanswer",
        "pk": 42
    },
    {
        "fields": {
            "line_item_run": 22,
            "question": 4,
            "value": 2
        },
        "model": "eums.multiplechoiceanswer",
        "pk": 43
    },
    {
        "fields": {
            "line_item_run": 22,
            "question": 5,
            "value": 5
        },
        "model": "eums.multiplechoiceanswer",
        "pk": 44
    },
    {
        "fields": {
            "line_item_run": 23,
            "question": 1,
            "value": 1
        },
        "model": "eums.multiplechoiceanswer",
        "pk": 45
    },
    {
        "fields": {
            "line_item_run": 23,
            "question": 4,
            "value": 2
        },
        "model": "eums.multiplechoiceanswer",
        "pk": 46
    },
    {
        "fields": {
            "line_item_run": 23,
            "question": 5,
            "value": 5
        },
        "model": "eums.multiplechoiceanswer",
        "pk": 47
    },
    {
        "fields": {
            "end_nodes": "[[4, 6], [4, 7], [4, 8], [4, 4], [5, 10], [6, 14], [7, -1], [8, -1]]",
            "for_node_type": "END_USER",
            "rapid_pro_id": 2436
        },
        "model": "eums.flow",
        "pk": 3
    },
    {
        "fields": {
            "end_nodes": "[[3, -1], [6, 14], [7, -1]]",
            "for_node_type": "MIDDLE_MAN",
            "rapid_pro_id": 2662
        },
        "model": "eums.flow",
        "pk": 4
    },
    {
        "fields": {
            "codename": "add_logentry",
            "name": "Can add log entry",
            "content_type": 1
        },
        "model": "auth.permission",
        "pk": 1
    },
    {
        "fields": {
            "codename": "change_logentry",
            "name": "Can change log entry",
            "content_type": 1
        },
        "model": "auth.permission",
        "pk": 2
    },
    {
        "fields": {
            "codename": "delete_logentry",
            "name": "Can delete log entry",
            "content_type": 1
        },
        "model": "auth.permission",
        "pk": 3
    },
    {
        "fields": {
            "codename": "add_permission",
            "name": "Can add permission",
            "content_type": 2
        },
        "model": "auth.permission",
        "pk": 4
    },
    {
        "fields": {
            "codename": "change_permission",
            "name": "Can change permission",
            "content_type": 2
        },
        "model": "auth.permission",
        "pk": 5
    },
    {
        "fields": {
            "codename": "delete_permission",
            "name": "Can delete permission",
            "content_type": 2
        },
        "model": "auth.permission",
        "pk": 6
    },
    {
        "fields": {
            "codename": "add_group",
            "name": "Can add group",
            "content_type": 3
        },
        "model": "auth.permission",
        "pk": 7
    },
    {
        "fields": {
            "codename": "change_group",
            "name": "Can change group",
            "content_type": 3
        },
        "model": "auth.permission",
        "pk": 8
    },
    {
        "fields": {
            "codename": "delete_group",
            "name": "Can delete group",
            "content_type": 3
        },
        "model": "auth.permission",
        "pk": 9
    },
    {
        "fields": {
            "codename": "add_user",
            "name": "Can add user",
            "content_type": 4
        },
        "model": "auth.permission",
        "pk": 10
    },
    {
        "fields": {
            "codename": "change_user",
            "name": "Can change user",
            "content_type": 4
        },
        "model": "auth.permission",
        "pk": 11
    },
    {
        "fields": {
            "codename": "delete_user",
            "name": "Can delete user",
            "content_type": 4
        },
        "model": "auth.permission",
        "pk": 12
    },
    {
        "fields": {
            "codename": "add_contenttype",
            "name": "Can add content type",
            "content_type": 5
        },
        "model": "auth.permission",
        "pk": 13
    },
    {
        "fields": {
            "codename": "change_contenttype",
            "name": "Can change content type",
            "content_type": 5
        },
        "model": "auth.permission",
        "pk": 14
    },
    {
        "fields": {
            "codename": "delete_contenttype",
            "name": "Can delete content type",
            "content_type": 5
        },
        "model": "auth.permission",
        "pk": 15
    },
    {
        "fields": {
            "codename": "add_session",
            "name": "Can add session",
            "content_type": 6
        },
        "model": "auth.permission",
        "pk": 16
    },
    {
        "fields": {
            "codename": "change_session",
            "name": "Can change session",
            "content_type": 6
        },
        "model": "auth.permission",
        "pk": 17
    },
    {
        "fields": {
            "codename": "delete_session",
            "name": "Can delete session",
            "content_type": 6
        },
        "model": "auth.permission",
        "pk": 18
    },
    {
        "fields": {
            "codename": "add_programme",
            "name": "Can add programme",
            "content_type": 7
        },
        "model": "auth.permission",
        "pk": 19
    },
    {
        "fields": {
            "codename": "change_programme",
            "name": "Can change programme",
            "content_type": 7
        },
        "model": "auth.permission",
        "pk": 20
    },
    {
        "fields": {
            "codename": "delete_programme",
            "name": "Can delete programme",
            "content_type": 7
        },
        "model": "auth.permission",
        "pk": 21
    },
    {
        "fields": {
            "codename": "add_distributionplan",
            "name": "Can add distribution plan",
            "content_type": 8
        },
        "model": "auth.permission",
        "pk": 22
    },
    {
        "fields": {
            "codename": "change_distributionplan",
            "name": "Can change distribution plan",
            "content_type": 8
        },
        "model": "auth.permission",
        "pk": 23
    },
    {
        "fields": {
            "codename": "delete_distributionplan",
            "name": "Can delete distribution plan",
            "content_type": 8
        },
        "model": "auth.permission",
        "pk": 24
    },
    {
        "fields": {
            "codename": "add_consignee",
            "name": "Can add consignee",
            "content_type": 9
        },
        "model": "auth.permission",
        "pk": 25
    },
    {
        "fields": {
            "codename": "change_consignee",
            "name": "Can change consignee",
            "content_type": 9
        },
        "model": "auth.permission",
        "pk": 26
    },
    {
        "fields": {
            "codename": "delete_consignee",
            "name": "Can delete consignee",
            "content_type": 9
        },
        "model": "auth.permission",
        "pk": 27
    },
    {
        "fields": {
            "codename": "add_itemunit",
            "name": "Can add item unit",
            "content_type": 10
        },
        "model": "auth.permission",
        "pk": 28
    },
    {
        "fields": {
            "codename": "change_itemunit",
            "name": "Can change item unit",
            "content_type": 10
        },
        "model": "auth.permission",
        "pk": 29
    },
    {
        "fields": {
            "codename": "delete_itemunit",
            "name": "Can delete item unit",
            "content_type": 10
        },
        "model": "auth.permission",
        "pk": 30
    },
    {
        "fields": {
            "codename": "add_item",
            "name": "Can add item",
            "content_type": 11
        },
        "model": "auth.permission",
        "pk": 31
    },
    {
        "fields": {
            "codename": "change_item",
            "name": "Can change item",
            "content_type": 11
        },
        "model": "auth.permission",
        "pk": 32
    },
    {
        "fields": {
            "codename": "delete_item",
            "name": "Can delete item",
            "content_type": 11
        },
        "model": "auth.permission",
        "pk": 33
    },
    {
        "fields": {
            "codename": "add_distributionplannode",
            "name": "Can add distribution plan node",
            "content_type": 12
        },
        "model": "auth.permission",
        "pk": 34
    },
    {
        "fields": {
            "codename": "change_distributionplannode",
            "name": "Can change distribution plan node",
            "content_type": 12
        },
        "model": "auth.permission",
        "pk": 35
    },
    {
        "fields": {
            "codename": "delete_distributionplannode",
            "name": "Can delete distribution plan node",
            "content_type": 12
        },
        "model": "auth.permission",
        "pk": 36
    },
    {
        "fields": {
            "codename": "add_salesorder",
            "name": "Can add sales order",
            "content_type": 13
        },
        "model": "auth.permission",
        "pk": 37
    },
    {
        "fields": {
            "codename": "change_salesorder",
            "name": "Can change sales order",
            "content_type": 13
        },
        "model": "auth.permission",
        "pk": 38
    },
    {
        "fields": {
            "codename": "delete_salesorder",
            "name": "Can delete sales order",
            "content_type": 13
        },
        "model": "auth.permission",
        "pk": 39
    },
    {
        "fields": {
            "codename": "add_salesorderitem",
            "name": "Can add sales order item",
            "content_type": 14
        },
        "model": "auth.permission",
        "pk": 40
    },
    {
        "fields": {
            "codename": "change_salesorderitem",
            "name": "Can change sales order item",
            "content_type": 14
        },
        "model": "auth.permission",
        "pk": 41
    },
    {
        "fields": {
            "codename": "delete_salesorderitem",
            "name": "Can delete sales order item",
            "content_type": 14
        },
        "model": "auth.permission",
        "pk": 42
    },
    {
        "fields": {
            "codename": "add_distributionplanlineitem",
            "name": "Can add distribution plan line item",
            "content_type": 15
        },
        "model": "auth.permission",
        "pk": 43
    },
    {
        "fields": {
            "codename": "change_distributionplanlineitem",
            "name": "Can change distribution plan line item",
            "content_type": 15
        },
        "model": "auth.permission",
        "pk": 44
    },
    {
        "fields": {
            "codename": "delete_distributionplanlineitem",
            "name": "Can delete distribution plan line item",
            "content_type": 15
        },
        "model": "auth.permission",
        "pk": 45
    },
    {
        "fields": {
            "codename": "add_nodelineitemrun",
            "name": "Can add node line item run",
            "content_type": 16
        },
        "model": "auth.permission",
        "pk": 46
    },
    {
        "fields": {
            "codename": "change_nodelineitemrun",
            "name": "Can change node line item run",
            "content_type": 16
        },
        "model": "auth.permission",
        "pk": 47
    },
    {
        "fields": {
            "codename": "delete_nodelineitemrun",
            "name": "Can delete node line item run",
            "content_type": 16
        },
        "model": "auth.permission",
        "pk": 48
    },
    {
        "fields": {
            "codename": "add_question",
            "name": "Can add question",
            "content_type": 17
        },
        "model": "auth.permission",
        "pk": 49
    },
    {
        "fields": {
            "codename": "change_question",
            "name": "Can change question",
            "content_type": 17
        },
        "model": "auth.permission",
        "pk": 50
    },
    {
        "fields": {
            "codename": "delete_question",
            "name": "Can delete question",
            "content_type": 17
        },
        "model": "auth.permission",
        "pk": 51
    },
    {
        "fields": {
            "codename": "add_numericquestion",
            "name": "Can add numeric question",
            "content_type": 18
        },
        "model": "auth.permission",
        "pk": 52
    },
    {
        "fields": {
            "codename": "change_numericquestion",
            "name": "Can change numeric question",
            "content_type": 18
        },
        "model": "auth.permission",
        "pk": 53
    },
    {
        "fields": {
            "codename": "delete_numericquestion",
            "name": "Can delete numeric question",
            "content_type": 18
        },
        "model": "auth.permission",
        "pk": 54
    },
    {
        "fields": {
            "codename": "add_textquestion",
            "name": "Can add text question",
            "content_type": 19
        },
        "model": "auth.permission",
        "pk": 55
    },
    {
        "fields": {
            "codename": "change_textquestion",
            "name": "Can change text question",
            "content_type": 19
        },
        "model": "auth.permission",
        "pk": 56
    },
    {
        "fields": {
            "codename": "delete_textquestion",
            "name": "Can delete text question",
            "content_type": 19
        },
        "model": "auth.permission",
        "pk": 57
    },
    {
        "fields": {
            "codename": "add_multiplechoicequestion",
            "name": "Can add multiple choice question",
            "content_type": 20
        },
        "model": "auth.permission",
        "pk": 58
    },
    {
        "fields": {
            "codename": "change_multiplechoicequestion",
            "name": "Can change multiple choice question",
            "content_type": 20
        },
        "model": "auth.permission",
        "pk": 59
    },
    {
        "fields": {
            "codename": "delete_multiplechoicequestion",
            "name": "Can delete multiple choice question",
            "content_type": 20
        },
        "model": "auth.permission",
        "pk": 60
    },
    {
        "fields": {
            "codename": "add_option",
            "name": "Can add option",
            "content_type": 21
        },
        "model": "auth.permission",
        "pk": 61
    },
    {
        "fields": {
            "codename": "change_option",
            "name": "Can change option",
            "content_type": 21
        },
        "model": "auth.permission",
        "pk": 62
    },
    {
        "fields": {
            "codename": "delete_option",
            "name": "Can delete option",
            "content_type": 21
        },
        "model": "auth.permission",
        "pk": 63
    },
    {
        "fields": {
            "codename": "add_textanswer",
            "name": "Can add text answer",
            "content_type": 22
        },
        "model": "auth.permission",
        "pk": 64
    },
    {
        "fields": {
            "codename": "change_textanswer",
            "name": "Can change text answer",
            "content_type": 22
        },
        "model": "auth.permission",
        "pk": 65
    },
    {
        "fields": {
            "codename": "delete_textanswer",
            "name": "Can delete text answer",
            "content_type": 22
        },
        "model": "auth.permission",
        "pk": 66
    },
    {
        "fields": {
            "codename": "add_numericanswer",
            "name": "Can add numeric answer",
            "content_type": 23
        },
        "model": "auth.permission",
        "pk": 67
    },
    {
        "fields": {
            "codename": "change_numericanswer",
            "name": "Can change numeric answer",
            "content_type": 23
        },
        "model": "auth.permission",
        "pk": 68
    },
    {
        "fields": {
            "codename": "delete_numericanswer",
            "name": "Can delete numeric answer",
            "content_type": 23
        },
        "model": "auth.permission",
        "pk": 69
    },
    {
        "fields": {
            "codename": "add_multiplechoiceanswer",
            "name": "Can add multiple choice answer",
            "content_type": 24
        },
        "model": "auth.permission",
        "pk": 70
    },
    {
        "fields": {
            "codename": "change_multiplechoiceanswer",
            "name": "Can change multiple choice answer",
            "content_type": 24
        },
        "model": "auth.permission",
        "pk": 71
    },
    {
        "fields": {
            "codename": "delete_multiplechoiceanswer",
            "name": "Can delete multiple choice answer",
            "content_type": 24
        },
        "model": "auth.permission",
        "pk": 72
    },
    {
        "fields": {
            "codename": "add_runqueue",
            "name": "Can add run queue",
            "content_type": 25
        },
        "model": "auth.permission",
        "pk": 73
    },
    {
        "fields": {
            "codename": "change_runqueue",
            "name": "Can change run queue",
            "content_type": 25
        },
        "model": "auth.permission",
        "pk": 74
    },
    {
        "fields": {
            "codename": "delete_runqueue",
            "name": "Can delete run queue",
            "content_type": 25
        },
        "model": "auth.permission",
        "pk": 75
    },
    {
        "fields": {
            "codename": "add_flow",
            "name": "Can add flow",
            "content_type": 26
        },
        "model": "auth.permission",
        "pk": 76
    },
    {
        "fields": {
            "codename": "change_flow",
            "name": "Can change flow",
            "content_type": 26
        },
        "model": "auth.permission",
        "pk": 77
    },
    {
        "fields": {
            "codename": "delete_flow",
            "name": "Can delete flow",
            "content_type": 26
        },
        "model": "auth.permission",
        "pk": 78
    },
    {
        "fields": {
            "codename": "add_releaseorder",
            "name": "Can add release order",
            "content_type": 27
        },
        "model": "auth.permission",
        "pk": 79
    },
    {
        "fields": {
            "codename": "change_releaseorder",
            "name": "Can change release order",
            "content_type": 27
        },
        "model": "auth.permission",
        "pk": 80
    },
    {
        "fields": {
            "codename": "delete_releaseorder",
            "name": "Can delete release order",
            "content_type": 27
        },
        "model": "auth.permission",
        "pk": 81
    },
    {
        "fields": {
            "codename": "add_releaseorderitem",
            "name": "Can add release order item",
            "content_type": 28
        },
        "model": "auth.permission",
        "pk": 82
    },
    {
        "fields": {
            "codename": "change_releaseorderitem",
            "name": "Can change release order item",
            "content_type": 28
        },
        "model": "auth.permission",
        "pk": 83
    },
    {
        "fields": {
            "codename": "delete_releaseorderitem",
            "name": "Can delete release order item",
            "content_type": 28
        },
        "model": "auth.permission",
        "pk": 84
    },
    {
        "fields": {
            "username": "admin",
            "first_name": "",
            "last_name": "",
            "is_active": true,
            "is_superuser": true,
            "is_staff": true,
            "last_login": "2014-10-16T19:14:53.480",
            "groups": [],
            "user_permissions": [],
            "password": "pbkdf2_sha256$12000$Qm6uxNGdbAJk$bia6J/PwzJ67iK9gC1fbY0nlKgNNK0F1x8fcST48BAY=",
            "email": "admin@tw.org",
            "date_joined": "2014-10-13T11:21:57.796"
        },
        "model": "auth.user",
        "pk": 1
    },
    {
        "fields": {
            "username": "unicef-focal-person",
            "first_name": "",
            "last_name": "",
            "is_active": true,
            "is_superuser": false,
            "is_staff": false,
            "last_login": "2014-10-13T11:23:44.514",
            "groups": [],
            "user_permissions": [],
            "password": "pbkdf2_sha256$12000$BcOqtcL2QY68$EbnZLeBtcwEpV42iYHrjBwDKTdwlNaJOHynAPAJD2eY=",
            "email": "",
            "date_joined": "2014-10-13T11:23:44.514"
        },
        "model": "auth.user",
        "pk": 2
    },
    {
        "fields": {
            "focal_person": 2,
            "name": "sample programme"
        },
        "model": "eums.programme",
        "pk": 1
    },
    {
        "fields": {
            "focal_person": 2,
            "name": "YI107 - PCR 3 KEEP CHILDREN SAFE"
        },
        "model": "eums.programme",
        "pk": 3
    },
    {
        "fields": {
            "focal_person": 2,
            "name": "YI105 - PCR 1 KEEP CHILDREN AND MOTHERS"
        },
        "model": "eums.programme",
        "pk": 4
    },
    {
        "fields": {
            "focal_person": 2,
            "name": "Y108 - PCR 4 CROSS SECTORAL"
        },
        "model": "eums.programme",
        "pk": 5
    },
    {
        "fields": {
            "focal_person": 2,
            "name": "YP109 - PCR 5 SUPPORT"
        },
        "model": "eums.programme",
        "pk": 6
    },
    {
        "fields": {
            "focal_person": 2,
            "name": "YI106 - PCR 2 KEEP CHILDREN LEARNING"
        },
        "model": "eums.programme",
        "pk": 9
    },
    {
        "fields": {
            "focal_person": 2,
            "name": "YI101 KEEP CHILDREN AND MOTHERS ALIVE"
        },
        "model": "eums.programme",
        "pk": 10
    },
    {
        "fields": {
            "focal_person": 2,
            "name": "YP104 MANAGEMENT RESULTS"
        },
        "model": "eums.programme",
        "pk": 11
    },
    {
        "fields": {
            "focal_person": 2,
            "name": "YI102 KEEP CHILDREN LEARNING"
        },
        "model": "eums.programme",
        "pk": 12
    },
    {
        "fields": {
            "focal_person": 2,
            "name": "YI103 KEEP CHILDREN SAFE"
        },
        "model": "eums.programme",
        "pk": 13
    },
    {
        "fields": {
            "focal_person": 2,
            "name": "* YP109 - PCR 5 Support - Effective & efficient programme ma"
        },
        "model": "eums.programme",
        "pk": 14
    },
    {
        "fields": {
            "focal_person": 2,
            "name": "* 040623/YW402-YW402 Water, Sanitation and"
        },
        "model": "eums.programme",
        "pk": 15
    },
    {
        "fields": {
            "focal_person": 2,
            "name": "* 040623/YP602-YP602 Cross-Sectoral Costs"
        },
        "model": "eums.programme",
        "pk": 16
    },
    {
        "fields": {
            "action_flag": 1,
            "action_time": "2014-10-13T11:23:44.586",
            "object_repr": "unicef-focal-person",
            "object_id": "2",
            "change_message": "",
            "user": 1,
            "content_type": 4
        },
        "model": "admin.logentry",
        "pk": 1
    },
    {
        "fields": {
            "action_flag": 1,
            "action_time": "2014-10-13T11:23:49.317",
            "object_repr": "sample programme",
            "object_id": "1",
            "change_message": "",
            "user": 1,
            "content_type": 7
        },
        "model": "admin.logentry",
        "pk": 2
    },
    {
        "fields": {
            "action_flag": 1,
            "action_time": "2014-10-13T11:24:07.230",
            "object_repr": "ItemUnit object",
            "object_id": "1",
            "change_message": "",
            "user": 1,
            "content_type": 10
        },
        "model": "admin.logentry",
        "pk": 3
    },
    {
        "fields": {
            "action_flag": 1,
            "action_time": "2014-10-13T11:24:29.524",
            "object_repr": "Item object",
            "object_id": "1",
            "change_message": "",
            "user": 1,
            "content_type": 11
        },
        "model": "admin.logentry",
        "pk": 4
    },
    {
        "fields": {
            "action_flag": 1,
            "action_time": "2014-10-13T11:24:54.001",
            "object_repr": "Item object",
            "object_id": "2",
            "change_message": "",
            "user": 1,
            "content_type": 11
        },
        "model": "admin.logentry",
        "pk": 5
    },
    {
        "fields": {
            "action_flag": 1,
            "action_time": "2014-10-13T11:25:33.821",
            "object_repr": "SalesOrder object",
            "object_id": "1",
            "change_message": "",
            "user": 1,
            "content_type": 13
        },
        "model": "admin.logentry",
        "pk": 6
    },
    {
        "fields": {
            "action_flag": 1,
            "action_time": "2014-10-13T11:26:30.333",
            "object_repr": "flour",
            "object_id": "1",
            "change_message": "",
            "user": 1,
            "content_type": 14
        },
        "model": "admin.logentry",
        "pk": 7
    },
    {
        "fields": {
            "action_flag": 1,
            "action_time": "2014-10-13T11:27:18.524",
            "object_repr": "sugar",
            "object_id": "2",
            "change_message": "",
            "user": 1,
            "content_type": 14
        },
        "model": "admin.logentry",
        "pk": 8
    },
    {
        "fields": {
            "action_flag": 1,
            "action_time": "2014-10-13T11:30:40.808",
            "object_repr": "first consignee",
            "object_id": "1",
            "change_message": "",
            "user": 1,
            "content_type": 9
        },
        "model": "admin.logentry",
        "pk": 9
    },
    {
        "fields": {
            "action_flag": 1,
            "action_time": "2014-10-13T11:30:57.587",
            "object_repr": "DistributionPlan object",
            "object_id": "1",
            "change_message": "",
            "user": 1,
            "content_type": 8
        },
        "model": "admin.logentry",
        "pk": 10
    },
    {
        "fields": {
            "action_flag": 1,
            "action_time": "2014-10-13T11:36:48.723",
            "object_repr": "sample programme first consignee",
            "object_id": "2",
            "change_message": "",
            "user": 1,
            "content_type": 12
        },
        "model": "admin.logentry",
        "pk": 11
    },
    {
        "fields": {
            "action_flag": 1,
            "action_time": "2014-10-13T11:37:40.938",
            "object_repr": "second consigne",
            "object_id": "2",
            "change_message": "",
            "user": 1,
            "content_type": 9
        },
        "model": "admin.logentry",
        "pk": 12
    },
    {
        "fields": {
            "action_flag": 1,
            "action_time": "2014-10-13T11:37:45.462",
            "object_repr": "sample programme second consigne",
            "object_id": "3",
            "change_message": "",
            "user": 1,
            "content_type": 12
        },
        "model": "admin.logentry",
        "pk": 13
    },
    {
        "fields": {
            "action_flag": 1,
            "action_time": "2014-10-13T11:38:06.596",
            "object_repr": "end user consignee",
            "object_id": "3",
            "change_message": "",
            "user": 1,
            "content_type": 9
        },
        "model": "admin.logentry",
        "pk": 14
    },
    {
        "fields": {
            "action_flag": 1,
            "action_time": "2014-10-13T11:38:10.587",
            "object_repr": "sample programme end user consignee",
            "object_id": "4",
            "change_message": "",
            "user": 1,
            "content_type": 12
        },
        "model": "admin.logentry",
        "pk": 15
    },
    {
        "fields": {
            "action_flag": 1,
            "action_time": "2014-10-13T11:45:18.825",
            "object_repr": "sample programme flour",
            "object_id": "3",
            "change_message": "",
            "user": 1,
            "content_type": 15
        },
        "model": "admin.logentry",
        "pk": 16
    },
    {
        "fields": {
            "action_flag": 1,
            "action_time": "2014-10-13T11:46:07.188",
            "object_repr": "sample programme sugar",
            "object_id": "4",
            "change_message": "",
            "user": 1,
            "content_type": 15
        },
        "model": "admin.logentry",
        "pk": 17
    },
    {
        "fields": {
            "action_flag": 1,
            "action_time": "2014-10-13T11:47:05.855",
            "object_repr": "sample programme flour",
            "object_id": "5",
            "change_message": "",
            "user": 1,
            "content_type": 15
        },
        "model": "admin.logentry",
        "pk": 18
    },
    {
        "fields": {
            "action_flag": 1,
            "action_time": "2014-10-13T11:47:37.549",
            "object_repr": "sample programme sugar",
            "object_id": "6",
            "change_message": "",
            "user": 1,
            "content_type": 15
        },
        "model": "admin.logentry",
        "pk": 19
    },
    {
        "fields": {
            "action_flag": 1,
            "action_time": "2014-10-13T11:48:28.895",
            "object_repr": "sample programme flour",
            "object_id": "7",
            "change_message": "",
            "user": 1,
            "content_type": 15
        },
        "model": "admin.logentry",
        "pk": 20
    },
    {
        "fields": {
            "action_flag": 1,
            "action_time": "2014-10-13T11:48:59.734",
            "object_repr": "sample programme sugar",
            "object_id": "8",
            "change_message": "",
            "user": 1,
            "content_type": 15
        },
        "model": "admin.logentry",
        "pk": 21
    },
    {
        "fields": {
            "action_flag": 1,
            "action_time": "2014-10-13T11:59:18.354",
            "object_repr": "NodeLineItemRun object",
            "object_id": "1",
            "change_message": "",
            "user": 1,
            "content_type": 16
        },
        "model": "admin.logentry",
        "pk": 22
    },
    {
        "fields": {
            "action_flag": 1,
            "action_time": "2014-10-13T11:59:35.485",
            "object_repr": "NodeLineItemRun object",
            "object_id": "2",
            "change_message": "",
            "user": 1,
            "content_type": 16
        },
        "model": "admin.logentry",
        "pk": 23
    },
    {
        "fields": {
            "action_flag": 1,
            "action_time": "2014-10-13T12:00:03.636",
            "object_repr": "NodeLineItemRun object",
            "object_id": "3",
            "change_message": "",
            "user": 1,
            "content_type": 16
        },
        "model": "admin.logentry",
        "pk": 24
    },
    {
        "fields": {
            "action_flag": 1,
            "action_time": "2014-10-13T12:00:25.135",
            "object_repr": "NodeLineItemRun object",
            "object_id": "4",
            "change_message": "",
            "user": 1,
            "content_type": 16
        },
        "model": "admin.logentry",
        "pk": 25
    },
    {
        "fields": {
            "action_flag": 1,
            "action_time": "2014-10-13T12:00:46.522",
            "object_repr": "NodeLineItemRun object",
            "object_id": "5",
            "change_message": "",
            "user": 1,
            "content_type": 16
        },
        "model": "admin.logentry",
        "pk": 26
    },
    {
        "fields": {
            "action_flag": 1,
            "action_time": "2014-10-13T12:01:06.388",
            "object_repr": "NodeLineItemRun object",
            "object_id": "6",
            "change_message": "",
            "user": 1,
            "content_type": 16
        },
        "model": "admin.logentry",
        "pk": 27
    },
    {
        "fields": {
            "action_flag": 2,
            "action_time": "2014-10-13T12:17:48.499",
            "object_repr": "sample programme sugar 8",
            "object_id": "8",
            "change_message": "Changed targeted_quantity.",
            "user": 1,
            "content_type": 15
        },
        "model": "admin.logentry",
        "pk": 28
    },
    {
        "fields": {
            "action_flag": 2,
            "action_time": "2014-10-13T12:17:54.718",
            "object_repr": "sample programme flour 7",
            "object_id": "7",
            "change_message": "Changed targeted_quantity.",
            "user": 1,
            "content_type": 15
        },
        "model": "admin.logentry",
        "pk": 29
    },
    {
        "fields": {
            "action_flag": 2,
            "action_time": "2014-10-13T12:18:00.880",
            "object_repr": "sample programme sugar 6",
            "object_id": "6",
            "change_message": "Changed targeted_quantity.",
            "user": 1,
            "content_type": 15
        },
        "model": "admin.logentry",
        "pk": 30
    },
    {
        "fields": {
            "action_flag": 2,
            "action_time": "2014-10-13T12:18:08.050",
            "object_repr": "sample programme flour 5",
            "object_id": "5",
            "change_message": "Changed targeted_quantity.",
            "user": 1,
            "content_type": 15
        },
        "model": "admin.logentry",
        "pk": 31
    },
    {
        "fields": {
            "action_flag": 2,
            "action_time": "2014-10-13T12:18:14.140",
            "object_repr": "sample programme sugar 4",
            "object_id": "4",
            "change_message": "Changed targeted_quantity.",
            "user": 1,
            "content_type": 15
        },
        "model": "admin.logentry",
        "pk": 32
    },
    {
        "fields": {
            "action_flag": 2,
            "action_time": "2014-10-13T12:18:26.237",
            "object_repr": "sample programme flour 3",
            "object_id": "3",
            "change_message": "Changed targeted_quantity.",
            "user": 1,
            "content_type": 15
        },
        "model": "admin.logentry",
        "pk": 33
    },
    {
        "fields": {
            "action_flag": 1,
            "action_time": "2014-10-16T12:21:14.180",
            "object_repr": "ARUA DHO DR. ANGUZU PATRICK",
            "object_id": "4",
            "change_message": "",
            "user": 1,
            "content_type": 9
        },
        "model": "admin.logentry",
        "pk": 34
    },
    {
        "fields": {
            "action_flag": 1,
            "action_time": "2014-10-16T12:23:26.376",
            "object_repr": "WAKISO DHO",
            "object_id": "5",
            "change_message": "",
            "user": 1,
            "content_type": 9
        },
        "model": "admin.logentry",
        "pk": 35
    },
    {
        "fields": {
            "action_flag": 1,
            "action_time": "2014-10-16T12:23:57.392",
            "object_repr": "KAABONG DHO",
            "object_id": "6",
            "change_message": "",
            "user": 1,
            "content_type": 9
        },
        "model": "admin.logentry",
        "pk": 36
    },
    {
        "fields": {
            "action_flag": 1,
            "action_time": "2014-10-16T12:24:14.212",
            "object_repr": "Ntungamo  DHO",
            "object_id": "7",
            "change_message": "",
            "user": 1,
            "content_type": 9
        },
        "model": "admin.logentry",
        "pk": 37
    },
    {
        "fields": {
            "action_flag": 1,
            "action_time": "2014-10-16T12:24:28.455",
            "object_repr": "AGAGO DHO",
            "object_id": "8",
            "change_message": "",
            "user": 1,
            "content_type": 9
        },
        "model": "admin.logentry",
        "pk": 38
    },
    {
        "fields": {
            "action_flag": 1,
            "action_time": "2014-10-16T12:24:42.511",
            "object_repr": "AMURU DHO",
            "object_id": "9",
            "change_message": "",
            "user": 1,
            "content_type": 9
        },
        "model": "admin.logentry",
        "pk": 39
    },
    {
        "fields": {
            "action_flag": 1,
            "action_time": "2014-10-16T12:26:24.254",
            "object_repr": "PADER DHO",
            "object_id": "10",
            "change_message": "",
            "user": 1,
            "content_type": 9
        },
        "model": "admin.logentry",
        "pk": 40
    },
    {
        "fields": {
            "action_flag": 1,
            "action_time": "2014-10-16T12:26:37.332",
            "object_repr": "KITGUM DHO",
            "object_id": "11",
            "change_message": "",
            "user": 1,
            "content_type": 9
        },
        "model": "admin.logentry",
        "pk": 41
    },
    {
        "fields": {
            "action_flag": 1,
            "action_time": "2014-10-16T12:26:50.940",
            "object_repr": "LAMWO DHO",
            "object_id": "12",
            "change_message": "",
            "user": 1,
            "content_type": 9
        },
        "model": "admin.logentry",
        "pk": 42
    },
    {
        "fields": {
            "action_flag": 1,
            "action_time": "2014-10-16T12:27:03.962",
            "object_repr": "NWOYA DHO",
            "object_id": "13",
            "change_message": "",
            "user": 1,
            "content_type": 9
        },
        "model": "admin.logentry",
        "pk": 43
    },
    {
        "fields": {
            "action_flag": 1,
            "action_time": "2014-10-16T12:27:18.357",
            "object_repr": "YUMBE DHO",
            "object_id": "14",
            "change_message": "",
            "user": 1,
            "content_type": 9
        },
        "model": "admin.logentry",
        "pk": 44
    },
    {
        "fields": {
            "action_flag": 1,
            "action_time": "2014-10-16T12:27:33.070",
            "object_repr": "BUIKWE DHO",
            "object_id": "15",
            "change_message": "",
            "user": 1,
            "content_type": 9
        },
        "model": "admin.logentry",
        "pk": 45
    },
    {
        "fields": {
            "action_flag": 1,
            "action_time": "2014-10-16T12:27:47.022",
            "object_repr": "BUKOMANSIMBI DHO",
            "object_id": "16",
            "change_message": "",
            "user": 1,
            "content_type": 9
        },
        "model": "admin.logentry",
        "pk": 46
    },
    {
        "fields": {
            "action_flag": 1,
            "action_time": "2014-10-16T12:27:59.242",
            "object_repr": "KALUNGU DHO",
            "object_id": "17",
            "change_message": "",
            "user": 1,
            "content_type": 9
        },
        "model": "admin.logentry",
        "pk": 47
    },
    {
        "fields": {
            "action_flag": 1,
            "action_time": "2014-10-16T12:28:12.885",
            "object_repr": "LWENGO DHO",
            "object_id": "18",
            "change_message": "",
            "user": 1,
            "content_type": 9
        },
        "model": "admin.logentry",
        "pk": 48
    },
    {
        "fields": {
            "action_flag": 1,
            "action_time": "2014-10-16T12:28:26.878",
            "object_repr": "MUBENDE DHO",
            "object_id": "19",
            "change_message": "",
            "user": 1,
            "content_type": 9
        },
        "model": "admin.logentry",
        "pk": 49
    },
    {
        "fields": {
            "action_flag": 1,
            "action_time": "2014-10-16T12:28:43.187",
            "object_repr": "MUKONO DHO",
            "object_id": "20",
            "change_message": "",
            "user": 1,
            "content_type": 9
        },
        "model": "admin.logentry",
        "pk": 50
    },
    {
        "fields": {
            "action_flag": 1,
            "action_time": "2014-10-16T12:28:56.180",
            "object_repr": "BUNDIBUGYO DHO",
            "object_id": "21",
            "change_message": "",
            "user": 1,
            "content_type": 9
        },
        "model": "admin.logentry",
        "pk": 51
    },
    {
        "fields": {
            "action_flag": 1,
            "action_time": "2014-10-16T12:29:08.924",
            "object_repr": "KABALORE DHO",
            "object_id": "22",
            "change_message": "",
            "user": 1,
            "content_type": 9
        },
        "model": "admin.logentry",
        "pk": 52
    },
    {
        "fields": {
            "action_flag": 1,
            "action_time": "2014-10-16T12:29:24.170",
            "object_repr": "KYENGEGWA DHO",
            "object_id": "23",
            "change_message": "",
            "user": 1,
            "content_type": 9
        },
        "model": "admin.logentry",
        "pk": 53
    },
    {
        "fields": {
            "action_flag": 1,
            "action_time": "2014-10-16T12:29:40.879",
            "object_repr": "KYENJOJO DHO",
            "object_id": "24",
            "change_message": "",
            "user": 1,
            "content_type": 9
        },
        "model": "admin.logentry",
        "pk": 54
    },
    {
        "fields": {
            "action_flag": 1,
            "action_time": "2014-10-16T12:29:55.472",
            "object_repr": "NTOROKO DHO",
            "object_id": "25",
            "change_message": "",
            "user": 1,
            "content_type": 9
        },
        "model": "admin.logentry",
        "pk": 55
    },
    {
        "fields": {
            "action_flag": 1,
            "action_time": "2014-10-16T12:30:09.518",
            "object_repr": "KAMULI DHO",
            "object_id": "26",
            "change_message": "",
            "user": 1,
            "content_type": 9
        },
        "model": "admin.logentry",
        "pk": 56
    },
    {
        "fields": {
            "action_flag": 1,
            "action_time": "2014-10-16T12:30:23.266",
            "object_repr": "IGANGA DHO",
            "object_id": "27",
            "change_message": "",
            "user": 1,
            "content_type": 9
        },
        "model": "admin.logentry",
        "pk": 57
    },
    {
        "fields": {
            "action_flag": 1,
            "action_time": "2014-10-16T12:30:38.322",
            "object_repr": "Makindye Division Dr Walyomo Richard",
            "object_id": "28",
            "change_message": "",
            "user": 1,
            "content_type": 9
        },
        "model": "admin.logentry",
        "pk": 58
    },
    {
        "fields": {
            "action_flag": 1,
            "action_time": "2014-10-16T12:30:51.254",
            "object_repr": "Central Division Dr Muhammed Kirumira",
            "object_id": "29",
            "change_message": "",
            "user": 1,
            "content_type": 9
        },
        "model": "admin.logentry",
        "pk": 59
    },
    {
        "fields": {
            "action_flag": 1,
            "action_time": "2014-10-16T12:31:04.968",
            "object_repr": "Lubaga Division Jannat Kulabako",
            "object_id": "30",
            "change_message": "",
            "user": 1,
            "content_type": 9
        },
        "model": "admin.logentry",
        "pk": 60
    },
    {
        "fields": {
            "action_flag": 1,
            "action_time": "2014-10-16T12:31:22.537",
            "object_repr": "Kawempe Division Dr Henry Mugerwa",
            "object_id": "31",
            "change_message": "",
            "user": 1,
            "content_type": 9
        },
        "model": "admin.logentry",
        "pk": 61
    },
    {
        "fields": {
            "action_flag": 1,
            "action_time": "2014-10-16T12:31:34.774",
            "object_repr": "ADJUMANI DHO",
            "object_id": "32",
            "change_message": "",
            "user": 1,
            "content_type": 9
        },
        "model": "admin.logentry",
        "pk": 62
    },
    {
        "fields": {
            "action_flag": 1,
            "action_time": "2014-10-16T12:32:01.789",
            "object_repr": "RAKAI DHO",
            "object_id": "33",
            "change_message": "",
            "user": 1,
            "content_type": 9
        },
        "model": "admin.logentry",
        "pk": 63
    },
    {
        "fields": {
            "action_flag": 1,
            "action_time": "2014-10-16T12:32:16.775",
            "object_repr": "UNITED NATIONS HIGH COMMISSION FOR REFUGEES",
            "object_id": "34",
            "change_message": "",
            "user": 1,
            "content_type": 9
        },
        "model": "admin.logentry",
        "pk": 64
    },
    {
        "fields": {
            "action_flag": 1,
            "action_time": "2014-10-16T12:32:30.036",
            "object_repr": "GULU DHO",
            "object_id": "35",
            "change_message": "",
            "user": 1,
            "content_type": 9
        },
        "model": "admin.logentry",
        "pk": 65
    },
    {
        "fields": {
            "action_flag": 1,
            "action_time": "2014-10-16T12:32:42.882",
            "object_repr": "KYEGEGWA DHO",
            "object_id": "36",
            "change_message": "",
            "user": 1,
            "content_type": 9
        },
        "model": "admin.logentry",
        "pk": 66
    },
    {
        "fields": {
            "action_flag": 1,
            "action_time": "2014-10-16T12:32:58.935",
            "object_repr": "MOROTO DHO",
            "object_id": "37",
            "change_message": "",
            "user": 1,
            "content_type": 9
        },
        "model": "admin.logentry",
        "pk": 67
    },
    {
        "fields": {
            "action_flag": 1,
            "action_time": "2014-10-16T12:33:12.709",
            "object_repr": "NAPAK DHO",
            "object_id": "38",
            "change_message": "",
            "user": 1,
            "content_type": 9
        },
        "model": "admin.logentry",
        "pk": 68
    },
    {
        "fields": {
            "action_flag": 1,
            "action_time": "2014-10-16T12:33:25.141",
            "object_repr": "KOTIDO DHO",
            "object_id": "39",
            "change_message": "",
            "user": 1,
            "content_type": 9
        },
        "model": "admin.logentry",
        "pk": 69
    },
    {
        "fields": {
            "action_flag": 1,
            "action_time": "2014-10-16T12:33:38.850",
            "object_repr": "AMUDAT DHO",
            "object_id": "40",
            "change_message": "",
            "user": 1,
            "content_type": 9
        },
        "model": "admin.logentry",
        "pk": 70
    },
    {
        "fields": {
            "action_flag": 1,
            "action_time": "2014-10-16T12:33:52.360",
            "object_repr": "NAKAPIRIPIRIT DHO",
            "object_id": "41",
            "change_message": "",
            "user": 1,
            "content_type": 9
        },
        "model": "admin.logentry",
        "pk": 71
    },
    {
        "fields": {
            "action_flag": 1,
            "action_time": "2014-10-16T12:35:09.227",
            "object_repr": "MALARIA CONSORTIUM",
            "object_id": "42",
            "change_message": "",
            "user": 1,
            "content_type": 9
        },
        "model": "admin.logentry",
        "pk": 72
    },
    {
        "fields": {
            "action_flag": 2,
            "action_time": "2014-10-16T12:36:13.897",
            "object_repr": "SalesOrder object",
            "object_id": "1",
            "change_message": "No fields changed.",
            "user": 1,
            "content_type": 13
        },
        "model": "admin.logentry",
        "pk": 73
    },
    {
        "fields": {
            "action_flag": 2,
            "action_time": "2014-10-16T12:45:48.275",
            "object_repr": "sample programme",
            "object_id": "1",
            "change_message": "No fields changed.",
            "user": 1,
            "content_type": 7
        },
        "model": "admin.logentry",
        "pk": 74
    },
    {
        "fields": {
            "action_flag": 1,
            "action_time": "2014-10-16T12:45:59.902",
            "object_repr": "YI103 KEEP CHILDREN SAFE",
            "object_id": "2",
            "change_message": "",
            "user": 1,
            "content_type": 7
        },
        "model": "admin.logentry",
        "pk": 75
    },
    {
        "fields": {
            "action_flag": 1,
            "action_time": "2014-10-16T12:46:32.634",
            "object_repr": "YI107 - PCR 3 KEEP CHILDREN SAFE",
            "object_id": "3",
            "change_message": "",
            "user": 1,
            "content_type": 7
        },
        "model": "admin.logentry",
        "pk": 76
    },
    {
        "fields": {
            "action_flag": 1,
            "action_time": "2014-10-16T12:47:45.863",
            "object_repr": "YI105 - PCR 1 KEEP CHILDREN AND MOTHERS",
            "object_id": "4",
            "change_message": "",
            "user": 1,
            "content_type": 7
        },
        "model": "admin.logentry",
        "pk": 77
    },
    {
        "fields": {
            "action_flag": 1,
            "action_time": "2014-10-16T12:47:55.774",
            "object_repr": "Y108 - PCR 4 CROSS SECTORAL",
            "object_id": "5",
            "change_message": "",
            "user": 1,
            "content_type": 7
        },
        "model": "admin.logentry",
        "pk": 78
    },
    {
        "fields": {
            "action_flag": 1,
            "action_time": "2014-10-16T12:48:06.550",
            "object_repr": "YP109 - PCR 5 SUPPORT",
            "object_id": "6",
            "change_message": "",
            "user": 1,
            "content_type": 7
        },
        "model": "admin.logentry",
        "pk": 79
    },
    {
        "fields": {
            "action_flag": 1,
            "action_time": "2014-10-16T12:48:19.892",
            "object_repr": "YI106 - PCR 2 KEEP CHILDREN LEARNING",
            "object_id": "7",
            "change_message": "",
            "user": 1,
            "content_type": 7
        },
        "model": "admin.logentry",
        "pk": 80
    },
    {
        "fields": {
            "action_flag": 1,
            "action_time": "2014-10-16T12:51:05.786",
            "object_repr": "YP109 - PCR 5 SUPPORT",
            "object_id": "8",
            "change_message": "",
            "user": 1,
            "content_type": 7
        },
        "model": "admin.logentry",
        "pk": 81
    },
    {
        "fields": {
            "action_flag": 1,
            "action_time": "2014-10-16T12:51:18.108",
            "object_repr": "YI106 - PCR 2 KEEP CHILDREN LEARNING",
            "object_id": "9",
            "change_message": "",
            "user": 1,
            "content_type": 7
        },
        "model": "admin.logentry",
        "pk": 82
    },
    {
        "fields": {
            "action_flag": 1,
            "action_time": "2014-10-16T12:51:32.059",
            "object_repr": "YI101 KEEP CHILDREN AND MOTHERS ALIVE",
            "object_id": "10",
            "change_message": "",
            "user": 1,
            "content_type": 7
        },
        "model": "admin.logentry",
        "pk": 83
    },
    {
        "fields": {
            "action_flag": 1,
            "action_time": "2014-10-16T12:51:40.717",
            "object_repr": "YP104 MANAGEMENT RESULTS",
            "object_id": "11",
            "change_message": "",
            "user": 1,
            "content_type": 7
        },
        "model": "admin.logentry",
        "pk": 84
    },
    {
        "fields": {
            "action_flag": 1,
            "action_time": "2014-10-16T12:51:50.284",
            "object_repr": "YI102 KEEP CHILDREN LEARNING",
            "object_id": "12",
            "change_message": "",
            "user": 1,
            "content_type": 7
        },
        "model": "admin.logentry",
        "pk": 85
    },
    {
        "fields": {
            "action_flag": 1,
            "action_time": "2014-10-16T12:52:01.184",
            "object_repr": "YI103 KEEP CHILDREN SAFE",
            "object_id": "13",
            "change_message": "",
            "user": 1,
            "content_type": 7
        },
        "model": "admin.logentry",
        "pk": 86
    },
    {
        "fields": {
            "action_flag": 1,
            "action_time": "2014-10-16T12:52:12.049",
            "object_repr": "* YP109 - PCR 5 Support - Effective & efficient programme ma",
            "object_id": "14",
            "change_message": "",
            "user": 1,
            "content_type": 7
        },
        "model": "admin.logentry",
        "pk": 87
    },
    {
        "fields": {
            "action_flag": 1,
            "action_time": "2014-10-16T12:52:22.435",
            "object_repr": "* 040623/YW402-YW402 Water, Sanitation and",
            "object_id": "15",
            "change_message": "",
            "user": 1,
            "content_type": 7
        },
        "model": "admin.logentry",
        "pk": 88
    },
    {
        "fields": {
            "action_flag": 1,
            "action_time": "2014-10-16T12:52:33.054",
            "object_repr": "* 040623/YP602-YP602 Cross-Sectoral Costs",
            "object_id": "16",
            "change_message": "",
            "user": 1,
            "content_type": 7
        },
        "model": "admin.logentry",
        "pk": 89
    },
    {
        "fields": {
            "action_flag": 3,
            "action_time": "2014-10-16T12:52:51.469",
            "object_repr": "YP109 - PCR 5 SUPPORT",
            "object_id": "8",
            "change_message": "",
            "user": 1,
            "content_type": 7
        },
        "model": "admin.logentry",
        "pk": 90
    },
    {
        "fields": {
            "action_flag": 3,
            "action_time": "2014-10-16T12:53:07.480",
            "object_repr": "YI103 KEEP CHILDREN SAFE",
            "object_id": "2",
            "change_message": "",
            "user": 1,
            "content_type": 7
        },
        "model": "admin.logentry",
        "pk": 91
    },
    {
        "fields": {
            "action_flag": 3,
            "action_time": "2014-10-16T12:53:33.020",
            "object_repr": "YI106 - PCR 2 KEEP CHILDREN LEARNING",
            "object_id": "7",
            "change_message": "",
            "user": 1,
            "content_type": 7
        },
        "model": "admin.logentry",
        "pk": 92
    },
    {
        "fields": {
            "action_flag": 2,
            "action_time": "2014-10-16T12:54:22.071",
            "object_repr": "SalesOrder object",
            "object_id": "1",
            "change_message": "No fields changed.",
            "user": 1,
            "content_type": 13
        },
        "model": "admin.logentry",
        "pk": 93
    },
    {
        "fields": {
            "action_flag": 1,
            "action_time": "2014-10-16T13:03:53.142",
            "object_repr": "SalesOrder object",
            "object_id": "2",
            "change_message": "",
            "user": 1,
            "content_type": 13
        },
        "model": "admin.logentry",
        "pk": 94
    },
    {
        "fields": {
            "action_flag": 1,
            "action_time": "2014-10-16T13:09:17.840",
            "object_repr": "SalesOrder object",
            "object_id": "3",
            "change_message": "",
            "user": 1,
            "content_type": 13
        },
        "model": "admin.logentry",
        "pk": 95
    },
    {
        "fields": {
            "action_flag": 1,
            "action_time": "2014-10-16T13:10:21.464",
            "object_repr": "SalesOrder object",
            "object_id": "4",
            "change_message": "",
            "user": 1,
            "content_type": 13
        },
        "model": "admin.logentry",
        "pk": 96
    },
    {
        "fields": {
            "action_flag": 1,
            "action_time": "2014-10-16T13:12:15.542",
            "object_repr": "SalesOrder object",
            "object_id": "5",
            "change_message": "",
            "user": 1,
            "content_type": 13
        },
        "model": "admin.logentry",
        "pk": 97
    },
    {
        "fields": {
            "action_flag": 1,
            "action_time": "2014-10-16T13:12:46.751",
            "object_repr": "SalesOrder object",
            "object_id": "6",
            "change_message": "",
            "user": 1,
            "content_type": 13
        },
        "model": "admin.logentry",
        "pk": 98
    },
    {
        "fields": {
            "action_flag": 1,
            "action_time": "2014-10-16T13:15:39.111",
            "object_repr": "SalesOrder object",
            "object_id": "7",
            "change_message": "",
            "user": 1,
            "content_type": 13
        },
        "model": "admin.logentry",
        "pk": 99
    },
    {
        "fields": {
            "action_flag": 1,
            "action_time": "2014-10-16T13:16:29.418",
            "object_repr": "SalesOrder object",
            "object_id": "8",
            "change_message": "",
            "user": 1,
            "content_type": 13
        },
        "model": "admin.logentry",
        "pk": 100
    },
    {
        "fields": {
            "action_flag": 1,
            "action_time": "2014-10-16T13:17:39.518",
            "object_repr": "SalesOrder object",
            "object_id": "9",
            "change_message": "",
            "user": 1,
            "content_type": 13
        },
        "model": "admin.logentry",
        "pk": 101
    },
    {
        "fields": {
            "action_flag": 1,
            "action_time": "2014-10-16T13:18:06.311",
            "object_repr": "SalesOrder object",
            "object_id": "10",
            "change_message": "",
            "user": 1,
            "content_type": 13
        },
        "model": "admin.logentry",
        "pk": 102
    },
    {
        "fields": {
            "action_flag": 1,
            "action_time": "2014-10-16T13:19:09.466",
            "object_repr": "SalesOrder object",
            "object_id": "11",
            "change_message": "",
            "user": 1,
            "content_type": 13
        },
        "model": "admin.logentry",
        "pk": 103
    },
    {
        "fields": {
            "action_flag": 1,
            "action_time": "2014-10-16T13:20:00.416",
            "object_repr": "SalesOrder object",
            "object_id": "12",
            "change_message": "",
            "user": 1,
            "content_type": 13
        },
        "model": "admin.logentry",
        "pk": 104
    },
    {
        "fields": {
            "action_flag": 1,
            "action_time": "2014-10-16T13:21:11.820",
            "object_repr": "SalesOrder object",
            "object_id": "13",
            "change_message": "",
            "user": 1,
            "content_type": 13
        },
        "model": "admin.logentry",
        "pk": 105
    },
    {
        "fields": {
            "action_flag": 1,
            "action_time": "2014-10-16T13:21:57.189",
            "object_repr": "SalesOrder object",
            "object_id": "14",
            "change_message": "",
            "user": 1,
            "content_type": 13
        },
        "model": "admin.logentry",
        "pk": 106
    },
    {
        "fields": {
            "action_flag": 2,
            "action_time": "2014-10-16T13:21:58.771",
            "object_repr": "SalesOrder object",
            "object_id": "14",
            "change_message": "No fields changed.",
            "user": 1,
            "content_type": 13
        },
        "model": "admin.logentry",
        "pk": 107
    },
    {
        "fields": {
            "action_flag": 2,
            "action_time": "2014-10-16T13:23:32.760",
            "object_repr": "SalesOrder object",
            "object_id": "14",
            "change_message": "No fields changed.",
            "user": 1,
            "content_type": 13
        },
        "model": "admin.logentry",
        "pk": 108
    },
    {
        "fields": {
            "action_flag": 1,
            "action_time": "2014-10-16T13:38:02.614",
            "object_repr": "Each",
            "object_id": "2",
            "change_message": "",
            "user": 1,
            "content_type": 10
        },
        "model": "admin.logentry",
        "pk": 109
    },
    {
        "fields": {
            "action_flag": 1,
            "action_time": "2014-10-16T13:38:05.260",
            "object_repr": "Laptop,Lenovo,ThinkPad T510",
            "object_id": "3",
            "change_message": "",
            "user": 1,
            "content_type": 11
        },
        "model": "admin.logentry",
        "pk": 110
    },
    {
        "fields": {
            "action_flag": 1,
            "action_time": "2014-10-16T13:38:30.111",
            "object_repr": "Laptop bag",
            "object_id": "4",
            "change_message": "",
            "user": 1,
            "content_type": 11
        },
        "model": "admin.logentry",
        "pk": 111
    },
    {
        "fields": {
            "action_flag": 1,
            "action_time": "2014-10-16T13:38:49.482",
            "object_repr": "EXTRA POWER ADAPTER",
            "object_id": "5",
            "change_message": "",
            "user": 1,
            "content_type": 11
        },
        "model": "admin.logentry",
        "pk": 112
    },
    {
        "fields": {
            "action_flag": 1,
            "action_time": "2014-10-16T13:39:11.596",
            "object_repr": "LENOVO USB 2.0 SUPER MULTI-BURNER DRIVE",
            "object_id": "6",
            "change_message": "",
            "user": 1,
            "content_type": 11
        },
        "model": "admin.logentry",
        "pk": 113
    },
    {
        "fields": {
            "action_flag": 1,
            "action_time": "2014-10-16T13:39:32.313",
            "object_repr": "Toner",
            "object_id": "7",
            "change_message": "",
            "user": 1,
            "content_type": 11
        },
        "model": "admin.logentry",
        "pk": 114
    },
    {
        "fields": {
            "action_flag": 1,
            "action_time": "2014-10-16T13:41:10.951",
            "object_repr": "YI105 - PCR 1 KEEP CHILDREN AND MOTHERS, 20148341 2014-05-14",
            "object_id": "15",
            "change_message": "",
            "user": 1,
            "content_type": 13
        },
        "model": "admin.logentry",
        "pk": 115
    },
    {
        "fields": {
            "action_flag": 3,
            "action_time": "2014-10-16T13:41:28.282",
            "object_repr": "sugar",
            "object_id": "2",
            "change_message": "",
            "user": 1,
            "content_type": 11
        },
        "model": "admin.logentry",
        "pk": 116
    },
    {
        "fields": {
            "action_flag": 1,
            "action_time": "2014-10-16T13:47:24.359",
            "object_repr": "Safety box f.used syrgs/ndls 5lt/BOX-25",
            "object_id": "8",
            "change_message": "",
            "user": 1,
            "content_type": 11
        },
        "model": "admin.logentry",
        "pk": 117
    },
    {
        "fields": {
            "action_flag": 1,
            "action_time": "2014-10-16T13:47:46.466",
            "object_repr": "Kit",
            "object_id": "3",
            "change_message": "",
            "user": 1,
            "content_type": 10
        },
        "model": "admin.logentry",
        "pk": 118
    },
    {
        "fields": {
            "action_flag": 1,
            "action_time": "2014-10-16T14:23:58.800",
            "object_repr": "Safety box f.used syrgs/ndls 5lt/BOX-25",
            "object_id": "3",
            "change_message": "",
            "user": 1,
            "content_type": 14
        },
        "model": "admin.logentry",
        "pk": 119
    },
    {
        "fields": {
            "action_flag": 1,
            "action_time": "2014-10-16T14:41:17.007",
            "object_repr": "YI107 - PCR 3 KEEP CHILDREN SAFE, 2014-10-16",
            "object_id": "2",
            "change_message": "",
            "user": 1,
            "content_type": 8
        },
        "model": "admin.logentry",
        "pk": 120
    },
    {
        "fields": {
            "action_flag": 2,
            "action_time": "2014-10-16T14:41:26.785",
            "object_repr": "YI107 - PCR 3 KEEP CHILDREN SAFE, 2014-10-16",
            "object_id": "2",
            "change_message": "No fields changed.",
            "user": 1,
            "content_type": 8
        },
        "model": "admin.logentry",
        "pk": 121
    },
    {
        "fields": {
            "action_flag": 2,
            "action_time": "2014-10-16T14:41:37.896",
            "object_repr": "YI107 - PCR 3 KEEP CHILDREN SAFE, 2014-10-16",
            "object_id": "2",
            "change_message": "No fields changed.",
            "user": 1,
            "content_type": 8
        },
        "model": "admin.logentry",
        "pk": 122
    },
    {
        "fields": {
            "action_flag": 1,
            "action_time": "2014-10-16T15:16:27.015",
            "object_repr": "PADER DHO MIDDLE_MAN YI107 - PCR 3 KEEP CHILDREN SAFE, 2014-10-16 ",
            "object_id": "5",
            "change_message": "",
            "user": 1,
            "content_type": 12
        },
        "model": "admin.logentry",
        "pk": 123
    },
    {
        "fields": {
            "action_flag": 2,
            "action_time": "2014-10-16T15:16:57.013",
            "object_repr": "PADER DHO MIDDLE_MAN YI107 - PCR 3 KEEP CHILDREN SAFE, 2014-10-16 ",
            "object_id": "5",
            "change_message": "No fields changed.",
            "user": 1,
            "content_type": 12
        },
        "model": "admin.logentry",
        "pk": 124
    },
    {
        "fields": {
            "action_flag": 2,
            "action_time": "2014-10-16T15:17:15.331",
            "object_repr": "YI107 - PCR 3 KEEP CHILDREN SAFE, 2014-10-16",
            "object_id": "2",
            "change_message": "No fields changed.",
            "user": 1,
            "content_type": 8
        },
        "model": "admin.logentry",
        "pk": 125
    },
    {
        "fields": {
            "action_flag": 1,
            "action_time": "2014-10-16T15:18:16.780",
            "object_repr": "Safety box f.used syrgs/ndls 5lt/BOX-25 2014-10-06 PADER DHO MIDDLE_MAN YI107 - PCR 3 KEEP CHILDREN SAFE, 2014-10-16 ",
            "object_id": "9",
            "change_message": "",
            "user": 1,
            "content_type": 15
        },
        "model": "admin.logentry",
        "pk": 126
    },
    {
        "fields": {
            "action_flag": 2,
            "action_time": "2014-10-16T15:18:29.473",
            "object_repr": "Safety box f.used syrgs/ndls 5lt/BOX-25 2014-10-06 PADER DHO MIDDLE_MAN YI107 - PCR 3 KEEP CHILDREN SAFE, 2014-10-16 ",
            "object_id": "9",
            "change_message": "No fields changed.",
            "user": 1,
            "content_type": 15
        },
        "model": "admin.logentry",
        "pk": 127
    },
    {
        "fields": {
            "action_flag": 1,
            "action_time": "2014-10-16T15:19:40.002",
            "object_repr": "ARUA DHO DR. ANGUZU PATRICK MIDDLE_MAN YI107 - PCR 3 KEEP CHILDREN SAFE, 2014-10-16 ",
            "object_id": "6",
            "change_message": "",
            "user": 1,
            "content_type": 12
        },
        "model": "admin.logentry",
        "pk": 128
    },
    {
        "fields": {
            "action_flag": 2,
            "action_time": "2014-10-16T15:20:15.406",
            "object_repr": "ARUA DHO DR. ANGUZU PATRICK MIDDLE_MAN YI107 - PCR 3 KEEP CHILDREN SAFE, 2014-10-16 ",
            "object_id": "6",
            "change_message": "No fields changed.",
            "user": 1,
            "content_type": 12
        },
        "model": "admin.logentry",
        "pk": 129
    },
    {
        "fields": {
            "action_flag": 2,
            "action_time": "2014-10-16T15:20:40.745",
            "object_repr": "YI107 - PCR 3 KEEP CHILDREN SAFE, 2014-10-16",
            "object_id": "2",
            "change_message": "No fields changed.",
            "user": 1,
            "content_type": 8
        },
        "model": "admin.logentry",
        "pk": 130
    },
    {
        "fields": {
            "action_flag": 2,
            "action_time": "2014-10-16T15:20:53.594",
            "object_repr": "YI107 - PCR 3 KEEP CHILDREN SAFE, 2014-10-16",
            "object_id": "2",
            "change_message": "No fields changed.",
            "user": 1,
            "content_type": 8
        },
        "model": "admin.logentry",
        "pk": 131
    },
    {
        "fields": {
            "action_flag": 1,
            "action_time": "2014-10-16T15:21:46.286",
            "object_repr": "Safety box f.used syrgs/ndls 5lt/BOX-25 2014-10-06 ARUA DHO DR. ANGUZU PATRICK MIDDLE_MAN YI107 - PCR 3 KEEP CHILDREN SAFE, 2014-10-16 ",
            "object_id": "10",
            "change_message": "",
            "user": 1,
            "content_type": 15
        },
        "model": "admin.logentry",
        "pk": 132
    },
    {
        "fields": {
            "action_flag": 1,
            "action_time": "2014-10-16T15:22:55.362",
            "object_repr": "KAABONG DHO MIDDLE_MAN YI107 - PCR 3 KEEP CHILDREN SAFE, 2014-10-16 ",
            "object_id": "7",
            "change_message": "",
            "user": 1,
            "content_type": 12
        },
        "model": "admin.logentry",
        "pk": 133
    },
    {
        "fields": {
            "action_flag": 1,
            "action_time": "2014-10-16T15:23:02.593",
            "object_repr": "Safety box f.used syrgs/ndls 5lt/BOX-25 2014-10-06 KAABONG DHO MIDDLE_MAN YI107 - PCR 3 KEEP CHILDREN SAFE, 2014-10-16 ",
            "object_id": "11",
            "change_message": "",
            "user": 1,
            "content_type": 15
        },
        "model": "admin.logentry",
        "pk": 134
    },
    {
        "fields": {
            "action_flag": 1,
            "action_time": "2014-10-16T15:23:57.333",
            "object_repr": "WAKISO DHO MIDDLE_MAN YI107 - PCR 3 KEEP CHILDREN SAFE, 2014-10-16 ",
            "object_id": "8",
            "change_message": "",
            "user": 1,
            "content_type": 12
        },
        "model": "admin.logentry",
        "pk": 135
    },
    {
        "fields": {
            "action_flag": 1,
            "action_time": "2014-10-16T15:24:00.537",
            "object_repr": "Safety box f.used syrgs/ndls 5lt/BOX-25 2014-10-06 WAKISO DHO MIDDLE_MAN YI107 - PCR 3 KEEP CHILDREN SAFE, 2014-10-16 ",
            "object_id": "12",
            "change_message": "",
            "user": 1,
            "content_type": 15
        },
        "model": "admin.logentry",
        "pk": 136
    },
    {
        "fields": {
            "action_flag": 1,
            "action_time": "2014-10-16T15:24:45.941",
            "object_repr": "Ntungamo  DHO MIDDLE_MAN YI107 - PCR 3 KEEP CHILDREN SAFE, 2014-10-16 ",
            "object_id": "9",
            "change_message": "",
            "user": 1,
            "content_type": 12
        },
        "model": "admin.logentry",
        "pk": 137
    },
    {
        "fields": {
            "action_flag": 1,
            "action_time": "2014-10-16T15:24:48.779",
            "object_repr": "Safety box f.used syrgs/ndls 5lt/BOX-25 2014-10-06 Ntungamo  DHO MIDDLE_MAN YI107 - PCR 3 KEEP CHILDREN SAFE, 2014-10-16 ",
            "object_id": "13",
            "change_message": "",
            "user": 1,
            "content_type": 15
        },
        "model": "admin.logentry",
        "pk": 138
    },
    {
        "fields": {
            "action_flag": 1,
            "action_time": "2014-10-16T15:25:30.492",
            "object_repr": "AGAGO DHO MIDDLE_MAN YI107 - PCR 3 KEEP CHILDREN SAFE, 2014-10-16 ",
            "object_id": "10",
            "change_message": "",
            "user": 1,
            "content_type": 12
        },
        "model": "admin.logentry",
        "pk": 139
    },
    {
        "fields": {
            "action_flag": 1,
            "action_time": "2014-10-16T15:25:33.001",
            "object_repr": "Safety box f.used syrgs/ndls 5lt/BOX-25 2014-10-06 AGAGO DHO MIDDLE_MAN YI107 - PCR 3 KEEP CHILDREN SAFE, 2014-10-16 ",
            "object_id": "14",
            "change_message": "",
            "user": 1,
            "content_type": 15
        },
        "model": "admin.logentry",
        "pk": 140
    },
    {
        "fields": {
            "action_flag": 1,
            "action_time": "2014-10-16T15:45:52.572",
            "object_repr": "AMURU DHO MIDDLE_MAN YI107 - PCR 3 KEEP CHILDREN SAFE, 2014-10-16 ",
            "object_id": "11",
            "change_message": "",
            "user": 1,
            "content_type": 12
        },
        "model": "admin.logentry",
        "pk": 141
    },
    {
        "fields": {
            "action_flag": 1,
            "action_time": "2014-10-16T15:45:55.605",
            "object_repr": "Safety box f.used syrgs/ndls 5lt/BOX-25 2014-10-06 AMURU DHO MIDDLE_MAN YI107 - PCR 3 KEEP CHILDREN SAFE, 2014-10-16 ",
            "object_id": "15",
            "change_message": "",
            "user": 1,
            "content_type": 15
        },
        "model": "admin.logentry",
        "pk": 142
    },
    {
        "fields": {
            "action_flag": 1,
            "action_time": "2014-10-16T15:46:43.509",
            "object_repr": "KITGUM DHO MIDDLE_MAN YI107 - PCR 3 KEEP CHILDREN SAFE, 2014-10-16 ",
            "object_id": "12",
            "change_message": "",
            "user": 1,
            "content_type": 12
        },
        "model": "admin.logentry",
        "pk": 143
    },
    {
        "fields": {
            "action_flag": 1,
            "action_time": "2014-10-16T15:46:45.497",
            "object_repr": "Safety box f.used syrgs/ndls 5lt/BOX-25 2014-10-06 KITGUM DHO MIDDLE_MAN YI107 - PCR 3 KEEP CHILDREN SAFE, 2014-10-16 ",
            "object_id": "16",
            "change_message": "",
            "user": 1,
            "content_type": 15
        },
        "model": "admin.logentry",
        "pk": 144
    },
    {
        "fields": {
            "action_flag": 1,
            "action_time": "2014-10-16T15:47:51.207",
            "object_repr": "YI105 - PCR 1 KEEP CHILDREN AND MOTHERS, 2014-10-16",
            "object_id": "3",
            "change_message": "",
            "user": 1,
            "content_type": 8
        },
        "model": "admin.logentry",
        "pk": 145
    },
    {
        "fields": {
            "action_flag": 1,
            "action_time": "2014-10-16T15:51:13.908",
            "object_repr": "Sachet",
            "object_id": "4",
            "change_message": "",
            "user": 1,
            "content_type": 10
        },
        "model": "admin.logentry",
        "pk": 146
    },
    {
        "fields": {
            "action_flag": 1,
            "action_time": "2014-10-16T15:51:15.829",
            "object_repr": "Therapeutic spread,sachet 92g/CAR-150",
            "object_id": "9",
            "change_message": "",
            "user": 1,
            "content_type": 11
        },
        "model": "admin.logentry",
        "pk": 147
    },
    {
        "fields": {
            "action_flag": 1,
            "action_time": "2014-10-16T15:53:09.990",
            "object_repr": "Therapeutic spread,sachet 92g/CAR-150",
            "object_id": "4",
            "change_message": "",
            "user": 1,
            "content_type": 14
        },
        "model": "admin.logentry",
        "pk": 148
    },
    {
        "fields": {
            "action_flag": 1,
            "action_time": "2014-10-16T15:53:51.316",
            "object_repr": "ReSoMal,42g sachet for 1 litre/CAR-100",
            "object_id": "10",
            "change_message": "",
            "user": 1,
            "content_type": 11
        },
        "model": "admin.logentry",
        "pk": 149
    },
    {
        "fields": {
            "action_flag": 1,
            "action_time": "2014-10-16T15:54:27.477",
            "object_repr": "ReSoMal,42g sachet for 1 litre/CAR-100",
            "object_id": "5",
            "change_message": "",
            "user": 1,
            "content_type": 14
        },
        "model": "admin.logentry",
        "pk": 150
    },
    {
        "fields": {
            "action_flag": 1,
            "action_time": "2014-10-16T15:55:18.462",
            "object_repr": "MUAC,Child 11.5 Red/PAC-50",
            "object_id": "11",
            "change_message": "",
            "user": 1,
            "content_type": 11
        },
        "model": "admin.logentry",
        "pk": 151
    },
    {
        "fields": {
            "action_flag": 1,
            "action_time": "2014-10-16T15:56:03.816",
            "object_repr": "MUAC,Child 11.5 Red/PAC-50",
            "object_id": "6",
            "change_message": "",
            "user": 1,
            "content_type": 14
        },
        "model": "admin.logentry",
        "pk": 152
    },
    {
        "fields": {
            "action_flag": 1,
            "action_time": "2014-10-16T15:56:57.560",
            "object_repr": "F-75 therap.diet,sachet, 102.5g/CAR-120",
            "object_id": "12",
            "change_message": "",
            "user": 1,
            "content_type": 11
        },
        "model": "admin.logentry",
        "pk": 153
    },
    {
        "fields": {
            "action_flag": 1,
            "action_time": "2014-10-16T15:57:52.368",
            "object_repr": "F-75 therap.diet,sachet, 102.5g/CAR-120",
            "object_id": "7",
            "change_message": "",
            "user": 1,
            "content_type": 14
        },
        "model": "admin.logentry",
        "pk": 154
    },
    {
        "fields": {
            "action_flag": 3,
            "action_time": "2014-10-16T15:58:04.759",
            "object_repr": "flour",
            "object_id": "1",
            "change_message": "",
            "user": 1,
            "content_type": 14
        },
        "model": "admin.logentry",
        "pk": 155
    },
    {
        "fields": {
            "action_flag": 1,
            "action_time": "2014-10-16T15:59:41.028",
            "object_repr": "Laptop,Lenovo,ThinkPad T510",
            "object_id": "8",
            "change_message": "",
            "user": 1,
            "content_type": 14
        },
        "model": "admin.logentry",
        "pk": 156
    },
    {
        "fields": {
            "action_flag": 1,
            "action_time": "2014-10-16T16:00:27.358",
            "object_repr": "Laptop bag",
            "object_id": "9",
            "change_message": "",
            "user": 1,
            "content_type": 14
        },
        "model": "admin.logentry",
        "pk": 157
    },
    {
        "fields": {
            "action_flag": 1,
            "action_time": "2014-10-16T16:01:20.503",
            "object_repr": "Power Adapter",
            "object_id": "10",
            "change_message": "",
            "user": 1,
            "content_type": 14
        },
        "model": "admin.logentry",
        "pk": 158
    },
    {
        "fields": {
            "action_flag": 1,
            "action_time": "2014-10-16T16:04:49.521",
            "object_repr": "PU",
            "object_id": "5",
            "change_message": "",
            "user": 1,
            "content_type": 10
        },
        "model": "admin.logentry",
        "pk": 159
    },
    {
        "fields": {
            "action_flag": 1,
            "action_time": "2014-10-16T16:04:50.983",
            "object_repr": "Toner",
            "object_id": "13",
            "change_message": "",
            "user": 1,
            "content_type": 11
        },
        "model": "admin.logentry",
        "pk": 160
    },
    {
        "fields": {
            "action_flag": 1,
            "action_time": "2014-10-16T16:05:40.154",
            "object_repr": "Toner",
            "object_id": "11",
            "change_message": "",
            "user": 1,
            "content_type": 14
        },
        "model": "admin.logentry",
        "pk": 161
    },
    {
        "fields": {
            "action_flag": 1,
            "action_time": "2014-10-16T16:07:08.776",
            "object_repr": "Printer",
            "object_id": "14",
            "change_message": "",
            "user": 1,
            "content_type": 11
        },
        "model": "admin.logentry",
        "pk": 162
    },
    {
        "fields": {
            "action_flag": 1,
            "action_time": "2014-10-16T16:07:35.212",
            "object_repr": "Printer",
            "object_id": "12",
            "change_message": "",
            "user": 1,
            "content_type": 14
        },
        "model": "admin.logentry",
        "pk": 163
    },
    {
        "fields": {
            "action_flag": 1,
            "action_time": "2014-10-16T16:08:41.151",
            "object_repr": "IEHK2006,kit,basic unit",
            "object_id": "15",
            "change_message": "",
            "user": 1,
            "content_type": 11
        },
        "model": "admin.logentry",
        "pk": 164
    },
    {
        "fields": {
            "action_flag": 1,
            "action_time": "2014-10-16T16:09:05.868",
            "object_repr": "IEHK2006,kit,suppl.1-drugs",
            "object_id": "16",
            "change_message": "",
            "user": 1,
            "content_type": 11
        },
        "model": "admin.logentry",
        "pk": 165
    },
    {
        "fields": {
            "action_flag": 1,
            "action_time": "2014-10-16T16:09:56.872",
            "object_repr": "IEHK2006,kit,suppl.1-drugs",
            "object_id": "13",
            "change_message": "",
            "user": 1,
            "content_type": 14
        },
        "model": "admin.logentry",
        "pk": 166
    },
    {
        "fields": {
            "action_flag": 1,
            "action_time": "2014-10-16T16:11:00.075",
            "object_repr": "IEHK2006,kit,suppl.1-drugs",
            "object_id": "14",
            "change_message": "",
            "user": 1,
            "content_type": 14
        },
        "model": "admin.logentry",
        "pk": 167
    },
    {
        "fields": {
            "action_flag": 1,
            "action_time": "2014-10-16T16:12:52.103",
            "object_repr": "BUNDIBUGYO DHO MIDDLE_MAN YI105 - PCR 1 KEEP CHILDREN AND MOTHERS, 2014-10-16 ",
            "object_id": "13",
            "change_message": "",
            "user": 1,
            "content_type": 12
        },
        "model": "admin.logentry",
        "pk": 168
    },
    {
        "fields": {
            "action_flag": 1,
            "action_time": "2014-10-16T16:13:05.721",
            "object_repr": "IEHK2006,kit,suppl.1-drugs 2014-10-01 BUNDIBUGYO DHO MIDDLE_MAN YI105 - PCR 1 KEEP CHILDREN AND MOTHERS, 2014-10-16 ",
            "object_id": "17",
            "change_message": "",
            "user": 1,
            "content_type": 15
        },
        "model": "admin.logentry",
        "pk": 169
    },
    {
        "fields": {
            "action_flag": 1,
            "action_time": "2014-10-16T16:13:51.305",
            "object_repr": "BUIKWE DHO MIDDLE_MAN YI105 - PCR 1 KEEP CHILDREN AND MOTHERS, 2014-10-16 ",
            "object_id": "14",
            "change_message": "",
            "user": 1,
            "content_type": 12
        },
        "model": "admin.logentry",
        "pk": 170
    },
    {
        "fields": {
            "action_flag": 1,
            "action_time": "2014-10-16T16:14:15.543",
            "object_repr": "KALUNGU DHO MIDDLE_MAN YI105 - PCR 1 KEEP CHILDREN AND MOTHERS, 2014-10-16 ",
            "object_id": "15",
            "change_message": "",
            "user": 1,
            "content_type": 12
        },
        "model": "admin.logentry",
        "pk": 171
    },
    {
        "fields": {
            "action_flag": 1,
            "action_time": "2014-10-16T16:14:41.703",
            "object_repr": "WAKISO DHO MIDDLE_MAN YI105 - PCR 1 KEEP CHILDREN AND MOTHERS, 2014-10-16 ",
            "object_id": "16",
            "change_message": "",
            "user": 1,
            "content_type": 12
        },
        "model": "admin.logentry",
        "pk": 172
    },
    {
        "fields": {
            "action_flag": 1,
            "action_time": "2014-10-16T16:15:09.641",
            "object_repr": "MUBENDE DHO MIDDLE_MAN YI105 - PCR 1 KEEP CHILDREN AND MOTHERS, 2014-10-16 ",
            "object_id": "17",
            "change_message": "",
            "user": 1,
            "content_type": 12
        },
        "model": "admin.logentry",
        "pk": 173
    },
    {
        "fields": {
            "action_flag": 1,
            "action_time": "2014-10-16T16:15:26.059",
            "object_repr": "IEHK2006,kit,suppl.1-drugs 2014-09-29 MUBENDE DHO MIDDLE_MAN YI105 - PCR 1 KEEP CHILDREN AND MOTHERS, 2014-10-16 ",
            "object_id": "18",
            "change_message": "",
            "user": 1,
            "content_type": 15
        },
        "model": "admin.logentry",
        "pk": 174
    },
    {
        "fields": {
            "action_flag": 1,
            "action_time": "2014-10-16T16:17:23.239",
            "object_repr": "IEHK2006,kit,suppl.1-drugs 2014-09-22 WAKISO DHO MIDDLE_MAN YI105 - PCR 1 KEEP CHILDREN AND MOTHERS, 2014-10-16 ",
            "object_id": "19",
            "change_message": "",
            "user": 1,
            "content_type": 15
        },
        "model": "admin.logentry",
        "pk": 175
    },
    {
        "fields": {
            "action_flag": 3,
            "action_time": "2014-10-16T16:18:31.922",
            "object_repr": "flour",
            "object_id": "1",
            "change_message": "",
            "user": 1,
            "content_type": 11
        },
        "model": "admin.logentry",
        "pk": 176
    },
    {
        "fields": {
            "action_flag": 2,
            "action_time": "2014-10-16T16:18:45.241",
            "object_repr": "IEHK2006,kit,basic unit",
            "object_id": "15",
            "change_message": "No fields changed.",
            "user": 1,
            "content_type": 11
        },
        "model": "admin.logentry",
        "pk": 177
    },
    {
        "fields": {
            "action_flag": 2,
            "action_time": "2014-10-16T16:19:27.139",
            "object_repr": "YI107 - PCR 3 KEEP CHILDREN SAFE, 20145809 2014-10-05",
            "object_id": "14",
            "change_message": "No fields changed.",
            "user": 1,
            "content_type": 13
        },
        "model": "admin.logentry",
        "pk": 178
    },
    {
        "fields": {
            "action_flag": 1,
            "action_time": "2014-10-16T16:21:55.436",
            "object_repr": "MAMA KITS, CLEAN DELIVERY KITS",
            "object_id": "17",
            "change_message": "",
            "user": 1,
            "content_type": 11
        },
        "model": "admin.logentry",
        "pk": 179
    },
    {
        "fields": {
            "action_flag": 1,
            "action_time": "2014-10-16T16:22:24.418",
            "object_repr": "IEHK2006,kit,suppl.1-drugs",
            "object_id": "18",
            "change_message": "",
            "user": 1,
            "content_type": 11
        },
        "model": "admin.logentry",
        "pk": 180
    },
    {
        "fields": {
            "action_flag": 1,
            "action_time": "2014-10-16T16:23:48.354",
            "object_repr": "MAMA KITS, CLEAN DELIVERY KITS",
            "object_id": "15",
            "change_message": "",
            "user": 1,
            "content_type": 14
        },
        "model": "admin.logentry",
        "pk": 181
    },
    {
        "fields": {
            "action_flag": 1,
            "action_time": "2014-10-16T16:24:49.049",
            "object_repr": "IEHK2006,kit,suppl.1-drugs",
            "object_id": "16",
            "change_message": "",
            "user": 1,
            "content_type": 14
        },
        "model": "admin.logentry",
        "pk": 182
    },
    {
        "fields": {
            "action_flag": 2,
            "action_time": "2014-10-16T16:46:45.477",
            "object_repr": "MALARIA CONSORTIUM",
            "object_id": "42",
            "change_message": "No fields changed.",
            "user": 1,
            "content_type": 9
        },
        "model": "admin.logentry",
        "pk": 183
    },
    {
        "fields": {
            "action_flag": 1,
            "action_time": "2014-10-17T10:25:27.127",
            "object_repr": "Item: Safety box f.used syrgs/ndls 5lt/BOX-25 - Phone: 0794008951",
            "object_id": "7",
            "change_message": "",
            "user": 1,
            "content_type": 16
        },
        "model": "admin.logentry",
        "pk": 184
    },
    {
        "fields": {
            "action_flag": 1,
            "action_time": "2014-10-17T10:25:55.767",
            "object_repr": "Yes",
            "object_id": "1",
            "change_message": "",
            "user": 1,
            "content_type": 21
        },
        "model": "admin.logentry",
        "pk": 185
    },
    {
        "fields": {
            "action_flag": 1,
            "action_time": "2014-10-17T10:25:59.986",
            "object_repr": "MultipleChoiceAnswer object",
            "object_id": "1",
            "change_message": "",
            "user": 1,
            "content_type": 24
        },
        "model": "admin.logentry",
        "pk": 186
    },
    {
        "fields": {
            "action_flag": 1,
            "action_time": "2014-10-17T10:26:32.477",
            "object_repr": "Damaged",
            "object_id": "2",
            "change_message": "",
            "user": 1,
            "content_type": 21
        },
        "model": "admin.logentry",
        "pk": 187
    },
    {
        "fields": {
            "action_flag": 1,
            "action_time": "2014-10-17T10:26:46.778",
            "object_repr": "Good",
            "object_id": "3",
            "change_message": "",
            "user": 1,
            "content_type": 21
        },
        "model": "admin.logentry",
        "pk": 188
    },
    {
        "fields": {
            "action_flag": 1,
            "action_time": "2014-10-17T10:26:57.628",
            "object_repr": "Expired",
            "object_id": "4",
            "change_message": "",
            "user": 1,
            "content_type": 21
        },
        "model": "admin.logentry",
        "pk": 189
    },
    {
        "fields": {
            "action_flag": 1,
            "action_time": "2014-10-17T10:27:06.106",
            "object_repr": "MultipleChoiceAnswer object",
            "object_id": "2",
            "change_message": "",
            "user": 1,
            "content_type": 24
        },
        "model": "admin.logentry",
        "pk": 190
    },
    {
        "fields": {
            "action_flag": 1,
            "action_time": "2014-10-17T10:27:31.724",
            "object_repr": "No",
            "object_id": "5",
            "change_message": "",
            "user": 1,
            "content_type": 21
        },
        "model": "admin.logentry",
        "pk": 191
    },
    {
        "fields": {
            "action_flag": 1,
            "action_time": "2014-10-17T10:27:40.582",
            "object_repr": "Yes",
            "object_id": "6",
            "change_message": "",
            "user": 1,
            "content_type": 21
        },
        "model": "admin.logentry",
        "pk": 192
    },
    {
        "fields": {
            "action_flag": 1,
            "action_time": "2014-10-17T10:27:45.334",
            "object_repr": "MultipleChoiceAnswer object",
            "object_id": "3",
            "change_message": "",
            "user": 1,
            "content_type": 24
        },
        "model": "admin.logentry",
        "pk": 193
    },
    {
        "fields": {
            "action_flag": 1,
            "action_time": "2014-10-17T10:30:48.870",
            "object_repr": "MultipleChoiceAnswer object",
            "object_id": "4",
            "change_message": "",
            "user": 1,
            "content_type": 24
        },
        "model": "admin.logentry",
        "pk": 194
    },
    {
        "fields": {
            "action_flag": 1,
            "action_time": "2014-10-17T10:32:50.576",
            "object_repr": "NumericAnswer object",
            "object_id": "1",
            "change_message": "",
            "user": 1,
            "content_type": 23
        },
        "model": "admin.logentry",
        "pk": 195
    },
    {
        "fields": {
            "action_flag": 1,
            "action_time": "2014-10-17T10:33:29.077",
            "object_repr": "TextAnswer object",
            "object_id": "1",
            "change_message": "",
            "user": 1,
            "content_type": 22
        },
        "model": "admin.logentry",
        "pk": 196
    },
    {
        "fields": {
            "action_flag": 1,
            "action_time": "2014-10-17T10:33:51.062",
            "object_repr": "TextAnswer object",
            "object_id": "2",
            "change_message": "",
            "user": 1,
            "content_type": 22
        },
        "model": "admin.logentry",
        "pk": 197
    },
    {
        "fields": {
            "action_flag": 1,
            "action_time": "2014-10-17T10:34:09.342",
            "object_repr": "TextAnswer object",
            "object_id": "3",
            "change_message": "",
            "user": 1,
            "content_type": 22
        },
        "model": "admin.logentry",
        "pk": 198
    },
    {
        "fields": {
            "action_flag": 1,
            "action_time": "2014-10-17T10:35:28.364",
            "object_repr": "Item: Safety box f.used syrgs/ndls 5lt/BOX-25 - Phone: 0794008951",
            "object_id": "8",
            "change_message": "",
            "user": 1,
            "content_type": 16
        },
        "model": "admin.logentry",
        "pk": 199
    },
    {
        "fields": {
            "action_flag": 1,
            "action_time": "2014-10-17T10:35:35.010",
            "object_repr": "MultipleChoiceAnswer object",
            "object_id": "5",
            "change_message": "",
            "user": 1,
            "content_type": 24
        },
        "model": "admin.logentry",
        "pk": 200
    },
    {
        "fields": {
            "action_flag": 1,
            "action_time": "2014-10-17T10:35:46.720",
            "object_repr": "MultipleChoiceAnswer object",
            "object_id": "6",
            "change_message": "",
            "user": 1,
            "content_type": 24
        },
        "model": "admin.logentry",
        "pk": 201
    },
    {
        "fields": {
            "action_flag": 1,
            "action_time": "2014-10-17T10:35:55.130",
            "object_repr": "MultipleChoiceAnswer object",
            "object_id": "7",
            "change_message": "",
            "user": 1,
            "content_type": 24
        },
        "model": "admin.logentry",
        "pk": 202
    },
    {
        "fields": {
            "action_flag": 1,
            "action_time": "2014-10-17T10:36:32.166",
            "object_repr": "Item: Safety box f.used syrgs/ndls 5lt/BOX-25 - Phone: 0794008952",
            "object_id": "9",
            "change_message": "",
            "user": 1,
            "content_type": 16
        },
        "model": "admin.logentry",
        "pk": 203
    },
    {
        "fields": {
            "action_flag": 1,
            "action_time": "2014-10-17T10:36:39.495",
            "object_repr": "MultipleChoiceAnswer object",
            "object_id": "8",
            "change_message": "",
            "user": 1,
            "content_type": 24
        },
        "model": "admin.logentry",
        "pk": 204
    },
    {
        "fields": {
            "action_flag": 1,
            "action_time": "2014-10-17T10:36:54.248",
            "object_repr": "MultipleChoiceAnswer object",
            "object_id": "9",
            "change_message": "",
            "user": 1,
            "content_type": 24
        },
        "model": "admin.logentry",
        "pk": 205
    },
    {
        "fields": {
            "action_flag": 1,
            "action_time": "2014-10-17T10:37:18.237",
            "object_repr": "Item: Safety box f.used syrgs/ndls 5lt/BOX-25 - Phone: 0794008953",
            "object_id": "10",
            "change_message": "",
            "user": 1,
            "content_type": 16
        },
        "model": "admin.logentry",
        "pk": 206
    },
    {
        "fields": {
            "action_flag": 1,
            "action_time": "2014-10-17T10:37:24.024",
            "object_repr": "MultipleChoiceAnswer object",
            "object_id": "10",
            "change_message": "",
            "user": 1,
            "content_type": 24
        },
        "model": "admin.logentry",
        "pk": 207
    },
    {
        "fields": {
            "action_flag": 1,
            "action_time": "2014-10-17T10:37:34.549",
            "object_repr": "MultipleChoiceAnswer object",
            "object_id": "11",
            "change_message": "",
            "user": 1,
            "content_type": 24
        },
        "model": "admin.logentry",
        "pk": 208
    },
    {
        "fields": {
            "action_flag": 1,
            "action_time": "2014-10-17T10:37:43.908",
            "object_repr": "MultipleChoiceAnswer object",
            "object_id": "12",
            "change_message": "",
            "user": 1,
            "content_type": 24
        },
        "model": "admin.logentry",
        "pk": 209
    },
    {
        "fields": {
            "action_flag": 1,
            "action_time": "2014-10-17T10:39:09.578",
            "object_repr": "Item: Safety box f.used syrgs/ndls 5lt/BOX-25 - Phone: 0794008954",
            "object_id": "11",
            "change_message": "",
            "user": 1,
            "content_type": 16
        },
        "model": "admin.logentry",
        "pk": 210
    },
    {
        "fields": {
            "action_flag": 1,
            "action_time": "2014-10-17T10:39:17.006",
            "object_repr": "MultipleChoiceAnswer object",
            "object_id": "13",
            "change_message": "",
            "user": 1,
            "content_type": 24
        },
        "model": "admin.logentry",
        "pk": 211
    },
    {
        "fields": {
            "action_flag": 1,
            "action_time": "2014-10-17T10:39:34.612",
            "object_repr": "MultipleChoiceAnswer object",
            "object_id": "14",
            "change_message": "",
            "user": 1,
            "content_type": 24
        },
        "model": "admin.logentry",
        "pk": 212
    },
    {
        "fields": {
            "action_flag": 1,
            "action_time": "2014-10-17T10:39:45.109",
            "object_repr": "MultipleChoiceAnswer object",
            "object_id": "15",
            "change_message": "",
            "user": 1,
            "content_type": 24
        },
        "model": "admin.logentry",
        "pk": 213
    },
    {
        "fields": {
            "action_flag": 1,
            "action_time": "2014-10-17T10:40:03.683",
            "object_repr": "Item: Safety box f.used syrgs/ndls 5lt/BOX-25 - Phone: 0794008955",
            "object_id": "12",
            "change_message": "",
            "user": 1,
            "content_type": 16
        },
        "model": "admin.logentry",
        "pk": 214
    },
    {
        "fields": {
            "action_flag": 1,
            "action_time": "2014-10-17T10:40:09.124",
            "object_repr": "MultipleChoiceAnswer object",
            "object_id": "16",
            "change_message": "",
            "user": 1,
            "content_type": 24
        },
        "model": "admin.logentry",
        "pk": 215
    },
    {
        "fields": {
            "action_flag": 1,
            "action_time": "2014-10-17T10:40:16.200",
            "object_repr": "MultipleChoiceAnswer object",
            "object_id": "17",
            "change_message": "",
            "user": 1,
            "content_type": 24
        },
        "model": "admin.logentry",
        "pk": 216
    },
    {
        "fields": {
            "action_flag": 1,
            "action_time": "2014-10-17T10:40:25.380",
            "object_repr": "MultipleChoiceAnswer object",
            "object_id": "18",
            "change_message": "",
            "user": 1,
            "content_type": 24
        },
        "model": "admin.logentry",
        "pk": 217
    },
    {
        "fields": {
            "action_flag": 1,
            "action_time": "2014-10-17T10:40:57.194",
            "object_repr": "Item: Safety box f.used syrgs/ndls 5lt/BOX-25 - Phone: 0794008956",
            "object_id": "13",
            "change_message": "",
            "user": 1,
            "content_type": 16
        },
        "model": "admin.logentry",
        "pk": 218
    },
    {
        "fields": {
            "action_flag": 1,
            "action_time": "2014-10-17T10:41:59.276",
            "object_repr": "MultipleChoiceAnswer object",
            "object_id": "19",
            "change_message": "",
            "user": 1,
            "content_type": 24
        },
        "model": "admin.logentry",
        "pk": 219
    },
    {
        "fields": {
            "action_flag": 1,
            "action_time": "2014-10-17T10:42:05.976",
            "object_repr": "MultipleChoiceAnswer object",
            "object_id": "20",
            "change_message": "",
            "user": 1,
            "content_type": 24
        },
        "model": "admin.logentry",
        "pk": 220
    },
    {
        "fields": {
            "action_flag": 1,
            "action_time": "2014-10-17T10:42:15.679",
            "object_repr": "MultipleChoiceAnswer object",
            "object_id": "21",
            "change_message": "",
            "user": 1,
            "content_type": 24
        },
        "model": "admin.logentry",
        "pk": 221
    },
    {
        "fields": {
            "action_flag": 1,
            "action_time": "2014-10-17T10:42:39.856",
            "object_repr": "Item: Safety box f.used syrgs/ndls 5lt/BOX-25 - Phone: 0794008957",
            "object_id": "14",
            "change_message": "",
            "user": 1,
            "content_type": 16
        },
        "model": "admin.logentry",
        "pk": 222
    },
    {
        "fields": {
            "action_flag": 1,
            "action_time": "2014-10-17T10:42:46.728",
            "object_repr": "MultipleChoiceAnswer object",
            "object_id": "22",
            "change_message": "",
            "user": 1,
            "content_type": 24
        },
        "model": "admin.logentry",
        "pk": 223
    },
    {
        "fields": {
            "action_flag": 1,
            "action_time": "2014-10-17T10:43:00.382",
            "object_repr": "MultipleChoiceAnswer object",
            "object_id": "23",
            "change_message": "",
            "user": 1,
            "content_type": 24
        },
        "model": "admin.logentry",
        "pk": 224
    },
    {
        "fields": {
            "action_flag": 1,
            "action_time": "2014-10-17T10:43:21.751",
            "object_repr": "Item: Safety box f.used syrgs/ndls 5lt/BOX-25 - Phone: 0794008957",
            "object_id": "15",
            "change_message": "",
            "user": 1,
            "content_type": 16
        },
        "model": "admin.logentry",
        "pk": 225
    },
    {
        "fields": {
            "action_flag": 1,
            "action_time": "2014-10-17T10:43:27.476",
            "object_repr": "MultipleChoiceAnswer object",
            "object_id": "24",
            "change_message": "",
            "user": 1,
            "content_type": 24
        },
        "model": "admin.logentry",
        "pk": 226
    },
    {
        "fields": {
            "action_flag": 1,
            "action_time": "2014-10-17T10:43:35.607",
            "object_repr": "MultipleChoiceAnswer object",
            "object_id": "25",
            "change_message": "",
            "user": 1,
            "content_type": 24
        },
        "model": "admin.logentry",
        "pk": 227
    },
    {
        "fields": {
            "action_flag": 1,
            "action_time": "2014-10-17T10:43:47.552",
            "object_repr": "MultipleChoiceAnswer object",
            "object_id": "26",
            "change_message": "",
            "user": 1,
            "content_type": 24
        },
        "model": "admin.logentry",
        "pk": 228
    },
    {
        "fields": {
            "action_flag": 1,
            "action_time": "2014-10-17T10:44:06.537",
            "object_repr": "Item: Safety box f.used syrgs/ndls 5lt/BOX-25 - Phone: 0794008958",
            "object_id": "16",
            "change_message": "",
            "user": 1,
            "content_type": 16
        },
        "model": "admin.logentry",
        "pk": 229
    },
    {
        "fields": {
            "action_flag": 1,
            "action_time": "2014-10-17T10:46:42.612",
            "object_repr": "MultipleChoiceAnswer object",
            "object_id": "27",
            "change_message": "",
            "user": 1,
            "content_type": 24
        },
        "model": "admin.logentry",
        "pk": 230
    },
    {
        "fields": {
            "action_flag": 1,
            "action_time": "2014-10-17T10:46:53.907",
            "object_repr": "MultipleChoiceAnswer object",
            "object_id": "28",
            "change_message": "",
            "user": 1,
            "content_type": 24
        },
        "model": "admin.logentry",
        "pk": 231
    },
    {
        "fields": {
            "action_flag": 1,
            "action_time": "2014-10-17T10:47:19.762",
            "object_repr": "Item: Safety box f.used syrgs/ndls 5lt/BOX-25 - Phone: 0794008959",
            "object_id": "17",
            "change_message": "",
            "user": 1,
            "content_type": 16
        },
        "model": "admin.logentry",
        "pk": 232
    },
    {
        "fields": {
            "action_flag": 1,
            "action_time": "2014-10-17T10:47:25.716",
            "object_repr": "MultipleChoiceAnswer object",
            "object_id": "29",
            "change_message": "",
            "user": 1,
            "content_type": 24
        },
        "model": "admin.logentry",
        "pk": 233
    },
    {
        "fields": {
            "action_flag": 1,
            "action_time": "2014-10-17T10:47:35.957",
            "object_repr": "MultipleChoiceAnswer object",
            "object_id": "30",
            "change_message": "",
            "user": 1,
            "content_type": 24
        },
        "model": "admin.logentry",
        "pk": 234
    },
    {
        "fields": {
            "action_flag": 1,
            "action_time": "2014-10-17T10:47:56.905",
            "object_repr": "Item: IEHK2006,kit,suppl.1-drugs - Phone: 0794008960",
            "object_id": "18",
            "change_message": "",
            "user": 1,
            "content_type": 16
        },
        "model": "admin.logentry",
        "pk": 235
    },
    {
        "fields": {
            "action_flag": 1,
            "action_time": "2014-10-17T10:48:01.364",
            "object_repr": "MultipleChoiceAnswer object",
            "object_id": "31",
            "change_message": "",
            "user": 1,
            "content_type": 24
        },
        "model": "admin.logentry",
        "pk": 236
    },
    {
        "fields": {
            "action_flag": 1,
            "action_time": "2014-10-17T10:48:10.170",
            "object_repr": "MultipleChoiceAnswer object",
            "object_id": "32",
            "change_message": "",
            "user": 1,
            "content_type": 24
        },
        "model": "admin.logentry",
        "pk": 237
    },
    {
        "fields": {
            "action_flag": 1,
            "action_time": "2014-10-17T10:48:22.108",
            "object_repr": "MultipleChoiceAnswer object",
            "object_id": "33",
            "change_message": "",
            "user": 1,
            "content_type": 24
        },
        "model": "admin.logentry",
        "pk": 238
    },
    {
        "fields": {
            "action_flag": 1,
            "action_time": "2014-10-17T10:48:39.452",
            "object_repr": "Item: IEHK2006,kit,suppl.1-drugs - Phone: 0794008961",
            "object_id": "19",
            "change_message": "",
            "user": 1,
            "content_type": 16
        },
        "model": "admin.logentry",
        "pk": 239
    },
    {
        "fields": {
            "action_flag": 1,
            "action_time": "2014-10-17T10:48:44.762",
            "object_repr": "MultipleChoiceAnswer object",
            "object_id": "34",
            "change_message": "",
            "user": 1,
            "content_type": 24
        },
        "model": "admin.logentry",
        "pk": 240
    },
    {
        "fields": {
            "action_flag": 1,
            "action_time": "2014-10-17T10:48:54.253",
            "object_repr": "MultipleChoiceAnswer object",
            "object_id": "35",
            "change_message": "",
            "user": 1,
            "content_type": 24
        },
        "model": "admin.logentry",
        "pk": 241
    },
    {
        "fields": {
            "action_flag": 1,
            "action_time": "2014-10-17T10:49:08.192",
            "object_repr": "MultipleChoiceAnswer object",
            "object_id": "36",
            "change_message": "",
            "user": 1,
            "content_type": 24
        },
        "model": "admin.logentry",
        "pk": 242
    },
    {
        "fields": {
            "action_flag": 1,
            "action_time": "2014-10-17T10:50:41.811",
            "object_repr": "Item: IEHK2006,kit,suppl.1-drugs - Phone: 0794008962",
            "object_id": "20",
            "change_message": "",
            "user": 1,
            "content_type": 16
        },
        "model": "admin.logentry",
        "pk": 243
    },
    {
        "fields": {
            "action_flag": 1,
            "action_time": "2014-10-17T10:50:48.156",
            "object_repr": "MultipleChoiceAnswer object",
            "object_id": "37",
            "change_message": "",
            "user": 1,
            "content_type": 24
        },
        "model": "admin.logentry",
        "pk": 244
    },
    {
        "fields": {
            "action_flag": 1,
            "action_time": "2014-10-17T10:50:56.228",
            "object_repr": "MultipleChoiceAnswer object",
            "object_id": "38",
            "change_message": "",
            "user": 1,
            "content_type": 24
        },
        "model": "admin.logentry",
        "pk": 245
    },
    {
        "fields": {
            "action_flag": 1,
            "action_time": "2014-10-17T10:51:22.686",
            "object_repr": "Item: IEHK2006,kit,suppl.1-drugs - Phone: 0794008963",
            "object_id": "21",
            "change_message": "",
            "user": 1,
            "content_type": 16
        },
        "model": "admin.logentry",
        "pk": 246
    },
    {
        "fields": {
            "action_flag": 1,
            "action_time": "2014-10-17T10:51:28.641",
            "object_repr": "MultipleChoiceAnswer object",
            "object_id": "39",
            "change_message": "",
            "user": 1,
            "content_type": 24
        },
        "model": "admin.logentry",
        "pk": 247
    },
    {
        "fields": {
            "action_flag": 1,
            "action_time": "2014-10-17T10:51:36.412",
            "object_repr": "MultipleChoiceAnswer object",
            "object_id": "40",
            "change_message": "",
            "user": 1,
            "content_type": 24
        },
        "model": "admin.logentry",
        "pk": 248
    },
    {
        "fields": {
            "action_flag": 1,
            "action_time": "2014-10-17T10:51:44.399",
            "object_repr": "MultipleChoiceAnswer object",
            "object_id": "41",
            "change_message": "",
            "user": 1,
            "content_type": 24
        },
        "model": "admin.logentry",
        "pk": 249
    },
    {
        "fields": {
            "action_flag": 1,
            "action_time": "2014-10-17T10:52:36.912",
            "object_repr": "Item: IEHK2006,kit,suppl.1-drugs - Phone: 0794008964",
            "object_id": "22",
            "change_message": "",
            "user": 1,
            "content_type": 16
        },
        "model": "admin.logentry",
        "pk": 250
    },
    {
        "fields": {
            "action_flag": 1,
            "action_time": "2014-10-17T10:52:45.186",
            "object_repr": "MultipleChoiceAnswer object",
            "object_id": "42",
            "change_message": "",
            "user": 1,
            "content_type": 24
        },
        "model": "admin.logentry",
        "pk": 251
    },
    {
        "fields": {
            "action_flag": 1,
            "action_time": "2014-10-17T10:52:58.767",
            "object_repr": "MultipleChoiceAnswer object",
            "object_id": "43",
            "change_message": "",
            "user": 1,
            "content_type": 24
        },
        "model": "admin.logentry",
        "pk": 252
    },
    {
        "fields": {
            "action_flag": 1,
            "action_time": "2014-10-17T10:53:09.179",
            "object_repr": "MultipleChoiceAnswer object",
            "object_id": "44",
            "change_message": "",
            "user": 1,
            "content_type": 24
        },
        "model": "admin.logentry",
        "pk": 253
    },
    {
        "fields": {
            "action_flag": 1,
            "action_time": "2014-10-17T10:55:26.163",
            "object_repr": "Item: Safety box f.used syrgs/ndls 5lt/BOX-25 - Phone: 0794008965",
            "object_id": "23",
            "change_message": "",
            "user": 1,
            "content_type": 16
        },
        "model": "admin.logentry",
        "pk": 254
    },
    {
        "fields": {
            "action_flag": 1,
            "action_time": "2014-10-17T10:55:32.294",
            "object_repr": "MultipleChoiceAnswer object",
            "object_id": "45",
            "change_message": "",
            "user": 1,
            "content_type": 24
        },
        "model": "admin.logentry",
        "pk": 255
    },
    {
        "fields": {
            "action_flag": 1,
            "action_time": "2014-10-17T10:55:48.027",
            "object_repr": "MultipleChoiceAnswer object",
            "object_id": "46",
            "change_message": "",
            "user": 1,
            "content_type": 24
        },
        "model": "admin.logentry",
        "pk": 256
    },
    {
        "fields": {
            "action_flag": 1,
            "action_time": "2014-10-17T10:55:58.506",
            "object_repr": "MultipleChoiceAnswer object",
            "object_id": "47",
            "change_message": "",
            "user": 1,
            "content_type": 24
        },
        "model": "admin.logentry",
        "pk": 257
    },
    {
        "fields": {
            "action_flag": 2,
            "action_time": "2014-10-17T10:56:16.381",
            "object_repr": "How much was received?",
            "object_id": "3",
            "change_message": "No fields changed.",
            "user": 1,
            "content_type": 18
        },
        "model": "admin.logentry",
        "pk": 258
    },
    {
        "fields": {
            "action_flag": 2,
            "action_time": "2014-10-17T10:56:27.911",
            "object_repr": "NumericAnswer object",
            "object_id": "1",
            "change_message": "No fields changed.",
            "user": 1,
            "content_type": 23
        },
        "model": "admin.logentry",
        "pk": 259
    },
    {
        "fields": {
            "action_flag": 1,
            "action_time": "2014-10-17T10:56:40.828",
            "object_repr": "NumericAnswer object",
            "object_id": "2",
            "change_message": "",
            "user": 1,
            "content_type": 23
        },
        "model": "admin.logentry",
        "pk": 260
    },
    {
        "fields": {
            "action_flag": 1,
            "action_time": "2014-10-17T10:56:50.847",
            "object_repr": "NumericAnswer object",
            "object_id": "3",
            "change_message": "",
            "user": 1,
            "content_type": 23
        },
        "model": "admin.logentry",
        "pk": 261
    },
    {
        "fields": {
            "action_flag": 1,
            "action_time": "2014-10-17T10:56:58.148",
            "object_repr": "NumericAnswer object",
            "object_id": "4",
            "change_message": "",
            "user": 1,
            "content_type": 23
        },
        "model": "admin.logentry",
        "pk": 262
    },
    {
        "fields": {
            "action_flag": 1,
            "action_time": "2014-10-17T10:57:04.668",
            "object_repr": "NumericAnswer object",
            "object_id": "5",
            "change_message": "",
            "user": 1,
            "content_type": 23
        },
        "model": "admin.logentry",
        "pk": 263
    },
    {
        "fields": {
            "action_flag": 1,
            "action_time": "2014-10-17T10:57:14.252",
            "object_repr": "NumericAnswer object",
            "object_id": "6",
            "change_message": "",
            "user": 1,
            "content_type": 23
        },
        "model": "admin.logentry",
        "pk": 264
    },
    {
        "fields": {
            "action_flag": 1,
            "action_time": "2014-10-17T10:57:21.886",
            "object_repr": "NumericAnswer object",
            "object_id": "7",
            "change_message": "",
            "user": 1,
            "content_type": 23
        },
        "model": "admin.logentry",
        "pk": 265
    },
    {
        "fields": {
            "action_flag": 1,
            "action_time": "2014-10-17T10:57:28.826",
            "object_repr": "NumericAnswer object",
            "object_id": "8",
            "change_message": "",
            "user": 1,
            "content_type": 23
        },
        "model": "admin.logentry",
        "pk": 266
    },
    {
        "fields": {
            "action_flag": 1,
            "action_time": "2014-10-17T10:57:35.965",
            "object_repr": "NumericAnswer object",
            "object_id": "9",
            "change_message": "",
            "user": 1,
            "content_type": 23
        },
        "model": "admin.logentry",
        "pk": 267
    },
    {
        "fields": {
            "action_flag": 1,
            "action_time": "2014-10-17T10:57:42.499",
            "object_repr": "NumericAnswer object",
            "object_id": "10",
            "change_message": "",
            "user": 1,
            "content_type": 23
        },
        "model": "admin.logentry",
        "pk": 268
    },
    {
        "fields": {
            "action_flag": 1,
            "action_time": "2014-10-17T10:57:48.788",
            "object_repr": "NumericAnswer object",
            "object_id": "11",
            "change_message": "",
            "user": 1,
            "content_type": 23
        },
        "model": "admin.logentry",
        "pk": 269
    },
    {
        "fields": {
            "action_flag": 1,
            "action_time": "2014-10-17T10:57:55.297",
            "object_repr": "NumericAnswer object",
            "object_id": "12",
            "change_message": "",
            "user": 1,
            "content_type": 23
        },
        "model": "admin.logentry",
        "pk": 270
    },
    {
        "fields": {
            "action_flag": 1,
            "action_time": "2014-10-17T10:58:02.317",
            "object_repr": "NumericAnswer object",
            "object_id": "13",
            "change_message": "",
            "user": 1,
            "content_type": 23
        },
        "model": "admin.logentry",
        "pk": 271
    },
    {
        "fields": {
            "action_flag": 1,
            "action_time": "2014-10-17T10:58:10.324",
            "object_repr": "NumericAnswer object",
            "object_id": "14",
            "change_message": "",
            "user": 1,
            "content_type": 23
        },
        "model": "admin.logentry",
        "pk": 272
    },
    {
        "fields": {
            "action_flag": 1,
            "action_time": "2014-10-17T10:58:18.137",
            "object_repr": "NumericAnswer object",
            "object_id": "15",
            "change_message": "",
            "user": 1,
            "content_type": 23
        },
        "model": "admin.logentry",
        "pk": 273
    },
    {
        "fields": {
            "action_flag": 1,
            "action_time": "2014-10-17T10:58:23.914",
            "object_repr": "NumericAnswer object",
            "object_id": "16",
            "change_message": "",
            "user": 1,
            "content_type": 23
        },
        "model": "admin.logentry",
        "pk": 274
    }
]