[{"fields": {"model": "logentry", "name": "log entry", "app_label": "admin"}, "model": "contenttypes.contenttype", "pk": 1}, {"fields": {"model": "permission", "name": "permission", "app_label": "auth"}, "model": "contenttypes.contenttype", "pk": 2}, {"fields": {"model": "group", "name": "group", "app_label": "auth"}, "model": "contenttypes.contenttype", "pk": 3}, {"fields": {"model": "user", "name": "user", "app_label": "auth"}, "model": "contenttypes.contenttype", "pk": 4}, {"fields": {"model": "contenttype", "name": "content type", "app_label": "contenttypes"}, "model": "contenttypes.contenttype", "pk": 5}, {"fields": {"model": "session", "name": "session", "app_label": "sessions"}, "model": "contenttypes.contenttype", "pk": 6}, {"fields": {"model": "consignee", "name": "consignee", "app_label": "eums"}, "model": "contenttypes.contenttype", "pk": 7}, {"fields": {"model": "runnable", "name": "runnable", "app_label": "eums"}, "model": "contenttypes.contenttype", "pk": 8}, {"fields": {"model": "run", "name": "run", "app_label": "eums"}, "model": "contenttypes.contenttype", "pk": 9}, {"fields": {"model": "question", "name": "question", "app_label": "eums"}, "model": "contenttypes.contenttype", "pk": 10}, {"fields": {"model": "numericquestion", "name": "numeric question", "app_label": "eums"}, "model": "contenttypes.contenttype", "pk": 11}, {"fields": {"model": "textquestion", "name": "text question", "app_label": "eums"}, "model": "contenttypes.contenttype", "pk": 12}, {"fields": {"model": "multiplechoicequestion", "name": "multiple choice question", "app_label": "eums"}, "model": "contenttypes.contenttype", "pk": 13}, {"fields": {"model": "option", "name": "option", "app_label": "eums"}, "model": "contenttypes.contenttype", "pk": 14}, {"fields": {"model": "itemunit", "name": "item unit", "app_label": "eums"}, "model": "contenttypes.contenttype", "pk": 15}, {"fields": {"model": "programme", "name": "programme", "app_label": "eums"}, "model": "contenttypes.contenttype", "pk": 16}, {"fields": {"model": "arc", "name": "arc", "app_label": "eums"}, "model": "contenttypes.contenttype", "pk": 17}, {"fields": {"model": "orderitem", "name": "order item", "app_label": "eums"}, "model": "contenttypes.contenttype", "pk": 18}, {"fields": {"model": "item", "name": "item", "app_label": "eums"}, "model": "contenttypes.contenttype", "pk": 19}, {"fields": {"model": "flow", "name": "flow", "app_label": "eums"}, "model": "contenttypes.contenttype", "pk": 20}, {"fields": {"model": "distributionplannode", "name": "distribution plan node", "app_label": "eums"}, "model": "contenttypes.contenttype", "pk": 21}, {"fields": {"model": "consigneeitem", "name": "consignee item", "app_label": "eums"}, "model": "contenttypes.contenttype", "pk": 22}, {"fields": {"model": "textanswer", "name": "text answer", "app_label": "eums"}, "model": "contenttypes.contenttype", "pk": 23}, {"fields": {"model": "numericanswer", "name": "numeric answer", "app_label": "eums"}, "model": "contenttypes.contenttype", "pk": 24}, {"fields": {"model": "multiplechoiceanswer", "name": "multiple choice answer", "app_label": "eums"}, "model": "contenttypes.contenttype", "pk": 25}, {"fields": {"model": "purchaseorderitem", "name": "purchase order item", "app_label": "eums"}, "model": "contenttypes.contenttype", "pk": 26}, {"fields": {"model": "releaseorderitem", "name": "release order item", "app_label": "eums"}, "model": "contenttypes.contenttype", "pk": 27}, {"fields": {"model": "distributionplan", "name": "distribution plan", "app_label": "eums"}, "model": "contenttypes.contenttype", "pk": 28}, {"fields": {"model": "salesorder", "name": "sales order", "app_label": "eums"}, "model": "contenttypes.contenttype", "pk": 29}, {"fields": {"model": "salesorderitem", "name": "sales order item", "app_label": "eums"}, "model": "contenttypes.contenttype", "pk": 30}, {"fields": {"model": "runqueue", "name": "run queue", "app_label": "eums"}, "model": "contenttypes.contenttype", "pk": 31}, {"fields": {"model": "purchaseorder", "name": "purchase order", "app_label": "eums"}, "model": "contenttypes.contenttype", "pk": 32}, {"fields": {"model": "releaseorder", "name": "release order", "app_label": "eums"}, "model": "contenttypes.contenttype", "pk": 33}, {"fields": {"model": "distributionreport", "name": "distribution report", "app_label": "eums"}, "model": "contenttypes.contenttype", "pk": 34}, {"fields": {"model": "userprofile", "name": "user profile", "app_label": "eums"}, "model": "contenttypes.contenttype", "pk": 35}, {"fields": {"model": "alert", "name": "alert", "app_label": "eums"}, "model": "contenttypes.contenttype", "pk": 36}, {"fields": {"model": "systemsettings", "name": "system settings", "app_label": "eums"}, "model": "contenttypes.contenttype", "pk": 37}, {"fields": {"model": "syncinfo", "name": "sync info", "app_label": "eums"}, "model": "contenttypes.contenttype", "pk": 38}, {"fields": {"model": "deleterecords", "name": "delete records", "app_label": "eums"}, "model": "contenttypes.contenttype", "pk": 39}, {"fields": {"model": "visionsyncinfo", "name": "vision sync info", "app_label": "eums"}, "model": "contenttypes.contenttype", "pk": 40}, {"fields": {"expire_date": "2016-01-11T17:48:38.488", "session_data": "ZTY0MTJmOWRlMDA1NjgzNTExMjZmMjdkODE5MzU1YmFiNmZmMjE3Njp7fQ=="}, "model": "sessions.session", "pk": "3foffz0qid2ug1rbxqht6cwcb3r519ki"}, {"fields": {"expire_date": "2016-01-11T15:45:55.600", "session_data": "ZDQ4MjhkNmUwMzA2ODNjYjBjMmUyMTEyZjI3YjlkMTAwNDQxMjQzNTp7Il9hdXRoX3VzZXJfaGFzaCI6ImZiYzRmMmRlODZjNjRiNmYzMjJhYzgyMDgwMjcxMzI1ZTZjY2U0M2QiLCJfYXV0aF91c2VyX2JhY2tlbmQiOiJkamFuZ28uY29udHJpYi5hdXRoLmJhY2tlbmRzLk1vZGVsQmFja2VuZCIsIl9hdXRoX3VzZXJfaWQiOjF9"}, "model": "sessions.session", "pk": "40c4pvdsivl9t40qofyofw46vlhrhm6l"}, {"fields": {"expire_date": "2016-01-12T13:02:33.257", "session_data": "ZTY0MTJmOWRlMDA1NjgzNTExMjZmMjdkODE5MzU1YmFiNmZmMjE3Njp7fQ=="}, "model": "sessions.session", "pk": "6lrb502sgo65418rjfa14l01uz4ttljs"}, {"fields": {"expire_date": "2016-01-13T10:55:45.819", "session_data": "ODg0NzUzNDIwMjFmMThmZWZiMGNhYWM2YTQ1M2NkNWMwYTZiYTRiMDp7Il9hdXRoX3VzZXJfaGFzaCI6ImQ3MGJhYmVhZjg3MTBhNGNiYmRjODEyYWE4OTU0YmUwNWEwZTM4ODQiLCJfYXV0aF91c2VyX2JhY2tlbmQiOiJkamFuZ28uY29udHJpYi5hdXRoLmJhY2tlbmRzLk1vZGVsQmFja2VuZCIsIl9hdXRoX3VzZXJfaWQiOjJ9"}, "model": "sessions.session", "pk": "9eny1cjz1lyz1i55jvk3z0wkjswi9g4g"}, {"fields": {"expire_date": "2016-01-11T17:48:41.726", "session_data": "ZDQ4MjhkNmUwMzA2ODNjYjBjMmUyMTEyZjI3YjlkMTAwNDQxMjQzNTp7Il9hdXRoX3VzZXJfaGFzaCI6ImZiYzRmMmRlODZjNjRiNmYzMjJhYzgyMDgwMjcxMzI1ZTZjY2U0M2QiLCJfYXV0aF91c2VyX2JhY2tlbmQiOiJkamFuZ28uY29udHJpYi5hdXRoLmJhY2tlbmRzLk1vZGVsQmFja2VuZCIsIl9hdXRoX3VzZXJfaWQiOjF9"}, "model": "sessions.session", "pk": "9femiu3r8tciumf1rwhwp55hnzk89fva"}, {"fields": {"expire_date": "2016-01-11T18:21:29.130", "session_data": "ZDQ4MjhkNmUwMzA2ODNjYjBjMmUyMTEyZjI3YjlkMTAwNDQxMjQzNTp7Il9hdXRoX3VzZXJfaGFzaCI6ImZiYzRmMmRlODZjNjRiNmYzMjJhYzgyMDgwMjcxMzI1ZTZjY2U0M2QiLCJfYXV0aF91c2VyX2JhY2tlbmQiOiJkamFuZ28uY29udHJpYi5hdXRoLmJhY2tlbmRzLk1vZGVsQmFja2VuZCIsIl9hdXRoX3VzZXJfaWQiOjF9"}, "model": "sessions.session", "pk": "btea2ue9hnn9hu7hfrc1bkjkvtep1xtc"}, {"fields": {"expire_date": "2016-01-13T09:43:33.639", "session_data": "ODg0NzUzNDIwMjFmMThmZWZiMGNhYWM2YTQ1M2NkNWMwYTZiYTRiMDp7Il9hdXRoX3VzZXJfaGFzaCI6ImQ3MGJhYmVhZjg3MTBhNGNiYmRjODEyYWE4OTU0YmUwNWEwZTM4ODQiLCJfYXV0aF91c2VyX2JhY2tlbmQiOiJkamFuZ28uY29udHJpYi5hdXRoLmJhY2tlbmRzLk1vZGVsQmFja2VuZCIsIl9hdXRoX3VzZXJfaWQiOjJ9"}, "model": "sessions.session", "pk": "cp5anwl0w1d4pm10so0ae914lgu5gap8"}, {"fields": {"expire_date": "2016-01-13T10:52:05.958", "session_data": "ZDQ4MjhkNmUwMzA2ODNjYjBjMmUyMTEyZjI3YjlkMTAwNDQxMjQzNTp7Il9hdXRoX3VzZXJfaGFzaCI6ImZiYzRmMmRlODZjNjRiNmYzMjJhYzgyMDgwMjcxMzI1ZTZjY2U0M2QiLCJfYXV0aF91c2VyX2JhY2tlbmQiOiJkamFuZ28uY29udHJpYi5hdXRoLmJhY2tlbmRzLk1vZGVsQmFja2VuZCIsIl9hdXRoX3VzZXJfaWQiOjF9"}, "model": "sessions.session", "pk": "dzzu0dx5bhzyoayfb3262xftk955mjc0"}, {"fields": {"expire_date": "2016-01-13T09:47:17.798", "session_data": "ODg0NzUzNDIwMjFmMThmZWZiMGNhYWM2YTQ1M2NkNWMwYTZiYTRiMDp7Il9hdXRoX3VzZXJfaGFzaCI6ImQ3MGJhYmVhZjg3MTBhNGNiYmRjODEyYWE4OTU0YmUwNWEwZTM4ODQiLCJfYXV0aF91c2VyX2JhY2tlbmQiOiJkamFuZ28uY29udHJpYi5hdXRoLmJhY2tlbmRzLk1vZGVsQmFja2VuZCIsIl9hdXRoX3VzZXJfaWQiOjJ9"}, "model": "sessions.session", "pk": "jbxbdnwkkdtmukfq9m41ou0u64ppr7r1"}, {"fields": {"expire_date": "2016-01-13T10:28:30.742", "session_data": "ZDQ4MjhkNmUwMzA2ODNjYjBjMmUyMTEyZjI3YjlkMTAwNDQxMjQzNTp7Il9hdXRoX3VzZXJfaGFzaCI6ImZiYzRmMmRlODZjNjRiNmYzMjJhYzgyMDgwMjcxMzI1ZTZjY2U0M2QiLCJfYXV0aF91c2VyX2JhY2tlbmQiOiJkamFuZ28uY29udHJpYi5hdXRoLmJhY2tlbmRzLk1vZGVsQmFja2VuZCIsIl9hdXRoX3VzZXJfaWQiOjF9"}, "model": "sessions.session", "pk": "kvk88a0mqxvexbbrdy48g0mfv4e98jwk"}, {"fields": {"expire_date": "2016-01-12T06:02:32.788", "session_data": "ZDQ4MjhkNmUwMzA2ODNjYjBjMmUyMTEyZjI3YjlkMTAwNDQxMjQzNTp7Il9hdXRoX3VzZXJfaGFzaCI6ImZiYzRmMmRlODZjNjRiNmYzMjJhYzgyMDgwMjcxMzI1ZTZjY2U0M2QiLCJfYXV0aF91c2VyX2JhY2tlbmQiOiJkamFuZ28uY29udHJpYi5hdXRoLmJhY2tlbmRzLk1vZGVsQmFja2VuZCIsIl9hdXRoX3VzZXJfaWQiOjF9"}, "model": "sessions.session", "pk": "nnozj7cwwddgnr00vkd43uonpsro1t50"}, {"fields": {"expire_date": "2016-01-12T04:41:52.855", "session_data": "ZDQ4MjhkNmUwMzA2ODNjYjBjMmUyMTEyZjI3YjlkMTAwNDQxMjQzNTp7Il9hdXRoX3VzZXJfaGFzaCI6ImZiYzRmMmRlODZjNjRiNmYzMjJhYzgyMDgwMjcxMzI1ZTZjY2U0M2QiLCJfYXV0aF91c2VyX2JhY2tlbmQiOiJkamFuZ28uY29udHJpYi5hdXRoLmJhY2tlbmRzLk1vZGVsQmFja2VuZCIsIl9hdXRoX3VzZXJfaWQiOjF9"}, "model": "sessions.session", "pk": "pca3vdm4ezxyjkiudau0at1wutkt9trl"}, {"fields": {"expire_date": "2016-01-12T09:49:33.906", "session_data": "ZDQ4MjhkNmUwMzA2ODNjYjBjMmUyMTEyZjI3YjlkMTAwNDQxMjQzNTp7Il9hdXRoX3VzZXJfaGFzaCI6ImZiYzRmMmRlODZjNjRiNmYzMjJhYzgyMDgwMjcxMzI1ZTZjY2U0M2QiLCJfYXV0aF91c2VyX2JhY2tlbmQiOiJkamFuZ28uY29udHJpYi5hdXRoLmJhY2tlbmRzLk1vZGVsQmFja2VuZCIsIl9hdXRoX3VzZXJfaWQiOjF9"}, "model": "sessions.session", "pk": "sq9proc9pc014ecr7itn23wdkgdd44k5"}, {"fields": {"expire_date": "2016-01-11T11:49:16.354", "session_data": "ZDQ4MjhkNmUwMzA2ODNjYjBjMmUyMTEyZjI3YjlkMTAwNDQxMjQzNTp7Il9hdXRoX3VzZXJfaGFzaCI6ImZiYzRmMmRlODZjNjRiNmYzMjJhYzgyMDgwMjcxMzI1ZTZjY2U0M2QiLCJfYXV0aF91c2VyX2JhY2tlbmQiOiJkamFuZ28uY29udHJpYi5hdXRoLmJhY2tlbmRzLk1vZGVsQmFja2VuZCIsIl9hdXRoX3VzZXJfaWQiOjF9"}, "model": "sessions.session", "pk": "u2k87nrfdfin0ookb32d4cx7jj9exp7d"}, {"fields": {"expire_date": "2016-01-13T15:40:20.938", "session_data": "ZDQ4MjhkNmUwMzA2ODNjYjBjMmUyMTEyZjI3YjlkMTAwNDQxMjQzNTp7Il9hdXRoX3VzZXJfaGFzaCI6ImZiYzRmMmRlODZjNjRiNmYzMjJhYzgyMDgwMjcxMzI1ZTZjY2U0M2QiLCJfYXV0aF91c2VyX2JhY2tlbmQiOiJkamFuZ28uY29udHJpYi5hdXRoLmJhY2tlbmRzLk1vZGVsQmFja2VuZCIsIl9hdXRoX3VzZXJfaWQiOjF9"}, "model": "sessions.session", "pk": "xj1q3wt1ju9mlv26rq1bv4xh7bsa1mcu"}, {"fields": {"expire_date": "2016-01-12T12:37:32.909", "session_data": "ZDQ4MjhkNmUwMzA2ODNjYjBjMmUyMTEyZjI3YjlkMTAwNDQxMjQzNTp7Il9hdXRoX3VzZXJfaGFzaCI6ImZiYzRmMmRlODZjNjRiNmYzMjJhYzgyMDgwMjcxMzI1ZTZjY2U0M2QiLCJfYXV0aF91c2VyX2JhY2tlbmQiOiJkamFuZ28uY29udHJpYi5hdXRoLmJhY2tlbmRzLk1vZGVsQmFja2VuZCIsIl9hdXRoX3VzZXJfaWQiOjF9"}, "model": "sessions.session", "pk": "yy5xu4uhn6w80julx6no4mxsqyttwro1"}, {"fields": {"remark": null, "contact_person_id": "5642dacc9d42222b0175b6ec", "created": "2015-12-30T09:42:36.452", "track": true, "ip": 25, "total_value": "81.25", "consignee": 25, "modified": "2015-12-30T09:42:36.999", "is_retriggered": false, "location": "Adjumani", "is_auto_track_confirmed": null, "delivery_date": "2015-11-30", "polymorphic_ctype": 28}, "model": "eums.runnable", "pk": 1}, {"fields": {"remark": null, "contact_person_id": "5642dacc9d42222b0175b6ec", "created": "2015-12-30T09:42:36.537", "track": true, "ip": 1, "total_value": "40.62", "consignee": 1, "modified": "2015-12-30T09:43:58.316", "is_retriggered": false, "location": "Abim", "is_auto_track_confirmed": null, "delivery_date": "2015-11-29", "polymorphic_ctype": 28}, "model": "eums.runnable", "pk": 2}, {"fields": {"remark": null, "contact_person_id": "5642dacc9d42222b0175b6ec", "created": "2015-12-30T09:42:36.657", "track": true, "ip": 1, "total_value": "121.88", "consignee": 1, "modified": "2015-12-30T09:42:37.183", "is_retriggered": false, "location": "Abim", "is_auto_track_confirmed": null, "delivery_date": "2015-12-01", "polymorphic_ctype": 28}, "model": "eums.runnable", "pk": 3}, {"fields": {"remark": null, "contact_person_id": "5642dacc9d42222b0175b6ec", "created": "2015-12-30T09:42:36.696", "track": true, "ip": 1, "total_value": "81.25", "consignee": 1, "modified": "2015-12-30T09:42:37.278", "is_retriggered": false, "location": "Amolatar", "is_auto_track_confirmed": null, "delivery_date": "2015-12-03", "polymorphic_ctype": 28}, "model": "eums.runnable", "pk": 4}, {"fields": {"remark": null, "contact_person_id": "5642dacc9d42222b0175b6ec", "created": "2015-12-30T09:42:36.739", "track": true, "ip": 1, "total_value": "40.62", "consignee": 1, "modified": "2015-12-30T09:42:37.373", "is_retriggered": false, "location": "Alebtong", "is_auto_track_confirmed": null, "delivery_date": "2015-12-02", "polymorphic_ctype": 28}, "model": "eums.runnable", "pk": 5}, {"fields": {"remark": null, "contact_person_id": "5642dacc9d42222b0175b6ec", "created": "2015-12-30T09:42:36.777", "track": true, "ip": 1, "total_value": "121.88", "consignee": 1, "modified": "2015-12-30T09:42:37.465", "is_retriggered": false, "location": "Amolatar", "is_auto_track_confirmed": null, "delivery_date": "2015-12-04", "polymorphic_ctype": 28}, "model": "eums.runnable", "pk": 6}, {"fields": {"remark": null, "contact_person_id": "5642dacc9d42222b0175b6ec", "created": "2015-12-30T09:42:36.818", "track": true, "ip": 1, "total_value": "40.62", "consignee": 1, "modified": "2015-12-30T09:42:37.555", "is_retriggered": false, "location": "Amuria", "is_auto_track_confirmed": null, "delivery_date": "2015-12-05", "polymorphic_ctype": 28}, "model": "eums.runnable", "pk": 7}, {"fields": {"remark": null, "contact_person_id": "5642dacc9d42222b0175b6ec", "created": "2015-12-30T09:42:36.857", "track": true, "ip": 1, "total_value": "81.25", "consignee": 1, "modified": "2015-12-30T09:42:37.647", "is_retriggered": false, "location": "Amuru", "is_auto_track_confirmed": null, "delivery_date": "2015-12-06", "polymorphic_ctype": 28}, "model": "eums.runnable", "pk": 8}, {"fields": {"remark": null, "contact_person_id": "5642dacc9d42222b0175b6ec", "created": "2015-12-30T09:42:36.953", "track": true, "ip": 25, "total_value": "81.25", "consignee": 25, "modified": "2015-12-30T09:42:36.989", "is_retriggered": false, "location": "Adjumani", "is_auto_track_confirmed": null, "delivery_date": "2015-11-30", "polymorphic_ctype": 21}, "model": "eums.runnable", "pk": 9}, {"fields": {"remark": null, "contact_person_id": "5642dacc9d42222b0175b6ec", "created": "2015-12-30T09:42:37.041", "track": true, "ip": 1, "total_value": "40.62", "consignee": 1, "modified": "2015-12-30T09:43:58.271", "is_retriggered": false, "location": "Abim", "is_auto_track_confirmed": null, "delivery_date": "2015-11-29", "polymorphic_ctype": 21}, "model": "eums.runnable", "pk": 10}, {"fields": {"remark": null, "contact_person_id": "5642dacc9d42222b0175b6ec", "created": "2015-12-30T09:42:37.134", "track": true, "ip": 1, "total_value": "121.88", "consignee": 1, "modified": "2015-12-30T09:42:37.173", "is_retriggered": false, "location": "Abim", "is_auto_track_confirmed": null, "delivery_date": "2015-12-01", "polymorphic_ctype": 21}, "model": "eums.runnable", "pk": 11}, {"fields": {"remark": null, "contact_person_id": "5642dacc9d42222b0175b6ec", "created": "2015-12-30T09:42:37.226", "track": true, "ip": 1, "total_value": "81.25", "consignee": 1, "modified": "2015-12-30T09:42:37.268", "is_retriggered": false, "location": "Amolatar", "is_auto_track_confirmed": null, "delivery_date": "2015-12-03", "polymorphic_ctype": 21}, "model": "eums.runnable", "pk": 12}, {"fields": {"remark": null, "contact_person_id": "5642dacc9d42222b0175b6ec", "created": "2015-12-30T09:42:37.319", "track": true, "ip": 1, "total_value": "40.62", "consignee": 1, "modified": "2015-12-30T09:42:37.363", "is_retriggered": false, "location": "Alebtong", "is_auto_track_confirmed": null, "delivery_date": "2015-12-02", "polymorphic_ctype": 21}, "model": "eums.runnable", "pk": 13}, {"fields": {"remark": null, "contact_person_id": "5642dacc9d42222b0175b6ec", "created": "2015-12-30T09:42:37.415", "track": true, "ip": 1, "total_value": "121.88", "consignee": 1, "modified": "2015-12-30T09:42:37.454", "is_retriggered": false, "location": "Amolatar", "is_auto_track_confirmed": null, "delivery_date": "2015-12-04", "polymorphic_ctype": 21}, "model": "eums.runnable", "pk": 14}, {"fields": {"remark": null, "contact_person_id": "5642dacc9d42222b0175b6ec", "created": "2015-12-30T09:42:37.506", "track": true, "ip": 1, "total_value": "40.62", "consignee": 1, "modified": "2015-12-30T09:42:37.545", "is_retriggered": false, "location": "Amuria", "is_auto_track_confirmed": null, "delivery_date": "2015-12-05", "polymorphic_ctype": 21}, "model": "eums.runnable", "pk": 15}, {"fields": {"remark": null, "contact_person_id": "5642dacc9d42222b0175b6ec", "created": "2015-12-30T09:42:37.598", "track": true, "ip": 1, "total_value": "81.25", "consignee": 1, "modified": "2015-12-30T09:42:37.637", "is_retriggered": false, "location": "Amuru", "is_auto_track_confirmed": null, "delivery_date": "2015-12-06", "polymorphic_ctype": 21}, "model": "eums.runnable", "pk": 16}, {"fields": {"remark": null, "contact_person_id": "5642dacc9d42222b0175b6ec", "created": "2015-12-30T09:44:09.753", "track": true, "ip": 1, "total_value": "41.46", "consignee": 1, "modified": "2015-12-30T09:47:49.904", "is_retriggered": false, "location": "Wakiso", "is_auto_track_confirmed": null, "delivery_date": "2015-12-01", "polymorphic_ctype": 28}, "model": "eums.runnable", "pk": 17}, {"fields": {"remark": "", "contact_person_id": "5642dacc9d42222b0175b6ec", "created": "2015-12-30T09:44:10.120", "track": true, "ip": 1, "total_value": "41.46", "consignee": 1, "modified": "2015-12-30T09:47:49.850", "is_retriggered": false, "location": "Wakiso", "is_auto_track_confirmed": null, "delivery_date": "2015-12-01", "polymorphic_ctype": 21}, "model": "eums.runnable", "pk": 18}, {"fields": {"remark": null, "contact_person_id": "5673c5fb3bfec248012d68ab", "created": "2015-12-30T09:44:43.701", "track": true, "ip": 1, "total_value": "2968.00", "consignee": 1, "modified": "2015-12-30T09:44:44.182", "is_retriggered": false, "location": "Wakiso", "is_auto_track_confirmed": null, "delivery_date": "2015-12-01", "polymorphic_ctype": 28}, "model": "eums.runnable", "pk": 19}, {"fields": {"remark": "", "contact_person_id": "5673c5fb3bfec248012d68ab", "created": "2015-12-30T09:44:43.970", "track": true, "ip": 1, "total_value": "2000.00", "consignee": 1, "modified": "2015-12-30T09:44:44.006", "is_retriggered": false, "location": "Wakiso", "is_auto_track_confirmed": null, "delivery_date": "2015-12-01", "polymorphic_ctype": 21}, "model": "eums.runnable", "pk": 20}, {"fields": {"remark": "", "contact_person_id": "5673c5fb3bfec248012d68ab", "created": "2015-12-30T09:44:44.055", "track": true, "ip": 1, "total_value": "534.00", "consignee": 1, "modified": "2015-12-30T09:44:44.089", "is_retriggered": false, "location": "Wakiso", "is_auto_track_confirmed": null, "delivery_date": "2015-12-01", "polymorphic_ctype": 21}, "model": "eums.runnable", "pk": 21}, {"fields": {"remark": "", "contact_person_id": "5673c5fb3bfec248012d68ab", "created": "2015-12-30T09:44:44.137", "track": true, "ip": 1, "total_value": "434.00", "consignee": 1, "modified": "2015-12-30T09:44:44.172", "is_retriggered": false, "location": "Wakiso", "is_auto_track_confirmed": null, "delivery_date": "2015-12-01", "polymorphic_ctype": 21}, "model": "eums.runnable", "pk": 22}, {"fields": {"remark": null, "contact_person_id": "5673bb2c3bfec248012d68aa", "created": "2015-12-30T09:46:43.246", "track": true, "ip": 1, "total_value": "1321.09", "consignee": 1, "modified": "2015-12-30T09:46:52.012", "is_retriggered": false, "location": "Wakiso", "is_auto_track_confirmed": null, "delivery_date": "2015-12-01", "polymorphic_ctype": 28}, "model": "eums.runnable", "pk": 23}, {"fields": {"remark": null, "contact_person_id": "5642dacc9d42222b0175b6ec", "created": "2015-12-30T09:46:43.292", "track": true, "ip": 1, "total_value": "1321.09", "consignee": 1, "modified": "2015-12-30T09:46:52.074", "is_retriggered": false, "location": "Wakiso", "is_auto_track_confirmed": null, "delivery_date": "2015-12-02", "polymorphic_ctype": 28}, "model": "eums.runnable", "pk": 24}, {"fields": {"remark": null, "contact_person_id": "565ea855424f22ee0123c910", "created": "2015-12-30T09:46:43.450", "track": true, "ip": 1, "total_value": "11889.82", "consignee": 1, "modified": "2015-12-30T10:24:58.564", "is_retriggered": false, "location": "Wakiso", "is_auto_track_confirmed": null, "delivery_date": "2015-12-03", "polymorphic_ctype": 28}, "model": "eums.runnable", "pk": 25}, {"fields": {"remark": null, "contact_person_id": "5673bb2c3bfec248012d68aa", "created": "2015-12-30T09:46:43.534", "track": true, "ip": 1, "total_value": "1321.09", "consignee": 1, "modified": "2015-12-30T09:46:52.001", "is_retriggered": false, "location": "Wakiso", "is_auto_track_confirmed": null, "delivery_date": "2015-12-01", "polymorphic_ctype": 21}, "model": "eums.runnable", "pk": 26}, {"fields": {"remark": null, "contact_person_id": "5642dacc9d42222b0175b6ec", "created": "2015-12-30T09:46:43.620", "track": true, "ip": 1, "total_value": "1321.09", "consignee": 1, "modified": "2015-12-30T09:46:52.063", "is_retriggered": false, "location": "Wakiso", "is_auto_track_confirmed": null, "delivery_date": "2015-12-02", "polymorphic_ctype": 21}, "model": "eums.runnable", "pk": 27}, {"fields": {"remark": null, "contact_person_id": "565ea855424f22ee0123c910", "created": "2015-12-30T09:46:43.718", "track": true, "ip": 1, "total_value": "11889.82", "consignee": 1, "modified": "2015-12-30T10:24:58.553", "is_retriggered": false, "location": "Wakiso", "is_auto_track_confirmed": null, "delivery_date": "2015-12-03", "polymorphic_ctype": 21}, "model": "eums.runnable", "pk": 28}, {"fields": {"remark": null, "contact_person_id": "5642dacc9d42222b0175b6ec", "created": "2015-12-30T09:47:12.082", "track": true, "ip": 1, "total_value": "4.47", "consignee": 1, "modified": "2015-12-30T09:49:48.602", "is_retriggered": false, "location": "Agago", "is_auto_track_confirmed": null, "delivery_date": "2015-11-29", "polymorphic_ctype": 28}, "model": "eums.runnable", "pk": 29}, {"fields": {"remark": null, "contact_person_id": "5642dacc9d42222b0175b6ec", "created": "2015-12-30T09:47:12.122", "track": true, "ip": 1, "total_value": "8.94", "consignee": 1, "modified": "2015-12-30T10:17:03.001", "is_retriggered": false, "location": "Adjumani", "is_auto_track_confirmed": null, "delivery_date": "2015-11-30", "polymorphic_ctype": 28}, "model": "eums.runnable", "pk": 30}, {"fields": {"remark": null, "contact_person_id": "5642dacc9d42222b0175b6ec", "created": "2015-12-30T09:47:12.289", "track": true, "ip": 1, "total_value": "4.47", "consignee": 1, "modified": "2015-12-30T09:47:12.901", "is_retriggered": false, "location": "Amuru", "is_auto_track_confirmed": null, "delivery_date": "2015-12-01", "polymorphic_ctype": 28}, "model": "eums.runnable", "pk": 31}, {"fields": {"remark": null, "contact_person_id": "5642dacc9d42222b0175b6ec", "created": "2015-12-30T09:47:12.329", "track": true, "ip": 1, "total_value": "8.94", "consignee": 1, "modified": "2016-01-11T11:50:15.456", "is_retriggered": false, "location": "Amolatar", "is_auto_track_confirmed": null, "delivery_date": "2015-12-02", "polymorphic_ctype": 28}, "model": "eums.runnable", "pk": 32}, {"fields": {"remark": null, "contact_person_id": "5642dacc9d42222b0175b6ec", "created": "2015-12-30T09:47:12.368", "track": true, "ip": 1, "total_value": "4.47", "consignee": 1, "modified": "2015-12-30T10:11:15.350", "is_retriggered": false, "location": "Nsiika", "is_auto_track_confirmed": null, "delivery_date": "2015-12-03", "polymorphic_ctype": 28}, "model": "eums.runnable", "pk": 33}, {"fields": {"remark": null, "contact_person_id": "5642dacc9d42222b0175b6ec", "created": "2015-12-30T09:47:12.407", "track": true, "ip": 1, "total_value": "8.94", "consignee": 1, "modified": "2015-12-30T10:18:19.742", "is_retriggered": false, "location": "Bukomansimbi", "is_auto_track_confirmed": null, "delivery_date": "2015-12-04", "polymorphic_ctype": 28}, "model": "eums.runnable", "pk": 34}, {"fields": {"remark": null, "contact_person_id": "5642dacc9d42222b0175b6ec", "created": "2015-12-30T09:47:12.446", "track": true, "ip": 1, "total_value": "4.47", "consignee": 1, "modified": "2015-12-30T09:47:13.278", "is_retriggered": false, "location": "Bugiri", "is_auto_track_confirmed": null, "delivery_date": "2015-12-05", "polymorphic_ctype": 28}, "model": "eums.runnable", "pk": 35}, {"fields": {"remark": null, "contact_person_id": "5642dacc9d42222b0175b6ec", "created": "2015-12-30T09:47:12.485", "track": true, "ip": 1, "total_value": "8.94", "consignee": 1, "modified": "2015-12-30T10:10:43.542", "is_retriggered": false, "location": "Nsiika", "is_auto_track_confirmed": null, "delivery_date": "2015-12-06", "polymorphic_ctype": 28}, "model": "eums.runnable", "pk": 36}, {"fields": {"remark": null, "contact_person_id": "5642dacc9d42222b0175b6ec", "created": "2015-12-30T09:47:12.544", "track": true, "ip": 1, "total_value": "4.47", "consignee": 1, "modified": "2015-12-30T09:47:13.470", "is_retriggered": false, "location": "Buikwe", "is_auto_track_confirmed": null, "delivery_date": "2015-12-07", "polymorphic_ctype": 28}, "model": "eums.runnable", "pk": 37}, {"fields": {"remark": null, "contact_person_id": "5642dacc9d42222b0175b6ec", "created": "2015-12-30T09:47:12.583", "track": true, "ip": 1, "total_value": "8.94", "consignee": 1, "modified": "2016-01-11T11:50:15.490", "is_retriggered": false, "location": "Kiryandongo", "is_auto_track_confirmed": null, "delivery_date": "2015-12-08", "polymorphic_ctype": 28}, "model": "eums.runnable", "pk": 38}, {"fields": {"remark": null, "contact_person_id": "5642dacc9d42222b0175b6ec", "created": "2015-12-30T09:47:12.661", "track": true, "ip": 1, "total_value": "4.47", "consignee": 1, "modified": "2015-12-30T09:49:48.547", "is_retriggered": false, "location": "Agago", "is_auto_track_confirmed": null, "delivery_date": "2015-11-29", "polymorphic_ctype": 21}, "model": "eums.runnable", "pk": 39}, {"fields": {"remark": null, "contact_person_id": "5642dacc9d42222b0175b6ec", "created": "2015-12-30T09:47:12.753", "track": true, "ip": 1, "total_value": "8.94", "consignee": 1, "modified": "2015-12-30T10:17:02.991", "is_retriggered": false, "location": "Adjumani", "is_auto_track_confirmed": null, "delivery_date": "2015-11-30", "polymorphic_ctype": 21}, "model": "eums.runnable", "pk": 40}, {"fields": {"remark": null, "contact_person_id": "5642dacc9d42222b0175b6ec", "created": "2015-12-30T09:47:12.851", "track": true, "ip": 1, "total_value": "4.47", "consignee": 1, "modified": "2015-12-30T09:47:12.891", "is_retriggered": false, "location": "Amuru", "is_auto_track_confirmed": null, "delivery_date": "2015-12-01", "polymorphic_ctype": 21}, "model": "eums.runnable", "pk": 41}, {"fields": {"remark": null, "contact_person_id": "5642dacc9d42222b0175b6ec", "created": "2015-12-30T09:47:12.944", "track": true, "ip": 1, "total_value": "8.94", "consignee": 1, "modified": "2016-01-11T11:50:15.447", "is_retriggered": false, "location": "Amolatar", "is_auto_track_confirmed": null, "delivery_date": "2015-12-02", "polymorphic_ctype": 21}, "model": "eums.runnable", "pk": 42}, {"fields": {"remark": null, "contact_person_id": "5642dacc9d42222b0175b6ec", "created": "2015-12-30T09:47:13.040", "track": true, "ip": 1, "total_value": "4.47", "consignee": 1, "modified": "2015-12-30T10:11:15.340", "is_retriggered": false, "location": "Nsiika", "is_auto_track_confirmed": null, "delivery_date": "2015-12-03", "polymorphic_ctype": 21}, "model": "eums.runnable", "pk": 43}, {"fields": {"remark": null, "contact_person_id": "5642dacc9d42222b0175b6ec", "created": "2015-12-30T09:47:13.136", "track": true, "ip": 1, "total_value": "8.94", "consignee": 1, "modified": "2015-12-30T10:18:19.732", "is_retriggered": false, "location": "Bukomansimbi", "is_auto_track_confirmed": null, "delivery_date": "2015-12-04", "polymorphic_ctype": 21}, "model": "eums.runnable", "pk": 44}, {"fields": {"remark": null, "contact_person_id": "5642dacc9d42222b0175b6ec", "created": "2015-12-30T09:47:13.228", "track": true, "ip": 1, "total_value": "4.47", "consignee": 1, "modified": "2015-12-30T09:47:13.268", "is_retriggered": false, "location": "Bugiri", "is_auto_track_confirmed": null, "delivery_date": "2015-12-05", "polymorphic_ctype": 21}, "model": "eums.runnable", "pk": 45}, {"fields": {"remark": null, "contact_person_id": "5642dacc9d42222b0175b6ec", "created": "2015-12-30T09:47:13.323", "track": true, "ip": 1, "total_value": "8.94", "consignee": 1, "modified": "2015-12-30T10:10:43.531", "is_retriggered": false, "location": "Nsiika", "is_auto_track_confirmed": null, "delivery_date": "2015-12-06", "polymorphic_ctype": 21}, "model": "eums.runnable", "pk": 46}, {"fields": {"remark": null, "contact_person_id": "5642dacc9d42222b0175b6ec", "created": "2015-12-30T09:47:13.416", "track": true, "ip": 1, "total_value": "4.47", "consignee": 1, "modified": "2015-12-30T09:47:13.459", "is_retriggered": false, "location": "Buikwe", "is_auto_track_confirmed": null, "delivery_date": "2015-12-07", "polymorphic_ctype": 21}, "model": "eums.runnable", "pk": 47}, {"fields": {"remark": null, "contact_person_id": "5642dacc9d42222b0175b6ec", "created": "2015-12-30T09:47:13.512", "track": true, "ip": 1, "total_value": "8.94", "consignee": 1, "modified": "2016-01-11T11:50:15.482", "is_retriggered": false, "location": "Kiryandongo", "is_auto_track_confirmed": null, "delivery_date": "2015-12-08", "polymorphic_ctype": 21}, "model": "eums.runnable", "pk": 48}, {"fields": {"remark": null, "contact_person_id": "563b4988c83646d906cc50e9", "created": "2015-12-30T09:52:09.951", "track": true, "ip": 20, "total_value": "400.00", "consignee": 20, "modified": "2015-12-30T09:52:10.269", "is_retriggered": false, "location": "Adjumani", "is_auto_track_confirmed": null, "delivery_date": "2015-12-28", "polymorphic_ctype": 28}, "model": "eums.runnable", "pk": 49}, {"fields": {"remark": null, "contact_person_id": "563b4988c83646d906cc50e9", "created": "2015-12-30T09:52:10.219", "track": true, "ip": 20, "total_value": "400.00", "consignee": 20, "modified": "2015-12-30T09:52:10.258", "is_retriggered": false, "location": "Adjumani", "is_auto_track_confirmed": null, "delivery_date": "2015-12-28", "polymorphic_ctype": 21}, "model": "eums.runnable", "pk": 50}, {"fields": {"remark": null, "contact_person_id": "568382310a85aa4310e53934", "created": "2015-12-30T10:06:22.516", "track": true, "ip": 1, "total_value": "551.89", "consignee": 1, "modified": "2015-12-30T10:22:52.444", "is_retriggered": false, "location": "Wakiso", "is_auto_track_confirmed": null, "delivery_date": "2015-12-07", "polymorphic_ctype": 28}, "model": "eums.runnable", "pk": 51}, {"fields": {"remark": "", "contact_person_id": "568382310a85aa4310e53934", "created": "2015-12-30T10:06:22.943", "track": true, "ip": 1, "total_value": "533.33", "consignee": 1, "modified": "2015-12-30T10:22:51.957", "is_retriggered": false, "location": "Wakiso", "is_auto_track_confirmed": null, "delivery_date": "2015-12-07", "polymorphic_ctype": 21}, "model": "eums.runnable", "pk": 52}, {"fields": {"remark": "", "contact_person_id": "568382310a85aa4310e53934", "created": "2015-12-30T10:06:23.028", "track": true, "ip": 1, "total_value": "7.73", "consignee": 1, "modified": "2015-12-30T10:22:52.394", "is_retriggered": false, "location": "Wakiso", "is_auto_track_confirmed": null, "delivery_date": "2015-12-07", "polymorphic_ctype": 21}, "model": "eums.runnable", "pk": 53}, {"fields": {"remark": "", "contact_person_id": "568382310a85aa4310e53934", "created": "2015-12-30T10:06:23.125", "track": true, "ip": 1, "total_value": "10.83", "consignee": 1, "modified": "2015-12-30T10:22:51.524", "is_retriggered": false, "location": "Wakiso", "is_auto_track_confirmed": null, "delivery_date": "2015-12-07", "polymorphic_ctype": 21}, "model": "eums.runnable", "pk": 54}, {"fields": {"remark": "", "contact_person_id": "5642dacc9d42222b0175b6ec", "created": "2015-12-30T10:10:43.386", "track": true, "ip": 1, "total_value": "4.47", "consignee": 1, "modified": "2015-12-30T10:10:43.503", "is_retriggered": false, "location": "Amolatar", "is_auto_track_confirmed": null, "delivery_date": "2015-12-29", "polymorphic_ctype": 21}, "model": "eums.runnable", "pk": 55}, {"fields": {"remark": "", "contact_person_id": "5642dacc9d42222b0175b6ec", "created": "2015-12-30T10:11:15.198", "track": true, "ip": 1, "total_value": "4.47", "consignee": 1, "modified": "2015-12-30T10:11:15.311", "is_retriggered": false, "location": "Amolatar", "is_auto_track_confirmed": null, "delivery_date": "2015-12-28", "polymorphic_ctype": 21}, "model": "eums.runnable", "pk": 56}, {"fields": {"remark": "", "contact_person_id": "5642dacc9d42222b0175b6ec", "created": "2015-12-30T10:11:34.714", "track": true, "ip": 1, "total_value": "4.47", "consignee": 1, "modified": "2015-12-30T10:11:34.829", "is_retriggered": false, "location": "Amuru", "is_auto_track_confirmed": null, "delivery_date": "2015-12-28", "polymorphic_ctype": 21}, "model": "eums.runnable", "pk": 57}, {"fields": {"remark": "", "contact_person_id": "5642dacc9d42222b0175b6ec", "created": "2015-12-30T10:12:03.999", "track": true, "ip": 1, "total_value": "4.47", "consignee": 1, "modified": "2015-12-30T10:12:04.114", "is_retriggered": false, "location": "Abim", "is_auto_track_confirmed": null, "delivery_date": "2015-11-15", "polymorphic_ctype": 21}, "model": "eums.runnable", "pk": 58}, {"fields": {"remark": "", "contact_person_id": "5642dacc9d42222b0175b6ec", "created": "2015-12-30T10:12:20.060", "track": true, "ip": 1, "total_value": "4.47", "consignee": 1, "modified": "2015-12-30T10:12:20.172", "is_retriggered": false, "location": "Amolatar", "is_auto_track_confirmed": null, "delivery_date": "2015-12-09", "polymorphic_ctype": 21}, "model": "eums.runnable", "pk": 59}, {"fields": {"remark": "", "contact_person_id": "5642dacc9d42222b0175b6ec", "created": "2015-12-30T10:12:38.101", "track": true, "ip": 1, "total_value": "4.47", "consignee": 1, "modified": "2015-12-30T10:12:38.216", "is_retriggered": false, "location": "Amudat", "is_auto_track_confirmed": null, "delivery_date": "2015-12-27", "polymorphic_ctype": 21}, "model": "eums.runnable", "pk": 60}, {"fields": {"remark": "", "contact_person_id": "5642dacc9d42222b0175b6ec", "created": "2015-12-30T10:17:02.849", "track": true, "ip": 1, "total_value": "4.47", "consignee": 1, "modified": "2015-12-30T10:17:02.962", "is_retriggered": false, "location": "Amuria", "is_auto_track_confirmed": null, "delivery_date": "2015-12-13", "polymorphic_ctype": 21}, "model": "eums.runnable", "pk": 61}, {"fields": {"remark": "", "contact_person_id": "5642dacc9d42222b0175b6ec", "created": "2015-12-30T10:18:19.590", "track": true, "ip": 1, "total_value": "4.47", "consignee": 1, "modified": "2015-12-30T10:18:19.704", "is_retriggered": false, "location": "Agago", "is_auto_track_confirmed": null, "delivery_date": "2015-12-17", "polymorphic_ctype": 21}, "model": "eums.runnable", "pk": 65}, {"fields": {"remark": "", "contact_person_id": "568382310a85aa4310e53934", "created": "2015-12-30T10:24:58.388", "track": true, "ip": 1, "total_value": "6605.45", "consignee": 1, "modified": "2015-12-30T10:24:58.514", "is_retriggered": false, "location": "Wakiso", "is_auto_track_confirmed": null, "delivery_date": "2015-12-29", "polymorphic_ctype": 21}, "model": "eums.runnable", "pk": 66}, {"fields": {"remark": null, "contact_person_id": "5642dacc9d42222b0175b6ec", "created": "2015-12-30T10:54:51.443", "track": true, "ip": 21, "total_value": "500.00", "consignee": 21, "modified": "2015-12-30T10:54:51.830", "is_retriggered": false, "location": "Abim", "is_auto_track_confirmed": null, "delivery_date": "2015-12-28", "polymorphic_ctype": 28}, "model": "eums.runnable", "pk": 67}, {"fields": {"remark": null, "contact_person_id": "5642dacc9d42222b0175b6ec", "created": "2015-12-30T10:54:51.775", "track": true, "ip": 21, "total_value": "500.00", "consignee": 21, "modified": "2015-12-30T10:54:51.820", "is_retriggered": false, "location": "Abim", "is_auto_track_confirmed": null, "delivery_date": "2015-12-28", "polymorphic_ctype": 21}, "model": "eums.runnable", "pk": 68}, {"fields": {"remark": null, "contact_person_id": "5642dacc9d42222b0175b6ec", "created": "2015-12-30T11:12:19.099", "track": true, "ip": 1, "total_value": "44.12", "consignee": 1, "modified": "2015-12-30T11:12:19.414", "is_retriggered": false, "location": "Abim", "is_auto_track_confirmed": null, "delivery_date": "2015-11-29", "polymorphic_ctype": 28}, "model": "eums.runnable", "pk": 69}, {"fields": {"remark": null, "contact_person_id": "5642dacc9d42222b0175b6ec", "created": "2015-12-30T11:12:19.359", "track": true, "ip": 1, "total_value": "44.12", "consignee": 1, "modified": "2015-12-30T11:12:19.404", "is_retriggered": false, "location": "Abim", "is_auto_track_confirmed": null, "delivery_date": "2015-11-29", "polymorphic_ctype": 21}, "model": "eums.runnable", "pk": 70}, {"fields": {"status": "scheduled", "runnable": 1, "created": "2015-12-30T09:42:36.506", "modified": "2015-12-30T09:42:36.506", "phone": "+8615339042385", "scheduled_message_task_id": "81fa689f-1636-4c73-9ed8-763d4615a6f1"}, "model": "eums.run", "pk": 1}, {"fields": {"status": "completed", "runnable": 2, "created": "2015-12-30T09:43:55.117", "modified": "2015-12-30T09:43:55.117", "phone": "+8615339042385", "scheduled_message_task_id": "Web"}, "model": "eums.run", "pk": 2}, {"fields": {"status": "completed", "runnable": 10, "created": "2015-12-30T09:43:58.228", "modified": "2015-12-30T09:43:58.228", "phone": "+8615339042385", "scheduled_message_task_id": "Web"}, "model": "eums.run", "pk": 3}, {"fields": {"status": "completed", "runnable": 7, "created": "2015-12-30T09:44:04.745", "modified": "2015-12-30T09:44:04.745", "phone": "+8615339042385", "scheduled_message_task_id": "Web"}, "model": "eums.run", "pk": 4}, {"fields": {"status": "completed", "runnable": 6, "created": "2015-12-30T09:44:09.053", "modified": "2015-12-30T09:44:09.053", "phone": "+8615339042385", "scheduled_message_task_id": "Web"}, "model": "eums.run", "pk": 5}, {"fields": {"status": "completed", "runnable": 4, "created": "2015-12-30T09:44:13.557", "modified": "2015-12-30T09:44:13.557", "phone": "+8615339042385", "scheduled_message_task_id": "Web"}, "model": "eums.run", "pk": 6}, {"fields": {"status": "completed", "runnable": 5, "created": "2015-12-30T09:44:31.228", "modified": "2015-12-30T09:44:31.228", "phone": "+8615339042385", "scheduled_message_task_id": "Web"}, "model": "eums.run", "pk": 7}, {"fields": {"status": "cancelled", "runnable": 19, "created": "2015-12-30T09:44:43.716", "modified": "2015-12-30T09:44:43.716", "phone": "+8615109242187", "scheduled_message_task_id": "a818e161-c9c7-426b-b1f9-78dd8b428e6b"}, "model": "eums.run", "pk": 8}, {"fields": {"status": "cancelled", "runnable": 23, "created": "2015-12-30T09:46:43.260", "modified": "2015-12-30T09:46:43.260", "phone": "+8613233642377", "scheduled_message_task_id": "fbcd6435-a02e-458d-b94a-a0ca5a9a40e9"}, "model": "eums.run", "pk": 9}, {"fields": {"status": "cancelled", "runnable": 25, "created": "2015-12-30T09:46:43.463", "modified": "2015-12-30T09:46:43.463", "phone": "+8615109232194", "scheduled_message_task_id": "2c901d4e-5d39-40b9-90c3-67d1e1c86b7d"}, "model": "eums.run", "pk": 10}, {"fields": {"status": "completed", "runnable": 24, "created": "2015-12-30T09:47:35.773", "modified": "2015-12-30T09:47:35.773", "phone": "+8615339042385", "scheduled_message_task_id": "Web"}, "model": "eums.run", "pk": 11}, {"fields": {"status": "completed", "runnable": 17, "created": "2015-12-30T09:47:39.677", "modified": "2015-12-30T09:47:39.677", "phone": "+8615339042385", "scheduled_message_task_id": "Web"}, "model": "eums.run", "pk": 12}, {"fields": {"status": "completed", "runnable": 37, "created": "2015-12-30T09:47:48.606", "modified": "2015-12-30T09:47:48.606", "phone": "+8615339042385", "scheduled_message_task_id": "Web"}, "model": "eums.run", "pk": 13}, {"fields": {"status": "completed", "runnable": 18, "created": "2015-12-30T09:47:49.809", "modified": "2015-12-30T09:47:49.809", "phone": "+8615339042385", "scheduled_message_task_id": "Web"}, "model": "eums.run", "pk": 14}, {"fields": {"status": "completed", "runnable": 19, "created": "2015-12-30T09:47:54.107", "modified": "2015-12-30T09:47:54.107", "phone": "+8615109242187", "scheduled_message_task_id": "Web"}, "model": "eums.run", "pk": 15}, {"fields": {"status": "completed", "runnable": 23, "created": "2015-12-30T09:47:59.466", "modified": "2015-12-30T09:47:59.466", "phone": "+8613233642377", "scheduled_message_task_id": "Web"}, "model": "eums.run", "pk": 16}, {"fields": {"status": "completed", "runnable": 32, "created": "2015-12-30T09:48:08.819", "modified": "2015-12-30T09:48:08.819", "phone": "+8615339042385", "scheduled_message_task_id": "Web"}, "model": "eums.run", "pk": 17}, {"fields": {"status": "completed", "runnable": 42, "created": "2015-12-30T09:48:17.338", "modified": "2015-12-30T09:48:17.338", "phone": "+8615339042385", "scheduled_message_task_id": "Web"}, "model": "eums.run", "pk": 18}, {"fields": {"status": "completed", "runnable": 35, "created": "2015-12-30T09:48:19.034", "modified": "2015-12-30T09:48:19.034", "phone": "+8615339042385", "scheduled_message_task_id": "Web"}, "model": "eums.run", "pk": 19}, {"fields": {"status": "completed", "runnable": 31, "created": "2015-12-30T09:48:25.455", "modified": "2015-12-30T09:48:25.455", "phone": "+8615339042385", "scheduled_message_task_id": "Web"}, "model": "eums.run", "pk": 20}, {"fields": {"status": "completed", "runnable": 8, "created": "2015-12-30T09:48:31.804", "modified": "2015-12-30T09:48:31.804", "phone": "+8615339042385", "scheduled_message_task_id": "Web"}, "model": "eums.run", "pk": 21}, {"fields": {"status": "completed", "runnable": 38, "created": "2015-12-30T09:48:41.160", "modified": "2015-12-30T09:48:41.160", "phone": "+8615339042385", "scheduled_message_task_id": "Web"}, "model": "eums.run", "pk": 22}, {"fields": {"status": "completed", "runnable": 48, "created": "2015-12-30T09:48:46.023", "modified": "2015-12-30T09:48:46.023", "phone": "+8615339042385", "scheduled_message_task_id": "Web"}, "model": "eums.run", "pk": 23}, {"fields": {"status": "completed", "runnable": 30, "created": "2015-12-30T09:49:12.356", "modified": "2015-12-30T09:49:12.356", "phone": "+8615339042385", "scheduled_message_task_id": "Web"}, "model": "eums.run", "pk": 24}, {"fields": {"status": "completed", "runnable": 40, "created": "2015-12-30T09:49:20.875", "modified": "2015-12-30T09:49:20.875", "phone": "+8615339042385", "scheduled_message_task_id": "Web"}, "model": "eums.run", "pk": 25}, {"fields": {"status": "completed", "runnable": 29, "created": "2015-12-30T09:49:42.290", "modified": "2015-12-30T09:49:42.290", "phone": "+8615339042385", "scheduled_message_task_id": "Web"}, "model": "eums.run", "pk": 26}, {"fields": {"status": "completed", "runnable": 39, "created": "2015-12-30T09:49:48.505", "modified": "2015-12-30T09:49:48.505", "phone": "+8615339042385", "scheduled_message_task_id": "Web"}, "model": "eums.run", "pk": 27}, {"fields": {"status": "completed", "runnable": 33, "created": "2015-12-30T09:51:21.333", "modified": "2015-12-30T09:51:21.333", "phone": "+8615339042385", "scheduled_message_task_id": "Web"}, "model": "eums.run", "pk": 28}, {"fields": {"status": "completed", "runnable": 43, "created": "2015-12-30T09:51:27.034", "modified": "2015-12-30T09:51:27.034", "phone": "+8615339042385", "scheduled_message_task_id": "Web"}, "model": "eums.run", "pk": 29}, {"fields": {"status": "completed", "runnable": 49, "created": "2015-12-30T09:52:09.966", "modified": "2015-12-30T09:52:53.686", "phone": "+256772513977", "scheduled_message_task_id": "1bec1994-e504-403e-934e-768e39337f80"}, "model": "eums.run", "pk": 30}, {"fields": {"status": "completed", "runnable": 25, "created": "2015-12-30T09:52:19.514", "modified": "2015-12-30T09:52:19.514", "phone": "+8615109232194", "scheduled_message_task_id": "Web"}, "model": "eums.run", "pk": 31}, {"fields": {"status": "completed", "runnable": 28, "created": "2015-12-30T09:52:24.481", "modified": "2015-12-30T09:52:24.481", "phone": "+8615109232194", "scheduled_message_task_id": "Web"}, "model": "eums.run", "pk": 32}, {"fields": {"status": "completed", "runnable": 34, "created": "2015-12-30T09:52:42.911", "modified": "2015-12-30T09:52:42.911", "phone": "+8615339042385", "scheduled_message_task_id": "Web"}, "model": "eums.run", "pk": 33}, {"fields": {"status": "completed", "runnable": 44, "created": "2015-12-30T09:52:46.418", "modified": "2015-12-30T09:52:46.418", "phone": "+8615339042385", "scheduled_message_task_id": "Web"}, "model": "eums.run", "pk": 34}, {"fields": {"status": "completed", "runnable": 36, "created": "2015-12-30T09:53:04.084", "modified": "2015-12-30T09:53:04.084", "phone": "+8615339042385", "scheduled_message_task_id": "Web"}, "model": "eums.run", "pk": 35}, {"fields": {"status": "completed", "runnable": 46, "created": "2015-12-30T09:53:07.464", "modified": "2015-12-30T09:53:07.464", "phone": "+8615339042385", "scheduled_message_task_id": "Web"}, "model": "eums.run", "pk": 36}, {"fields": {"status": "cancelled", "runnable": 51, "created": "2015-12-30T10:06:22.530", "modified": "2015-12-30T10:06:22.530", "phone": "+256772709011", "scheduled_message_task_id": "809abadf-ce26-4aca-8336-e20912b8bdf6"}, "model": "eums.run", "pk": 37}, {"fields": {"status": "completed", "runnable": 3, "created": "2015-12-30T10:21:13.148", "modified": "2015-12-30T10:21:13.148", "phone": "+8615339042385", "scheduled_message_task_id": "Web"}, "model": "eums.run", "pk": 38}, {"fields": {"status": "completed", "runnable": 51, "created": "2015-12-30T10:22:04.991", "modified": "2015-12-30T10:22:04.991", "phone": "+256772709011", "scheduled_message_task_id": "Web"}, "model": "eums.run", "pk": 39}, {"fields": {"status": "completed", "runnable": 54, "created": "2015-12-30T10:22:51.483", "modified": "2015-12-30T10:22:51.483", "phone": "+256772709011", "scheduled_message_task_id": "Web"}, "model": "eums.run", "pk": 40}, {"fields": {"status": "completed", "runnable": 52, "created": "2015-12-30T10:22:51.917", "modified": "2015-12-30T10:22:51.917", "phone": "+256772709011", "scheduled_message_task_id": "Web"}, "model": "eums.run", "pk": 41}, {"fields": {"status": "completed", "runnable": 53, "created": "2015-12-30T10:22:52.353", "modified": "2015-12-30T10:22:52.353", "phone": "+256772709011", "scheduled_message_task_id": "Web"}, "model": "eums.run", "pk": 42}, {"fields": {"status": "cancelled", "runnable": 66, "created": "2015-12-30T10:24:58.445", "modified": "2015-12-30T10:24:58.524", "phone": "+256772709011", "scheduled_message_task_id": "957d12c8-be51-4397-8b96-1a3ec8f7574c"}, "model": "eums.run", "pk": 43}, {"fields": {"status": "scheduled", "runnable": 66, "created": "2015-12-30T10:24:58.531", "modified": "2015-12-30T10:24:58.531", "phone": "+256772709011", "scheduled_message_task_id": "281e29c6-141b-4afa-ace7-a28618f64ba4"}, "model": "eums.run", "pk": 44}, {"fields": {"status": "completed", "runnable": 55, "created": "2015-12-30T16:21:44.356", "modified": "2015-12-30T16:21:44.356", "phone": "+8615339042385", "scheduled_message_task_id": "45"}, "model": "eums.run", "pk": 45}, {"fields": {"status": "completed", "runnable": 56, "created": "2015-12-30T16:33:16.412", "modified": "2015-12-30T16:33:16.412", "phone": "+8615339042385", "scheduled_message_task_id": "46"}, "model": "eums.run", "pk": 46}, {"fields": {"status": "completed", "runnable": 57, "created": "2015-12-30T16:38:44.266", "modified": "2015-12-30T16:38:44.267", "phone": "+8615339042385", "scheduled_message_task_id": "47"}, "model": "eums.run", "pk": 47}, {"fields": {"status": "completed", "runnable": 58, "created": "2015-12-30T16:40:51.918", "modified": "2015-12-30T16:40:51.918", "phone": "+8615339042385", "scheduled_message_task_id": "48"}, "model": "eums.run", "pk": 48}, {"fields": {"status": "completed", "runnable": 59, "created": "2015-12-30T16:42:54.122", "modified": "2015-12-30T16:42:54.122", "phone": "+8615339042385", "scheduled_message_task_id": "49"}, "model": "eums.run", "pk": 49}, {"fields": {"status": "completed", "runnable": 60, "created": "2015-12-30T16:44:52.965", "modified": "2015-12-30T16:44:52.965", "phone": "+8615339042385", "scheduled_message_task_id": "50"}, "model": "eums.run", "pk": 50}, {"fields": {"status": "completed", "runnable": 61, "created": "2015-12-30T16:46:25.434", "modified": "2015-12-30T16:46:25.434", "phone": "+8615339042385", "scheduled_message_task_id": "51"}, "model": "eums.run", "pk": 51}, {"fields": {"when_answered": null, "text": "Was product received?", "created": "2015-12-28T11:48:21.060", "flow": 1, "modified": "2015-12-28T11:48:21.060", "label": "productReceived", "position": 1}, "model": "eums.question", "pk": 1}, {"fields": {"when_answered": null, "text": "What date was it received?", "created": "2015-12-28T11:48:21.068", "flow": 1, "modified": "2015-12-28T11:48:21.068", "label": "dateOfReceipt", "position": 2}, "model": "eums.question", "pk": 2}, {"fields": {"when_answered": null, "text": "How much was received?", "created": "2015-12-28T11:48:21.070", "flow": 1, "modified": "2015-12-28T11:48:21.070", "label": "amountReceived", "position": 3}, "model": "eums.question", "pk": 3}, {"fields": {"when_answered": null, "text": "What is the quality of the product?", "created": "2015-12-28T11:48:21.073", "flow": 1, "modified": "2015-12-28T11:48:21.073", "label": "qualityOfProduct", "position": 4}, "model": "eums.question", "pk": 4}, {"fields": {"when_answered": null, "text": "Are you satisfied with the product?", "created": "2015-12-28T11:48:21.092", "flow": 1, "modified": "2015-12-28T11:48:21.092", "label": "satisfiedWithProduct", "position": 5}, "model": "eums.question", "pk": 5}, {"fields": {"when_answered": null, "text": "Have you been informed of the delay?", "created": "2015-12-28T11:48:21.099", "flow": 1, "modified": "2015-12-28T11:48:21.099", "label": "informedOfDelay", "position": 6}, "model": "eums.question", "pk": 6}, {"fields": {"when_answered": null, "text": "What did the partner say is the revised delivery date?", "created": "2015-12-28T11:48:21.107", "flow": 1, "modified": "2015-12-28T11:48:21.108", "label": "revisedDeliveryDate", "position": 7}, "model": "eums.question", "pk": 7}, {"fields": {"when_answered": null, "text": "Feedback about Dissatisfaction", "created": "2015-12-28T11:48:21.111", "flow": 1, "modified": "2015-12-28T11:48:21.111", "label": "feedbackAboutDissatisfaction", "position": 8}, "model": "eums.question", "pk": 8}, {"fields": {"when_answered": null, "text": "Was delivery received?", "created": "2015-12-28T11:48:21.116", "flow": 2, "modified": "2015-12-28T11:48:21.116", "label": "deliveryReceived", "position": 1}, "model": "eums.question", "pk": 9}, {"fields": {"when_answered": null, "text": "When was delivery received?", "created": "2015-12-28T11:48:21.123", "flow": 2, "modified": "2015-12-28T11:48:21.123", "label": "dateOfReceipt", "position": 2}, "model": "eums.question", "pk": 10}, {"fields": {"when_answered": null, "text": "Was delivery in good condition?", "created": "2015-12-28T11:48:21.125", "flow": 2, "modified": "2015-12-28T11:48:21.125", "label": "isDeliveryInGoodOrder", "position": 3}, "model": "eums.question", "pk": 11}, {"fields": {"when_answered": null, "text": "Are you satisfied with the delivery?", "created": "2015-12-28T11:48:21.131", "flow": 2, "modified": "2015-12-28T11:48:21.131", "label": "satisfiedWithDelivery", "position": 4}, "model": "eums.question", "pk": 12}, {"fields": {"when_answered": null, "text": "Additional Remarks", "created": "2015-12-28T11:48:21.138", "flow": 2, "modified": "2015-12-28T11:48:21.138", "label": "additionalDeliveryComments", "position": 5}, "model": "eums.question", "pk": 13}, {"fields": {"when_answered": "update_consignee_inventory", "text": "Was the item received?", "created": "2015-12-28T11:48:21.143", "flow": 3, "modified": "2015-12-28T11:48:21.143", "label": "itemReceived", "position": 1}, "model": "eums.question", "pk": 14}, {"fields": {"when_answered": "update_consignee_stock_level", "text": "How much was received?", "created": "2015-12-28T11:48:21.149", "flow": 3, "modified": "2015-12-28T11:48:21.149", "label": "amountReceived", "position": 2}, "model": "eums.question", "pk": 15}, {"fields": {"when_answered": null, "text": "What is the quality of the product?", "created": "2015-12-28T11:48:21.151", "flow": 3, "modified": "2015-12-28T11:48:21.151", "label": "qualityOfProduct", "position": 3}, "model": "eums.question", "pk": 16}, {"fields": {"when_answered": null, "text": "Are you satisfied with the product?", "created": "2015-12-28T11:48:21.164", "flow": 3, "modified": "2015-12-28T11:48:21.164", "label": "satisfiedWithProduct", "position": 4}, "model": "eums.question", "pk": 17}, {"fields": {"when_answered": null, "text": "Remarks", "created": "2015-12-28T11:48:21.172", "flow": 3, "modified": "2015-12-28T11:48:21.172", "label": "additionalDeliveryComments", "position": 5}, "model": "eums.question", "pk": 18}, {"fields": {"when_answered": null, "text": "Was product received?", "created": "2015-12-28T11:48:21.177", "flow": 4, "modified": "2015-12-28T11:48:21.177", "label": "productReceived", "position": 1}, "model": "eums.question", "pk": 19}, {"fields": {"when_answered": null, "text": "When was item received?", "created": "2015-12-28T11:48:21.183", "flow": 4, "modified": "2015-12-28T11:48:21.183", "label": "dateOfReceipt", "position": 2}, "model": "eums.question", "pk": 20}, {"fields": {"when_answered": null, "text": "What is the amount received?", "created": "2015-12-28T11:48:21.185", "flow": 4, "modified": "2015-12-28T11:48:21.185", "label": "amountReceived", "position": 3}, "model": "eums.question", "pk": 21}, {"fields": {"when_answered": null, "text": "Were you informed of the delay?", "created": "2015-12-28T11:48:21.187", "flow": 4, "modified": "2015-12-28T11:48:21.187", "label": "informedOfDelay", "position": 2}, "model": "eums.question", "pk": 22}, {"fields": {"when_answered": null, "text": "When to expect delay?", "created": "2015-12-28T11:48:21.193", "flow": 4, "modified": "2015-12-28T11:48:21.193", "label": "revisedDeliveryDate", "position": 3}, "model": "eums.question", "pk": 23}, {"fields": {"type": "numeric"}, "model": "eums.numericquestion", "pk": 3}, {"fields": {"type": "numeric"}, "model": "eums.numericquestion", "pk": 15}, {"fields": {"type": "numeric"}, "model": "eums.numericquestion", "pk": 21}, {"fields": {"type": "text"}, "model": "eums.textquestion", "pk": 2}, {"fields": {"type": "text"}, "model": "eums.textquestion", "pk": 7}, {"fields": {"type": "text"}, "model": "eums.textquestion", "pk": 8}, {"fields": {"type": "text"}, "model": "eums.textquestion", "pk": 10}, {"fields": {"type": "text"}, "model": "eums.textquestion", "pk": 13}, {"fields": {"type": "text"}, "model": "eums.textquestion", "pk": 18}, {"fields": {"type": "text"}, "model": "eums.textquestion", "pk": 20}, {"fields": {"type": "text"}, "model": "eums.textquestion", "pk": 23}, {"fields": {"type": "multipleChoice"}, "model": "eums.multiplechoicequestion", "pk": 1}, {"fields": {"type": "multipleChoice"}, "model": "eums.multiplechoicequestion", "pk": 4}, {"fields": {"type": "multipleChoice"}, "model": "eums.multiplechoicequestion", "pk": 5}, {"fields": {"type": "multipleChoice"}, "model": "eums.multiplechoicequestion", "pk": 6}, {"fields": {"type": "multipleChoice"}, "model": "eums.multiplechoicequestion", "pk": 9}, {"fields": {"type": "multipleChoice"}, "model": "eums.multiplechoicequestion", "pk": 11}, {"fields": {"type": "multipleChoice"}, "model": "eums.multiplechoicequestion", "pk": 12}, {"fields": {"type": "multipleChoice"}, "model": "eums.multiplechoicequestion", "pk": 14}, {"fields": {"type": "multipleChoice"}, "model": "eums.multiplechoicequestion", "pk": 16}, {"fields": {"type": "multipleChoice"}, "model": "eums.multiplechoicequestion", "pk": 17}, {"fields": {"type": "multipleChoice"}, "model": "eums.multiplechoicequestion", "pk": 19}, {"fields": {"type": "multipleChoice"}, "model": "eums.multiplechoicequestion", "pk": 22}, {"fields": {"text": "UNCATEGORISED", "question": 1, "modified": "2015-12-28T11:48:21.061", "created": "2015-12-28T11:48:21.061"}, "model": "eums.option", "pk": 1}, {"fields": {"text": "Yes", "question": 1, "modified": "2015-12-28T11:48:21.063", "created": "2015-12-28T11:48:21.063"}, "model": "eums.option", "pk": 2}, {"fields": {"text": "No", "question": 1, "modified": "2015-12-28T11:48:21.065", "created": "2015-12-28T11:48:21.065"}, "model": "eums.option", "pk": 3}, {"fields": {"text": "UNCATEGORISED", "question": 4, "modified": "2015-12-28T11:48:21.074", "created": "2015-12-28T11:48:21.074"}, "model": "eums.option", "pk": 4}, {"fields": {"text": "Good", "question": 4, "modified": "2015-12-28T11:48:21.082", "created": "2015-12-28T11:48:21.082"}, "model": "eums.option", "pk": 5}, {"fields": {"text": "Damaged", "question": 4, "modified": "2015-12-28T11:48:21.084", "created": "2015-12-28T11:48:21.084"}, "model": "eums.option", "pk": 6}, {"fields": {"text": "Substandard", "question": 4, "modified": "2015-12-28T11:48:21.085", "created": "2015-12-28T11:48:21.085"}, "model": "eums.option", "pk": 7}, {"fields": {"text": "Expired", "question": 4, "modified": "2015-12-28T11:48:21.087", "created": "2015-12-28T11:48:21.087"}, "model": "eums.option", "pk": 8}, {"fields": {"text": "Incomplete", "question": 4, "modified": "2015-12-28T11:48:21.088", "created": "2015-12-28T11:48:21.088"}, "model": "eums.option", "pk": 9}, {"fields": {"text": "UNCATEGORISED", "question": 5, "modified": "2015-12-28T11:48:21.093", "created": "2015-12-28T11:48:21.093"}, "model": "eums.option", "pk": 10}, {"fields": {"text": "Yes", "question": 5, "modified": "2015-12-28T11:48:21.095", "created": "2015-12-28T11:48:21.095"}, "model": "eums.option", "pk": 11}, {"fields": {"text": "No", "question": 5, "modified": "2015-12-28T11:48:21.097", "created": "2015-12-28T11:48:21.097"}, "model": "eums.option", "pk": 12}, {"fields": {"text": "UNCATEGORISED", "question": 6, "modified": "2015-12-28T11:48:21.100", "created": "2015-12-28T11:48:21.100"}, "model": "eums.option", "pk": 13}, {"fields": {"text": "Yes", "question": 6, "modified": "2015-12-28T11:48:21.102", "created": "2015-12-28T11:48:21.102"}, "model": "eums.option", "pk": 14}, {"fields": {"text": "No", "question": 6, "modified": "2015-12-28T11:48:21.104", "created": "2015-12-28T11:48:21.104"}, "model": "eums.option", "pk": 15}, {"fields": {"text": "UNCATEGORISED", "question": 9, "modified": "2015-12-28T11:48:21.117", "created": "2015-12-28T11:48:21.117"}, "model": "eums.option", "pk": 16}, {"fields": {"text": "Yes", "question": 9, "modified": "2015-12-28T11:48:21.119", "created": "2015-12-28T11:48:21.119"}, "model": "eums.option", "pk": 17}, {"fields": {"text": "No", "question": 9, "modified": "2015-12-28T11:48:21.120", "created": "2015-12-28T11:48:21.120"}, "model": "eums.option", "pk": 18}, {"fields": {"text": "UNCATEGORISED", "question": 11, "modified": "2015-12-28T11:48:21.126", "created": "2015-12-28T11:48:21.126"}, "model": "eums.option", "pk": 19}, {"fields": {"text": "Yes", "question": 11, "modified": "2015-12-28T11:48:21.128", "created": "2015-12-28T11:48:21.128"}, "model": "eums.option", "pk": 20}, {"fields": {"text": "No", "question": 11, "modified": "2015-12-28T11:48:21.129", "created": "2015-12-28T11:48:21.129"}, "model": "eums.option", "pk": 21}, {"fields": {"text": "UNCATEGORISED", "question": 12, "modified": "2015-12-28T11:48:21.133", "created": "2015-12-28T11:48:21.132"}, "model": "eums.option", "pk": 22}, {"fields": {"text": "Yes", "question": 12, "modified": "2015-12-28T11:48:21.134", "created": "2015-12-28T11:48:21.134"}, "model": "eums.option", "pk": 23}, {"fields": {"text": "No", "question": 12, "modified": "2015-12-28T11:48:21.136", "created": "2015-12-28T11:48:21.136"}, "model": "eums.option", "pk": 24}, {"fields": {"text": "UNCATEGORISED", "question": 14, "modified": "2015-12-28T11:48:21.144", "created": "2015-12-28T11:48:21.144"}, "model": "eums.option", "pk": 25}, {"fields": {"text": "Yes", "question": 14, "modified": "2015-12-28T11:48:21.145", "created": "2015-12-28T11:48:21.145"}, "model": "eums.option", "pk": 26}, {"fields": {"text": "No", "question": 14, "modified": "2015-12-28T11:48:21.147", "created": "2015-12-28T11:48:21.147"}, "model": "eums.option", "pk": 27}, {"fields": {"text": "UNCATEGORISED", "question": 16, "modified": "2015-12-28T11:48:21.153", "created": "2015-12-28T11:48:21.153"}, "model": "eums.option", "pk": 28}, {"fields": {"text": "Good", "question": 16, "modified": "2015-12-28T11:48:21.155", "created": "2015-12-28T11:48:21.155"}, "model": "eums.option", "pk": 29}, {"fields": {"text": "Damaged", "question": 16, "modified": "2015-12-28T11:48:21.156", "created": "2015-12-28T11:48:21.156"}, "model": "eums.option", "pk": 30}, {"fields": {"text": "Substandard", "question": 16, "modified": "2015-12-28T11:48:21.158", "created": "2015-12-28T11:48:21.158"}, "model": "eums.option", "pk": 31}, {"fields": {"text": "Expired", "question": 16, "modified": "2015-12-28T11:48:21.160", "created": "2015-12-28T11:48:21.159"}, "model": "eums.option", "pk": 32}, {"fields": {"text": "Incomplete", "question": 16, "modified": "2015-12-28T11:48:21.161", "created": "2015-12-28T11:48:21.161"}, "model": "eums.option", "pk": 33}, {"fields": {"text": "UNCATEGORISED", "question": 17, "modified": "2015-12-28T11:48:21.165", "created": "2015-12-28T11:48:21.165"}, "model": "eums.option", "pk": 34}, {"fields": {"text": "Yes", "question": 17, "modified": "2015-12-28T11:48:21.167", "created": "2015-12-28T11:48:21.167"}, "model": "eums.option", "pk": 35}, {"fields": {"text": "No", "question": 17, "modified": "2015-12-28T11:48:21.169", "created": "2015-12-28T11:48:21.169"}, "model": "eums.option", "pk": 36}, {"fields": {"text": "UNCATEGORISED", "question": 19, "modified": "2015-12-28T11:48:21.178", "created": "2015-12-28T11:48:21.178"}, "model": "eums.option", "pk": 37}, {"fields": {"text": "Yes", "question": 19, "modified": "2015-12-28T11:48:21.179", "created": "2015-12-28T11:48:21.179"}, "model": "eums.option", "pk": 38}, {"fields": {"text": "No", "question": 19, "modified": "2015-12-28T11:48:21.181", "created": "2015-12-28T11:48:21.181"}, "model": "eums.option", "pk": 39}, {"fields": {"text": "UNCATEGORISED", "question": 22, "modified": "2015-12-28T11:48:21.188", "created": "2015-12-28T11:48:21.188"}, "model": "eums.option", "pk": 40}, {"fields": {"text": "Yes", "question": 22, "modified": "2015-12-28T11:48:21.190", "created": "2015-12-28T11:48:21.190"}, "model": "eums.option", "pk": 41}, {"fields": {"text": "No", "question": 22, "modified": "2015-12-28T11:48:21.191", "created": "2015-12-28T11:48:21.191"}, "model": "eums.option", "pk": 42}, {"fields": {"modified": "2015-12-28T11:48:57.294", "name": "Item Unit 1", "created": "2015-12-28T11:48:57.294"}, "model": "eums.itemunit", "pk": 1}, {"fields": {"modified": "2015-12-28T11:48:57.296", "name": "Item Unit 2", "created": "2015-12-28T11:48:57.296"}, "model": "eums.itemunit", "pk": 2}, {"fields": {"modified": "2015-12-28T11:48:57.298", "name": "Item Unit 3", "created": "2015-12-28T11:48:57.298"}, "model": "eums.itemunit", "pk": 3}, {"fields": {"modified": "2015-12-28T11:48:57.300", "name": "Item Unit 4", "created": "2015-12-28T11:48:57.300"}, "model": "eums.itemunit", "pk": 4}, {"fields": {"modified": "2015-12-28T11:48:57.302", "name": "Item Unit 5", "created": "2015-12-28T11:48:57.302"}, "model": "eums.itemunit", "pk": 5}, {"fields": {"modified": "2015-12-28T11:48:57.303", "name": "Item Unit 6", "created": "2015-12-28T11:48:57.303"}, "model": "eums.itemunit", "pk": 6}, {"fields": {"modified": "2015-12-28T11:48:57.305", "name": "Item Unit 7", "created": "2015-12-28T11:48:57.305"}, "model": "eums.itemunit", "pk": 7}, {"fields": {"modified": "2015-12-28T11:48:57.307", "name": "Item Unit 8", "created": "2015-12-28T11:48:57.306"}, "model": "eums.itemunit", "pk": 8}, {"fields": {"modified": "2015-12-28T11:48:57.308", "name": "Item Unit 9", "created": "2015-12-28T11:48:57.308"}, "model": "eums.itemunit", "pk": 9}, {"fields": {"modified": "2015-12-28T11:48:57.310", "name": "Item Unit 10", "created": "2015-12-28T11:48:57.310"}, "model": "eums.itemunit", "pk": 10}, {"fields": {"modified": "2015-12-28T11:48:57.311", "name": "Item Unit 11", "created": "2015-12-28T11:48:57.311"}, "model": "eums.itemunit", "pk": 11}, {"fields": {"modified": "2015-12-28T11:48:57.313", "name": "Item Unit 12", "created": "2015-12-28T11:48:57.313"}, "model": "eums.itemunit", "pk": 12}, {"fields": {"modified": "2015-12-28T11:48:57.315", "name": "Item Unit 13", "created": "2015-12-28T11:48:57.315"}, "model": "eums.itemunit", "pk": 13}, {"fields": {"modified": "2015-12-28T11:48:57.316", "name": "Item Unit 14", "created": "2015-12-28T11:48:57.316"}, "model": "eums.itemunit", "pk": 14}, {"fields": {"modified": "2015-12-28T11:48:57.318", "name": "Item Unit 15", "created": "2015-12-28T11:48:57.318"}, "model": "eums.itemunit", "pk": 15}, {"fields": {"modified": "2015-12-28T11:48:57.320", "name": "Item Unit 16", "created": "2015-12-28T11:48:57.320"}, "model": "eums.itemunit", "pk": 16}, {"fields": {"modified": "2015-12-28T11:48:57.322", "name": "Item Unit 17", "created": "2015-12-28T11:48:57.322"}, "model": "eums.itemunit", "pk": 17}, {"fields": {"modified": "2015-12-28T11:48:57.323", "name": "Item Unit 18", "created": "2015-12-28T11:48:57.323"}, "model": "eums.itemunit", "pk": 18}, {"fields": {"modified": "2015-12-28T11:48:57.325", "name": "Item Unit 19", "created": "2015-12-28T11:48:57.325"}, "model": "eums.itemunit", "pk": 19}, {"fields": {"modified": "2015-12-28T11:48:57.327", "name": "Item Unit 20", "created": "2015-12-28T11:48:57.327"}, "model": "eums.itemunit", "pk": 20}, {"fields": {"modified": "2015-12-28T11:48:57.328", "name": "Item Unit 21", "created": "2015-12-28T11:48:57.328"}, "model": "eums.itemunit", "pk": 21}, {"fields": {"modified": "2015-12-28T11:48:57.330", "name": "Item Unit 22", "created": "2015-12-28T11:48:57.330"}, "model": "eums.itemunit", "pk": 22}, {"fields": {"modified": "2015-12-28T11:48:57.331", "name": "Item Unit 23", "created": "2015-12-28T11:48:57.331"}, "model": "eums.itemunit", "pk": 23}, {"fields": {"modified": "2015-12-28T11:48:57.333", "name": "Item Unit 24", "created": "2015-12-28T11:48:57.333"}, "model": "eums.itemunit", "pk": 24}, {"fields": {"modified": "2015-12-28T11:48:57.335", "name": "Item Unit 25", "created": "2015-12-28T11:48:57.335"}, "model": "eums.itemunit", "pk": 25}, {"fields": {"modified": "2015-12-28T11:48:57.336", "name": "Item Unit 26", "created": "2015-12-28T11:48:57.336"}, "model": "eums.itemunit", "pk": 26}, {"fields": {"modified": "2015-12-28T11:48:57.338", "name": "Item Unit 27", "created": "2015-12-28T11:48:57.338"}, "model": "eums.itemunit", "pk": 27}, {"fields": {"modified": "2015-12-28T11:48:57.340", "name": "Item Unit 28", "created": "2015-12-28T11:48:57.340"}, "model": "eums.itemunit", "pk": 28}, {"fields": {"modified": "2015-12-28T11:48:57.341", "name": "Item Unit 29", "created": "2015-12-28T11:48:57.341"}, "model": "eums.itemunit", "pk": 29}, {"fields": {"modified": "2015-12-28T11:48:57.343", "name": "Item Unit 30", "created": "2015-12-28T11:48:57.343"}, "model": "eums.itemunit", "pk": 30}, {"fields": {"modified": "2015-12-28T11:48:57.344", "name": "Item Unit 31", "created": "2015-12-28T11:48:57.344"}, "model": "eums.itemunit", "pk": 31}, {"fields": {"modified": "2015-12-28T11:48:57.346", "name": "Item Unit 32", "created": "2015-12-28T11:48:57.346"}, "model": "eums.itemunit", "pk": 32}, {"fields": {"modified": "2015-12-28T11:48:57.348", "name": "Item Unit 33", "created": "2015-12-28T11:48:57.348"}, "model": "eums.itemunit", "pk": 33}, {"fields": {"modified": "2015-12-28T11:48:57.350", "name": "Item Unit 34", "created": "2015-12-28T11:48:57.350"}, "model": "eums.itemunit", "pk": 34}, {"fields": {"modified": "2015-12-28T11:48:57.352", "name": "Item Unit 35", "created": "2015-12-28T11:48:57.352"}, "model": "eums.itemunit", "pk": 35}, {"fields": {"modified": "2015-12-28T11:48:57.353", "name": "Item Unit 36", "created": "2015-12-28T11:48:57.353"}, "model": "eums.itemunit", "pk": 36}, {"fields": {"modified": "2015-12-28T11:48:57.355", "name": "Item Unit 37", "created": "2015-12-28T11:48:57.355"}, "model": "eums.itemunit", "pk": 37}, {"fields": {"modified": "2015-12-28T11:48:57.357", "name": "Item Unit 38", "created": "2015-12-28T11:48:57.357"}, "model": "eums.itemunit", "pk": 38}, {"fields": {"modified": "2015-12-28T11:48:57.359", "name": "Item Unit 39", "created": "2015-12-28T11:48:57.359"}, "model": "eums.itemunit", "pk": 39}, {"fields": {"modified": "2015-12-28T11:48:57.361", "name": "Item Unit 40", "created": "2015-12-28T11:48:57.361"}, "model": "eums.itemunit", "pk": 40}, {"fields": {"modified": "2015-12-28T11:48:57.363", "name": "Item Unit 41", "created": "2015-12-28T11:48:57.363"}, "model": "eums.itemunit", "pk": 41}, {"fields": {"modified": "2015-12-28T11:48:57.364", "name": "Item Unit 42", "created": "2015-12-28T11:48:57.364"}, "model": "eums.itemunit", "pk": 42}, {"fields": {"modified": "2015-12-28T11:48:57.366", "name": "Item Unit 43", "created": "2015-12-28T11:48:57.366"}, "model": "eums.itemunit", "pk": 43}, {"fields": {"modified": "2015-12-28T11:48:57.368", "name": "Item Unit 44", "created": "2015-12-28T11:48:57.368"}, "model": "eums.itemunit", "pk": 44}, {"fields": {"modified": "2015-12-28T11:48:57.370", "name": "Item Unit 45", "created": "2015-12-28T11:48:57.370"}, "model": "eums.itemunit", "pk": 45}, {"fields": {"modified": "2015-12-28T11:48:57.371", "name": "Item Unit 46", "created": "2015-12-28T11:48:57.371"}, "model": "eums.itemunit", "pk": 46}, {"fields": {"modified": "2015-12-28T11:48:57.373", "name": "Item Unit 47", "created": "2015-12-28T11:48:57.373"}, "model": "eums.itemunit", "pk": 47}, {"fields": {"modified": "2015-12-28T11:48:57.374", "name": "Item Unit 48", "created": "2015-12-28T11:48:57.374"}, "model": "eums.itemunit", "pk": 48}, {"fields": {"modified": "2015-12-28T11:48:57.376", "name": "Item Unit 49", "created": "2015-12-28T11:48:57.376"}, "model": "eums.itemunit", "pk": 49}, {"fields": {"modified": "2015-12-28T11:48:57.377", "name": "Item Unit 50", "created": "2015-12-28T11:48:57.377"}, "model": "eums.itemunit", "pk": 50}, {"fields": {"modified": "2015-12-28T11:48:57.379", "name": "Item Unit 51", "created": "2015-12-28T11:48:57.379"}, "model": "eums.itemunit", "pk": 51}, {"fields": {"modified": "2015-12-28T11:48:57.381", "name": "Item Unit 52", "created": "2015-12-28T11:48:57.380"}, "model": "eums.itemunit", "pk": 52}, {"fields": {"modified": "2015-12-28T11:48:57.382", "name": "Item Unit 53", "created": "2015-12-28T11:48:57.382"}, "model": "eums.itemunit", "pk": 53}, {"fields": {"modified": "2015-12-28T11:48:57.384", "name": "Item Unit 54", "created": "2015-12-28T11:48:57.384"}, "model": "eums.itemunit", "pk": 54}, {"fields": {"modified": "2015-12-28T11:48:57.385", "name": "Item Unit 55", "created": "2015-12-28T11:48:57.385"}, "model": "eums.itemunit", "pk": 55}, {"fields": {"modified": "2015-12-28T11:48:57.387", "name": "Item Unit 56", "created": "2015-12-28T11:48:57.387"}, "model": "eums.itemunit", "pk": 56}, {"fields": {"modified": "2015-12-28T11:48:57.389", "name": "Item Unit 57", "created": "2015-12-28T11:48:57.389"}, "model": "eums.itemunit", "pk": 57}, {"fields": {"modified": "2015-12-28T11:48:57.390", "name": "Item Unit 58", "created": "2015-12-28T11:48:57.390"}, "model": "eums.itemunit", "pk": 58}, {"fields": {"modified": "2015-12-28T11:48:57.392", "name": "Item Unit 59", "created": "2015-12-28T11:48:57.392"}, "model": "eums.itemunit", "pk": 59}, {"fields": {"modified": "2015-12-28T11:48:57.394", "name": "Item Unit 60", "created": "2015-12-28T11:48:57.394"}, "model": "eums.itemunit", "pk": 60}, {"fields": {"modified": "2015-12-28T11:48:57.395", "name": "Item Unit 61", "created": "2015-12-28T11:48:57.395"}, "model": "eums.itemunit", "pk": 61}, {"fields": {"modified": "2015-12-28T11:48:57.397", "name": "Item Unit 62", "created": "2015-12-28T11:48:57.397"}, "model": "eums.itemunit", "pk": 62}, {"fields": {"modified": "2015-12-28T11:48:57.398", "name": "Item Unit 63", "created": "2015-12-28T11:48:57.398"}, "model": "eums.itemunit", "pk": 63}, {"fields": {"modified": "2015-12-28T11:48:57.400", "name": "Item Unit 64", "created": "2015-12-28T11:48:57.400"}, "model": "eums.itemunit", "pk": 64}, {"fields": {"modified": "2015-12-28T11:48:57.401", "name": "Item Unit 65", "created": "2015-12-28T11:48:57.401"}, "model": "eums.itemunit", "pk": 65}, {"fields": {"modified": "2015-12-28T11:48:57.403", "name": "Item Unit 66", "created": "2015-12-28T11:48:57.403"}, "model": "eums.itemunit", "pk": 66}, {"fields": {"modified": "2015-12-28T11:48:57.405", "name": "Item Unit 67", "created": "2015-12-28T11:48:57.405"}, "model": "eums.itemunit", "pk": 67}, {"fields": {"modified": "2015-12-28T11:48:57.406", "name": "Item Unit 68", "created": "2015-12-28T11:48:57.406"}, "model": "eums.itemunit", "pk": 68}, {"fields": {"modified": "2015-12-28T11:48:57.408", "name": "Item Unit 69", "created": "2015-12-28T11:48:57.408"}, "model": "eums.itemunit", "pk": 69}, {"fields": {"modified": "2015-12-28T11:48:57.409", "name": "Item Unit 70", "created": "2015-12-28T11:48:57.409"}, "model": "eums.itemunit", "pk": 70}, {"fields": {"modified": "2015-12-28T11:48:57.411", "name": "Item Unit 71", "created": "2015-12-28T11:48:57.411"}, "model": "eums.itemunit", "pk": 71}, {"fields": {"modified": "2015-12-28T11:48:57.413", "name": "Item Unit 72", "created": "2015-12-28T11:48:57.413"}, "model": "eums.itemunit", "pk": 72}, {"fields": {"modified": "2015-12-28T11:48:57.414", "name": "Item Unit 73", "created": "2015-12-28T11:48:57.414"}, "model": "eums.itemunit", "pk": 73}, {"fields": {"modified": "2015-12-28T11:48:57.416", "name": "Item Unit 74", "created": "2015-12-28T11:48:57.416"}, "model": "eums.itemunit", "pk": 74}, {"fields": {"modified": "2015-12-28T11:48:57.417", "name": "Item Unit 75", "created": "2015-12-28T11:48:57.417"}, "model": "eums.itemunit", "pk": 75}, {"fields": {"modified": "2015-12-28T11:48:57.419", "name": "Item Unit 76", "created": "2015-12-28T11:48:57.419"}, "model": "eums.itemunit", "pk": 76}, {"fields": {"modified": "2015-12-28T11:48:57.421", "name": "Item Unit 77", "created": "2015-12-28T11:48:57.421"}, "model": "eums.itemunit", "pk": 77}, {"fields": {"modified": "2015-12-28T11:48:57.422", "name": "Item Unit 78", "created": "2015-12-28T11:48:57.422"}, "model": "eums.itemunit", "pk": 78}, {"fields": {"modified": "2015-12-28T11:48:57.424", "name": "Item Unit 79", "created": "2015-12-28T11:48:57.424"}, "model": "eums.itemunit", "pk": 79}, {"fields": {"modified": "2015-12-28T11:48:57.426", "name": "Item Unit 80", "created": "2015-12-28T11:48:57.426"}, "model": "eums.itemunit", "pk": 80}, {"fields": {"modified": "2015-12-28T11:48:57.427", "name": "Item Unit 81", "created": "2015-12-28T11:48:57.427"}, "model": "eums.itemunit", "pk": 81}, {"fields": {"modified": "2015-12-28T11:48:57.429", "name": "Item Unit 82", "created": "2015-12-28T11:48:57.429"}, "model": "eums.itemunit", "pk": 82}, {"fields": {"modified": "2015-12-28T11:48:57.431", "name": "Item Unit 83", "created": "2015-12-28T11:48:57.431"}, "model": "eums.itemunit", "pk": 83}, {"fields": {"modified": "2015-12-28T11:48:57.432", "name": "Item Unit 84", "created": "2015-12-28T11:48:57.432"}, "model": "eums.itemunit", "pk": 84}, {"fields": {"modified": "2015-12-28T11:48:57.434", "name": "Item Unit 85", "created": "2015-12-28T11:48:57.434"}, "model": "eums.itemunit", "pk": 85}, {"fields": {"modified": "2015-12-28T11:48:58.144", "name": "Item Unit 86", "created": "2015-12-28T11:48:58.144"}, "model": "eums.itemunit", "pk": 86}, {"fields": {"modified": "2015-12-28T11:48:58.149", "name": "Item Unit 87", "created": "2015-12-28T11:48:58.149"}, "model": "eums.itemunit", "pk": 87}, {"fields": {"modified": "2015-12-28T11:48:58.153", "name": "Item Unit 88", "created": "2015-12-28T11:48:58.153"}, "model": "eums.itemunit", "pk": 88}, {"fields": {"modified": "2015-12-28T11:48:58.156", "name": "Item Unit 89", "created": "2015-12-28T11:48:58.156"}, "model": "eums.itemunit", "pk": 89}, {"fields": {"modified": "2015-12-28T11:48:58.160", "name": "Item Unit 90", "created": "2015-12-28T11:48:58.160"}, "model": "eums.itemunit", "pk": 90}, {"fields": {"modified": "2015-12-28T11:48:58.164", "name": "Item Unit 91", "created": "2015-12-28T11:48:58.164"}, "model": "eums.itemunit", "pk": 91}, {"fields": {"modified": "2015-12-28T11:48:58.168", "name": "Item Unit 92", "created": "2015-12-28T11:48:58.168"}, "model": "eums.itemunit", "pk": 92}, {"fields": {"modified": "2015-12-28T11:48:58.172", "name": "Item Unit 93", "created": "2015-12-28T11:48:58.172"}, "model": "eums.itemunit", "pk": 93}, {"fields": {"modified": "2015-12-28T11:48:58.176", "name": "Item Unit 94", "created": "2015-12-28T11:48:58.176"}, "model": "eums.itemunit", "pk": 94}, {"fields": {"modified": "2015-12-28T11:48:58.179", "name": "Item Unit 95", "created": "2015-12-28T11:48:58.179"}, "model": "eums.itemunit", "pk": 95}, {"fields": {"modified": "2015-12-28T11:48:58.183", "name": "Item Unit 96", "created": "2015-12-28T11:48:58.183"}, "model": "eums.itemunit", "pk": 96}, {"fields": {"modified": "2015-12-28T11:48:58.187", "name": "Item Unit 97", "created": "2015-12-28T11:48:58.187"}, "model": "eums.itemunit", "pk": 97}, {"fields": {"modified": "2015-12-28T11:48:58.190", "name": "Item Unit 98", "created": "2015-12-28T11:48:58.190"}, "model": "eums.itemunit", "pk": 98}, {"fields": {"modified": "2015-12-28T11:48:58.194", "name": "Item Unit 99", "created": "2015-12-28T11:48:58.194"}, "model": "eums.itemunit", "pk": 99}, {"fields": {"modified": "2015-12-28T11:48:58.198", "name": "Item Unit 100", "created": "2015-12-28T11:48:58.198"}, "model": "eums.itemunit", "pk": 100}, {"fields": {"modified": "2015-12-28T11:48:58.201", "name": "Item Unit 101", "created": "2015-12-28T11:48:58.201"}, "model": "eums.itemunit", "pk": 101}, {"fields": {"modified": "2015-12-28T11:48:58.205", "name": "Item Unit 102", "created": "2015-12-28T11:48:58.205"}, "model": "eums.itemunit", "pk": 102}, {"fields": {"modified": "2015-12-28T11:48:58.209", "name": "Item Unit 103", "created": "2015-12-28T11:48:58.209"}, "model": "eums.itemunit", "pk": 103}, {"fields": {"modified": "2015-12-28T11:48:58.212", "name": "Item Unit 104", "created": "2015-12-28T11:48:58.212"}, "model": "eums.itemunit", "pk": 104}, {"fields": {"modified": "2015-12-28T11:48:58.216", "name": "Item Unit 105", "created": "2015-12-28T11:48:58.216"}, "model": "eums.itemunit", "pk": 105}, {"fields": {"modified": "2015-12-28T11:48:58.220", "name": "Item Unit 106", "created": "2015-12-28T11:48:58.220"}, "model": "eums.itemunit", "pk": 106}, {"fields": {"modified": "2015-12-28T11:48:58.223", "name": "Item Unit 107", "created": "2015-12-28T11:48:58.223"}, "model": "eums.itemunit", "pk": 107}, {"fields": {"modified": "2015-12-28T11:48:58.227", "name": "Item Unit 108", "created": "2015-12-28T11:48:58.227"}, "model": "eums.itemunit", "pk": 108}, {"fields": {"modified": "2015-12-28T11:48:58.231", "name": "Item Unit 109", "created": "2015-12-28T11:48:58.231"}, "model": "eums.itemunit", "pk": 109}, {"fields": {"modified": "2015-12-28T11:48:58.234", "name": "Item Unit 110", "created": "2015-12-28T11:48:58.234"}, "model": "eums.itemunit", "pk": 110}, {"fields": {"modified": "2015-12-28T11:48:58.238", "name": "Item Unit 111", "created": "2015-12-28T11:48:58.238"}, "model": "eums.itemunit", "pk": 111}, {"fields": {"modified": "2015-12-28T11:48:58.242", "name": "Item Unit 112", "created": "2015-12-28T11:48:58.242"}, "model": "eums.itemunit", "pk": 112}, {"fields": {"modified": "2015-12-28T11:48:58.246", "name": "Item Unit 113", "created": "2015-12-28T11:48:58.246"}, "model": "eums.itemunit", "pk": 113}, {"fields": {"modified": "2015-12-28T11:48:58.250", "name": "Item Unit 114", "created": "2015-12-28T11:48:58.250"}, "model": "eums.itemunit", "pk": 114}, {"fields": {"modified": "2015-12-28T11:48:58.253", "name": "Item Unit 115", "created": "2015-12-28T11:48:58.253"}, "model": "eums.itemunit", "pk": 115}, {"fields": {"modified": "2015-12-28T11:48:58.257", "name": "Item Unit 116", "created": "2015-12-28T11:48:58.257"}, "model": "eums.itemunit", "pk": 116}, {"fields": {"modified": "2015-12-28T11:48:58.261", "name": "Item Unit 117", "created": "2015-12-28T11:48:58.261"}, "model": "eums.itemunit", "pk": 117}, {"fields": {"modified": "2015-12-28T11:48:58.264", "name": "Item Unit 118", "created": "2015-12-28T11:48:58.264"}, "model": "eums.itemunit", "pk": 118}, {"fields": {"modified": "2015-12-28T11:48:58.268", "name": "Item Unit 119", "created": "2015-12-28T11:48:58.268"}, "model": "eums.itemunit", "pk": 119}, {"fields": {"modified": "2015-12-28T11:48:58.272", "name": "Item Unit 120", "created": "2015-12-28T11:48:58.271"}, "model": "eums.itemunit", "pk": 120}, {"fields": {"modified": "2015-12-28T11:48:58.275", "name": "Item Unit 121", "created": "2015-12-28T11:48:58.275"}, "model": "eums.itemunit", "pk": 121}, {"fields": {"modified": "2015-12-28T11:48:58.279", "name": "Item Unit 122", "created": "2015-12-28T11:48:58.279"}, "model": "eums.itemunit", "pk": 122}, {"fields": {"modified": "2015-12-28T11:48:58.283", "name": "Item Unit 123", "created": "2015-12-28T11:48:58.283"}, "model": "eums.itemunit", "pk": 123}, {"fields": {"modified": "2015-12-28T11:48:58.286", "name": "Item Unit 124", "created": "2015-12-28T11:48:58.286"}, "model": "eums.itemunit", "pk": 124}, {"fields": {"modified": "2015-12-28T11:48:58.290", "name": "Item Unit 125", "created": "2015-12-28T11:48:58.290"}, "model": "eums.itemunit", "pk": 125}, {"fields": {"modified": "2015-12-28T11:48:58.294", "name": "Item Unit 126", "created": "2015-12-28T11:48:58.294"}, "model": "eums.itemunit", "pk": 126}, {"fields": {"modified": "2015-12-28T11:48:58.298", "name": "Item Unit 127", "created": "2015-12-28T11:48:58.298"}, "model": "eums.itemunit", "pk": 127}, {"fields": {"modified": "2015-12-28T11:48:58.301", "name": "Item Unit 128", "created": "2015-12-28T11:48:58.301"}, "model": "eums.itemunit", "pk": 128}, {"fields": {"modified": "2015-12-28T11:48:58.305", "name": "Item Unit 129", "created": "2015-12-28T11:48:58.305"}, "model": "eums.itemunit", "pk": 129}, {"fields": {"modified": "2015-12-28T11:48:58.309", "name": "Item Unit 130", "created": "2015-12-28T11:48:58.309"}, "model": "eums.itemunit", "pk": 130}, {"fields": {"modified": "2015-12-28T11:48:58.312", "name": "Item Unit 131", "created": "2015-12-28T11:48:58.312"}, "model": "eums.itemunit", "pk": 131}, {"fields": {"modified": "2015-12-28T11:48:58.316", "name": "Item Unit 132", "created": "2015-12-28T11:48:58.316"}, "model": "eums.itemunit", "pk": 132}, {"fields": {"modified": "2015-12-28T11:48:58.320", "name": "Item Unit 133", "created": "2015-12-28T11:48:58.320"}, "model": "eums.itemunit", "pk": 133}, {"fields": {"modified": "2015-12-28T11:48:58.323", "name": "Item Unit 134", "created": "2015-12-28T11:48:58.323"}, "model": "eums.itemunit", "pk": 134}, {"fields": {"modified": "2015-12-28T11:48:58.327", "name": "Item Unit 135", "created": "2015-12-28T11:48:58.327"}, "model": "eums.itemunit", "pk": 135}, {"fields": {"modified": "2015-12-28T11:48:58.331", "name": "Item Unit 136", "created": "2015-12-28T11:48:58.331"}, "model": "eums.itemunit", "pk": 136}, {"fields": {"modified": "2015-12-28T11:48:58.335", "name": "Item Unit 137", "created": "2015-12-28T11:48:58.335"}, "model": "eums.itemunit", "pk": 137}, {"fields": {"modified": "2015-12-28T11:48:58.338", "name": "Item Unit 138", "created": "2015-12-28T11:48:58.338"}, "model": "eums.itemunit", "pk": 138}, {"fields": {"modified": "2015-12-28T11:48:58.342", "name": "Item Unit 139", "created": "2015-12-28T11:48:58.342"}, "model": "eums.itemunit", "pk": 139}, {"fields": {"modified": "2015-12-28T11:48:58.346", "name": "Item Unit 140", "created": "2015-12-28T11:48:58.346"}, "model": "eums.itemunit", "pk": 140}, {"fields": {"modified": "2015-12-28T11:48:58.350", "name": "Item Unit 141", "created": "2015-12-28T11:48:58.350"}, "model": "eums.itemunit", "pk": 141}, {"fields": {"wbs_element_ex": "4380/A0/04/106", "modified": "2015-12-28T11:48:57.212", "name": "YI106 - PCR 2 KEEP CHILDREN LEARNING", "created": "2015-12-28T11:48:57.212"}, "model": "eums.programme", "pk": 1}, {"fields": {"wbs_element_ex": "4380/A0/04/105", "modified": "2015-12-28T11:48:57.213", "name": "YI105 - PCR 1 KEEP CHILDREN AND MOTHERS", "created": "2015-12-28T11:48:57.213"}, "model": "eums.programme", "pk": 2}, {"fields": {"wbs_element_ex": "4380/A0/04/104", "modified": "2015-12-28T11:48:57.215", "name": "YI104 - PCR 1 KEEP CHILDREN AND MOTHERS ALIVE", "created": "2015-12-28T11:48:57.214"}, "model": "eums.programme", "pk": 3}, {"fields": {"wbs_element_ex": "4380/A0/04/103", "modified": "2015-12-28T11:48:57.215", "name": "YI103 - PCR 1 CROSS SECTORA", "created": "2015-12-28T11:48:57.215"}, "model": "eums.programme", "pk": 4}, {"fields": {"wbs_element_ex": "4380/A0/04/102", "modified": "2015-12-28T11:48:57.216", "name": "YI102 - PCR 1 KEEP CHILDREN SAFE", "created": "2015-12-28T11:48:57.216"}, "model": "eums.programme", "pk": 5}, {"fields": {"wbs_element_ex": "4380/A0/04/101", "modified": "2015-12-28T11:48:57.218", "name": "YI101 - PCR 1 KEEP CHILDREN LEARNING", "created": "2015-12-28T11:48:57.218"}, "model": "eums.programme", "pk": 6}, {"fields": {"source": null, "target": 9, "quantity": 2}, "model": "eums.arc", "pk": 1}, {"fields": {"source": null, "target": 10, "quantity": 1}, "model": "eums.arc", "pk": 2}, {"fields": {"source": null, "target": 11, "quantity": 3}, "model": "eums.arc", "pk": 3}, {"fields": {"source": null, "target": 12, "quantity": 2}, "model": "eums.arc", "pk": 4}, {"fields": {"source": null, "target": 13, "quantity": 1}, "model": "eums.arc", "pk": 5}, {"fields": {"source": null, "target": 14, "quantity": 3}, "model": "eums.arc", "pk": 6}, {"fields": {"source": null, "target": 15, "quantity": 1}, "model": "eums.arc", "pk": 7}, {"fields": {"source": null, "target": 16, "quantity": 2}, "model": "eums.arc", "pk": 8}, {"fields": {"source": null, "target": 18, "quantity": 1}, "model": "eums.arc", "pk": 9}, {"fields": {"source": null, "target": 20, "quantity": 44}, "model": "eums.arc", "pk": 10}, {"fields": {"source": null, "target": 21, "quantity": 4}, "model": "eums.arc", "pk": 11}, {"fields": {"source": null, "target": 22, "quantity": 3}, "model": "eums.arc", "pk": 12}, {"fields": {"source": null, "target": 26, "quantity": 1}, "model": "eums.arc", "pk": 13}, {"fields": {"source": null, "target": 27, "quantity": 1}, "model": "eums.arc", "pk": 14}, {"fields": {"source": null, "target": 28, "quantity": 9}, "model": "eums.arc", "pk": 15}, {"fields": {"source": null, "target": 39, "quantity": 1}, "model": "eums.arc", "pk": 16}, {"fields": {"source": null, "target": 40, "quantity": 2}, "model": "eums.arc", "pk": 17}, {"fields": {"source": null, "target": 41, "quantity": 1}, "model": "eums.arc", "pk": 18}, {"fields": {"source": null, "target": 42, "quantity": 2}, "model": "eums.arc", "pk": 19}, {"fields": {"source": null, "target": 43, "quantity": 1}, "model": "eums.arc", "pk": 20}, {"fields": {"source": null, "target": 44, "quantity": 2}, "model": "eums.arc", "pk": 21}, {"fields": {"source": null, "target": 45, "quantity": 1}, "model": "eums.arc", "pk": 22}, {"fields": {"source": null, "target": 46, "quantity": 2}, "model": "eums.arc", "pk": 23}, {"fields": {"source": null, "target": 47, "quantity": 1}, "model": "eums.arc", "pk": 24}, {"fields": {"source": null, "target": 48, "quantity": 2}, "model": "eums.arc", "pk": 25}, {"fields": {"source": null, "target": 50, "quantity": 4}, "model": "eums.arc", "pk": 26}, {"fields": {"source": null, "target": 52, "quantity": 10}, "model": "eums.arc", "pk": 27}, {"fields": {"source": null, "target": 53, "quantity": 5}, "model": "eums.arc", "pk": 28}, {"fields": {"source": null, "target": 54, "quantity": 2}, "model": "eums.arc", "pk": 29}, {"fields": {"source": 46, "target": 55, "quantity": 1}, "model": "eums.arc", "pk": 30}, {"fields": {"source": 43, "target": 56, "quantity": 1}, "model": "eums.arc", "pk": 31}, {"fields": {"source": 44, "target": 57, "quantity": 1}, "model": "eums.arc", "pk": 32}, {"fields": {"source": 42, "target": 58, "quantity": 1}, "model": "eums.arc", "pk": 33}, {"fields": {"source": 40, "target": 59, "quantity": 1}, "model": "eums.arc", "pk": 34}, {"fields": {"source": 48, "target": 60, "quantity": 1}, "model": "eums.arc", "pk": 35}, {"fields": {"source": 40, "target": 61, "quantity": 1}, "model": "eums.arc", "pk": 36}, {"fields": {"source": 44, "target": 65, "quantity": 1}, "model": "eums.arc", "pk": 39}, {"fields": {"source": 28, "target": 66, "quantity": 5}, "model": "eums.arc", "pk": 40}, {"fields": {"source": null, "target": 68, "quantity": 5}, "model": "eums.arc", "pk": 41}, {"fields": {"source": null, "target": 70, "quantity": 1}, "model": "eums.arc", "pk": 42}, {"fields": {"item_number": 10, "created": "2015-12-28T11:48:57.484", "modified": "2015-12-28T11:48:57.484", "item": 1, "quantity": "100.00", "polymorphic_ctype": 30}, "model": "eums.orderitem", "pk": 1}, {"fields": {"item_number": 20, "created": "2015-12-28T11:48:57.487", "modified": "2015-12-28T11:48:57.487", "item": 2, "quantity": "100.00", "polymorphic_ctype": 30}, "model": "eums.orderitem", "pk": 2}, {"fields": {"item_number": 30, "created": "2015-12-28T11:48:57.489", "modified": "2015-12-28T11:48:57.489", "item": 3, "quantity": "100.00", "polymorphic_ctype": 30}, "model": "eums.orderitem", "pk": 3}, {"fields": {"item_number": 40, "created": "2015-12-28T11:48:57.491", "modified": "2015-12-28T11:48:57.491", "item": 4, "quantity": "100.00", "polymorphic_ctype": 30}, "model": "eums.orderitem", "pk": 4}, {"fields": {"item_number": 50, "created": "2015-12-28T11:48:57.493", "modified": "2015-12-28T11:48:57.493", "item": 5, "quantity": "100.00", "polymorphic_ctype": 30}, "model": "eums.orderitem", "pk": 5}, {"fields": {"item_number": 60, "created": "2015-12-28T11:48:57.495", "modified": "2015-12-28T11:48:57.495", "item": 6, "quantity": "100.00", "polymorphic_ctype": 30}, "model": "eums.orderitem", "pk": 6}, {"fields": {"item_number": 70, "created": "2015-12-28T11:48:57.497", "modified": "2015-12-28T11:48:57.497", "item": 7, "quantity": "100.00", "polymorphic_ctype": 30}, "model": "eums.orderitem", "pk": 7}, {"fields": {"item_number": 80, "created": "2015-12-28T11:48:57.498", "modified": "2015-12-28T11:48:57.498", "item": 8, "quantity": "100.00", "polymorphic_ctype": 30}, "model": "eums.orderitem", "pk": 8}, {"fields": {"item_number": 90, "created": "2015-12-28T11:48:57.500", "modified": "2015-12-28T11:48:57.500", "item": 9, "quantity": "100.00", "polymorphic_ctype": 30}, "model": "eums.orderitem", "pk": 9}, {"fields": {"item_number": 100, "created": "2015-12-28T11:48:57.502", "modified": "2015-12-28T11:48:57.502", "item": 10, "quantity": "100.00", "polymorphic_ctype": 30}, "model": "eums.orderitem", "pk": 10}, {"fields": {"item_number": 110, "created": "2015-12-28T11:48:57.504", "modified": "2015-12-28T11:48:57.504", "item": 11, "quantity": "100.00", "polymorphic_ctype": 30}, "model": "eums.orderitem", "pk": 11}, {"fields": {"item_number": 120, "created": "2015-12-28T11:48:57.506", "modified": "2015-12-28T11:48:57.506", "item": 12, "quantity": "100.00", "polymorphic_ctype": 30}, "model": "eums.orderitem", "pk": 12}, {"fields": {"item_number": 130, "created": "2015-12-28T11:48:57.508", "modified": "2015-12-28T11:48:57.508", "item": 13, "quantity": "100.00", "polymorphic_ctype": 30}, "model": "eums.orderitem", "pk": 13}, {"fields": {"item_number": 140, "created": "2015-12-28T11:48:57.510", "modified": "2015-12-28T11:48:57.510", "item": 14, "quantity": "100.00", "polymorphic_ctype": 30}, "model": "eums.orderitem", "pk": 14}, {"fields": {"item_number": 150, "created": "2015-12-28T11:48:57.512", "modified": "2015-12-28T11:48:57.512", "item": 15, "quantity": "100.00", "polymorphic_ctype": 30}, "model": "eums.orderitem", "pk": 15}, {"fields": {"item_number": 160, "created": "2015-12-28T11:48:57.513", "modified": "2015-12-28T11:48:57.513", "item": 16, "quantity": "100.00", "polymorphic_ctype": 30}, "model": "eums.orderitem", "pk": 16}, {"fields": {"item_number": 170, "created": "2015-12-28T11:48:57.515", "modified": "2015-12-28T11:48:57.515", "item": 17, "quantity": "100.00", "polymorphic_ctype": 30}, "model": "eums.orderitem", "pk": 17}, {"fields": {"item_number": 180, "created": "2015-12-28T11:48:57.517", "modified": "2015-12-28T11:48:57.517", "item": 18, "quantity": "100.00", "polymorphic_ctype": 30}, "model": "eums.orderitem", "pk": 18}, {"fields": {"item_number": 190, "created": "2015-12-28T11:48:57.519", "modified": "2015-12-28T11:48:57.519", "item": 19, "quantity": "100.00", "polymorphic_ctype": 30}, "model": "eums.orderitem", "pk": 19}, {"fields": {"item_number": 200, "created": "2015-12-28T11:48:57.521", "modified": "2015-12-28T11:48:57.521", "item": 20, "quantity": "100.00", "polymorphic_ctype": 30}, "model": "eums.orderitem", "pk": 20}, {"fields": {"item_number": 210, "created": "2015-12-28T11:48:57.523", "modified": "2015-12-28T11:48:57.523", "item": 21, "quantity": "100.00", "polymorphic_ctype": 30}, "model": "eums.orderitem", "pk": 21}, {"fields": {"item_number": 220, "created": "2015-12-28T11:48:57.525", "modified": "2015-12-28T11:48:57.525", "item": 22, "quantity": "100.00", "polymorphic_ctype": 30}, "model": "eums.orderitem", "pk": 22}, {"fields": {"item_number": 230, "created": "2015-12-28T11:48:57.526", "modified": "2015-12-28T11:48:57.526", "item": 23, "quantity": "100.00", "polymorphic_ctype": 30}, "model": "eums.orderitem", "pk": 23}, {"fields": {"item_number": 240, "created": "2015-12-28T11:48:57.528", "modified": "2015-12-28T11:48:57.528", "item": 24, "quantity": "100.00", "polymorphic_ctype": 30}, "model": "eums.orderitem", "pk": 24}, {"fields": {"item_number": 250, "created": "2015-12-28T11:48:57.530", "modified": "2015-12-28T11:48:57.530", "item": 25, "quantity": "100.00", "polymorphic_ctype": 30}, "model": "eums.orderitem", "pk": 25}, {"fields": {"item_number": 260, "created": "2015-12-28T11:48:57.532", "modified": "2015-12-28T11:48:57.532", "item": 26, "quantity": "100.00", "polymorphic_ctype": 30}, "model": "eums.orderitem", "pk": 26}, {"fields": {"item_number": 270, "created": "2015-12-28T11:48:57.534", "modified": "2015-12-28T11:48:57.534", "item": 27, "quantity": "100.00", "polymorphic_ctype": 30}, "model": "eums.orderitem", "pk": 27}, {"fields": {"item_number": 280, "created": "2015-12-28T11:48:57.536", "modified": "2015-12-28T11:48:57.536", "item": 28, "quantity": "100.00", "polymorphic_ctype": 30}, "model": "eums.orderitem", "pk": 28}, {"fields": {"item_number": 290, "created": "2015-12-28T11:48:57.537", "modified": "2015-12-28T11:48:57.537", "item": 29, "quantity": "100.00", "polymorphic_ctype": 30}, "model": "eums.orderitem", "pk": 29}, {"fields": {"item_number": 300, "created": "2015-12-28T11:48:57.539", "modified": "2015-12-28T11:48:57.539", "item": 39, "quantity": "100.00", "polymorphic_ctype": 30}, "model": "eums.orderitem", "pk": 30}, {"fields": {"item_number": 310, "created": "2015-12-28T11:48:57.541", "modified": "2015-12-28T11:48:57.541", "item": 31, "quantity": "100.00", "polymorphic_ctype": 30}, "model": "eums.orderitem", "pk": 31}, {"fields": {"item_number": 320, "created": "2015-12-28T11:48:57.543", "modified": "2015-12-28T11:48:57.543", "item": 32, "quantity": "100.00", "polymorphic_ctype": 30}, "model": "eums.orderitem", "pk": 32}, {"fields": {"item_number": 330, "created": "2015-12-28T11:48:57.545", "modified": "2015-12-28T11:48:57.545", "item": 33, "quantity": "100.00", "polymorphic_ctype": 30}, "model": "eums.orderitem", "pk": 33}, {"fields": {"item_number": 340, "created": "2015-12-28T11:48:57.546", "modified": "2015-12-28T11:48:57.546", "item": 34, "quantity": "100.00", "polymorphic_ctype": 30}, "model": "eums.orderitem", "pk": 34}, {"fields": {"item_number": 350, "created": "2015-12-28T11:48:57.548", "modified": "2015-12-28T11:48:57.548", "item": 35, "quantity": "100.00", "polymorphic_ctype": 30}, "model": "eums.orderitem", "pk": 35}, {"fields": {"item_number": 360, "created": "2015-12-28T11:48:57.550", "modified": "2015-12-28T11:48:57.550", "item": 36, "quantity": "100.00", "polymorphic_ctype": 30}, "model": "eums.orderitem", "pk": 36}, {"fields": {"item_number": 370, "created": "2015-12-28T11:48:57.552", "modified": "2015-12-28T11:48:57.552", "item": 37, "quantity": "100.00", "polymorphic_ctype": 30}, "model": "eums.orderitem", "pk": 37}, {"fields": {"item_number": 380, "created": "2015-12-28T11:48:57.554", "modified": "2015-12-28T11:48:57.554", "item": 38, "quantity": "100.00", "polymorphic_ctype": 30}, "model": "eums.orderitem", "pk": 38}, {"fields": {"item_number": 390, "created": "2015-12-28T11:48:57.555", "modified": "2015-12-28T11:48:57.555", "item": 39, "quantity": "100.00", "polymorphic_ctype": 30}, "model": "eums.orderitem", "pk": 39}, {"fields": {"item_number": 400, "created": "2015-12-28T11:48:57.557", "modified": "2015-12-28T11:48:57.557", "item": 40, "quantity": "100.00", "polymorphic_ctype": 30}, "model": "eums.orderitem", "pk": 40}, {"fields": {"item_number": 410, "created": "2015-12-28T11:48:57.559", "modified": "2015-12-28T11:48:57.559", "item": 41, "quantity": "100.00", "polymorphic_ctype": 30}, "model": "eums.orderitem", "pk": 41}, {"fields": {"item_number": 420, "created": "2015-12-28T11:48:57.561", "modified": "2015-12-28T11:48:57.561", "item": 42, "quantity": "100.00", "polymorphic_ctype": 30}, "model": "eums.orderitem", "pk": 42}, {"fields": {"item_number": 430, "created": "2015-12-28T11:48:57.563", "modified": "2015-12-28T11:48:57.563", "item": 43, "quantity": "100.00", "polymorphic_ctype": 30}, "model": "eums.orderitem", "pk": 43}, {"fields": {"item_number": 440, "created": "2015-12-28T11:48:57.565", "modified": "2015-12-28T11:48:57.565", "item": 44, "quantity": "100.00", "polymorphic_ctype": 30}, "model": "eums.orderitem", "pk": 44}, {"fields": {"item_number": 450, "created": "2015-12-28T11:48:57.566", "modified": "2015-12-28T11:48:57.566", "item": 45, "quantity": "100.00", "polymorphic_ctype": 30}, "model": "eums.orderitem", "pk": 45}, {"fields": {"item_number": 460, "created": "2015-12-28T11:48:57.568", "modified": "2015-12-28T11:48:57.568", "item": 46, "quantity": "100.00", "polymorphic_ctype": 30}, "model": "eums.orderitem", "pk": 46}, {"fields": {"item_number": 470, "created": "2015-12-28T11:48:57.570", "modified": "2015-12-28T11:48:57.570", "item": 47, "quantity": "100.00", "polymorphic_ctype": 30}, "model": "eums.orderitem", "pk": 47}, {"fields": {"item_number": 480, "created": "2015-12-28T11:48:57.572", "modified": "2015-12-28T11:48:57.572", "item": 48, "quantity": "100.00", "polymorphic_ctype": 30}, "model": "eums.orderitem", "pk": 48}, {"fields": {"item_number": 490, "created": "2015-12-28T11:48:57.574", "modified": "2015-12-28T11:48:57.574", "item": 49, "quantity": "100.00", "polymorphic_ctype": 30}, "model": "eums.orderitem", "pk": 49}, {"fields": {"item_number": 500, "created": "2015-12-28T11:48:57.576", "modified": "2015-12-28T11:48:57.576", "item": 50, "quantity": "100.00", "polymorphic_ctype": 30}, "model": "eums.orderitem", "pk": 50}, {"fields": {"item_number": 510, "created": "2015-12-28T11:48:57.578", "modified": "2015-12-28T11:48:57.578", "item": 51, "quantity": "100.00", "polymorphic_ctype": 30}, "model": "eums.orderitem", "pk": 51}, {"fields": {"item_number": 520, "created": "2015-12-28T11:48:57.579", "modified": "2015-12-28T11:48:57.579", "item": 52, "quantity": "100.00", "polymorphic_ctype": 30}, "model": "eums.orderitem", "pk": 52}, {"fields": {"item_number": 530, "created": "2015-12-28T11:48:57.581", "modified": "2015-12-28T11:48:57.581", "item": 53, "quantity": "100.00", "polymorphic_ctype": 30}, "model": "eums.orderitem", "pk": 53}, {"fields": {"item_number": 540, "created": "2015-12-28T11:48:57.584", "modified": "2015-12-28T11:48:57.584", "item": 54, "quantity": "100.00", "polymorphic_ctype": 30}, "model": "eums.orderitem", "pk": 54}, {"fields": {"item_number": 550, "created": "2015-12-28T11:48:57.586", "modified": "2015-12-28T11:48:57.586", "item": 55, "quantity": "100.00", "polymorphic_ctype": 30}, "model": "eums.orderitem", "pk": 55}, {"fields": {"item_number": 560, "created": "2015-12-28T11:48:57.588", "modified": "2015-12-28T11:48:57.588", "item": 56, "quantity": "100.00", "polymorphic_ctype": 30}, "model": "eums.orderitem", "pk": 56}, {"fields": {"item_number": 570, "created": "2015-12-28T11:48:57.590", "modified": "2015-12-28T11:48:57.590", "item": 57, "quantity": "100.00", "polymorphic_ctype": 30}, "model": "eums.orderitem", "pk": 57}, {"fields": {"item_number": 580, "created": "2015-12-28T11:48:57.592", "modified": "2015-12-28T11:48:57.592", "item": 58, "quantity": "100.00", "polymorphic_ctype": 30}, "model": "eums.orderitem", "pk": 58}, {"fields": {"item_number": 590, "created": "2015-12-28T11:48:57.593", "modified": "2015-12-28T11:48:57.593", "item": 59, "quantity": "100.00", "polymorphic_ctype": 30}, "model": "eums.orderitem", "pk": 59}, {"fields": {"item_number": 600, "created": "2015-12-28T11:48:57.595", "modified": "2015-12-28T11:48:57.595", "item": 60, "quantity": "100.00", "polymorphic_ctype": 30}, "model": "eums.orderitem", "pk": 60}, {"fields": {"item_number": 610, "created": "2015-12-28T11:48:57.597", "modified": "2015-12-28T11:48:57.597", "item": 61, "quantity": "100.00", "polymorphic_ctype": 30}, "model": "eums.orderitem", "pk": 61}, {"fields": {"item_number": 620, "created": "2015-12-28T11:48:57.599", "modified": "2015-12-28T11:48:57.599", "item": 62, "quantity": "100.00", "polymorphic_ctype": 30}, "model": "eums.orderitem", "pk": 62}, {"fields": {"item_number": 630, "created": "2015-12-28T11:48:57.601", "modified": "2015-12-28T11:48:57.601", "item": 63, "quantity": "100.00", "polymorphic_ctype": 30}, "model": "eums.orderitem", "pk": 63}, {"fields": {"item_number": 640, "created": "2015-12-28T11:48:57.603", "modified": "2015-12-28T11:48:57.603", "item": 64, "quantity": "100.00", "polymorphic_ctype": 30}, "model": "eums.orderitem", "pk": 64}, {"fields": {"item_number": 650, "created": "2015-12-28T11:48:57.605", "modified": "2015-12-28T11:48:57.605", "item": 65, "quantity": "100.00", "polymorphic_ctype": 30}, "model": "eums.orderitem", "pk": 65}, {"fields": {"item_number": 660, "created": "2015-12-28T11:48:57.607", "modified": "2015-12-28T11:48:57.607", "item": 66, "quantity": "100.00", "polymorphic_ctype": 30}, "model": "eums.orderitem", "pk": 66}, {"fields": {"item_number": 670, "created": "2015-12-28T11:48:57.609", "modified": "2015-12-28T11:48:57.609", "item": 67, "quantity": "100.00", "polymorphic_ctype": 30}, "model": "eums.orderitem", "pk": 67}, {"fields": {"item_number": 680, "created": "2015-12-28T11:48:57.610", "modified": "2015-12-28T11:48:57.610", "item": 68, "quantity": "100.00", "polymorphic_ctype": 30}, "model": "eums.orderitem", "pk": 68}, {"fields": {"item_number": 690, "created": "2015-12-28T11:48:57.612", "modified": "2015-12-28T11:48:57.612", "item": 69, "quantity": "100.00", "polymorphic_ctype": 30}, "model": "eums.orderitem", "pk": 69}, {"fields": {"item_number": 700, "created": "2015-12-28T11:48:57.614", "modified": "2015-12-28T11:48:57.614", "item": 70, "quantity": "100.00", "polymorphic_ctype": 30}, "model": "eums.orderitem", "pk": 70}, {"fields": {"item_number": 710, "created": "2015-12-28T11:48:57.616", "modified": "2015-12-28T11:48:57.616", "item": 71, "quantity": "100.00", "polymorphic_ctype": 30}, "model": "eums.orderitem", "pk": 71}, {"fields": {"item_number": 720, "created": "2015-12-28T11:48:57.618", "modified": "2015-12-28T11:48:57.618", "item": 72, "quantity": "100.00", "polymorphic_ctype": 30}, "model": "eums.orderitem", "pk": 72}, {"fields": {"item_number": 730, "created": "2015-12-28T11:48:57.620", "modified": "2015-12-28T11:48:57.620", "item": 73, "quantity": "100.00", "polymorphic_ctype": 30}, "model": "eums.orderitem", "pk": 73}, {"fields": {"item_number": 740, "created": "2015-12-28T11:48:57.621", "modified": "2015-12-28T11:48:57.621", "item": 74, "quantity": "100.00", "polymorphic_ctype": 30}, "model": "eums.orderitem", "pk": 74}, {"fields": {"item_number": 750, "created": "2015-12-28T11:48:57.623", "modified": "2015-12-28T11:48:57.624", "item": 75, "quantity": "100.00", "polymorphic_ctype": 30}, "model": "eums.orderitem", "pk": 75}, {"fields": {"item_number": 760, "created": "2015-12-28T11:48:57.625", "modified": "2015-12-28T11:48:57.625", "item": 76, "quantity": "100.00", "polymorphic_ctype": 30}, "model": "eums.orderitem", "pk": 76}, {"fields": {"item_number": 770, "created": "2015-12-28T11:48:57.627", "modified": "2015-12-28T11:48:57.627", "item": 77, "quantity": "100.00", "polymorphic_ctype": 30}, "model": "eums.orderitem", "pk": 77}, {"fields": {"item_number": 780, "created": "2015-12-28T11:48:57.629", "modified": "2015-12-28T11:48:57.629", "item": 78, "quantity": "100.00", "polymorphic_ctype": 30}, "model": "eums.orderitem", "pk": 78}, {"fields": {"item_number": 790, "created": "2015-12-28T11:48:57.631", "modified": "2015-12-28T11:48:57.631", "item": 79, "quantity": "100.00", "polymorphic_ctype": 30}, "model": "eums.orderitem", "pk": 79}, {"fields": {"item_number": 800, "created": "2015-12-28T11:48:57.633", "modified": "2015-12-28T11:48:57.633", "item": 80, "quantity": "100.00", "polymorphic_ctype": 30}, "model": "eums.orderitem", "pk": 80}, {"fields": {"item_number": 810, "created": "2015-12-28T11:48:57.634", "modified": "2015-12-28T11:48:57.634", "item": 81, "quantity": "100.00", "polymorphic_ctype": 30}, "model": "eums.orderitem", "pk": 81}, {"fields": {"item_number": 820, "created": "2015-12-28T11:48:57.636", "modified": "2015-12-28T11:48:57.636", "item": 82, "quantity": "100.00", "polymorphic_ctype": 30}, "model": "eums.orderitem", "pk": 82}, {"fields": {"item_number": 830, "created": "2015-12-28T11:48:57.638", "modified": "2015-12-28T11:48:57.638", "item": 83, "quantity": "100.00", "polymorphic_ctype": 30}, "model": "eums.orderitem", "pk": 83}, {"fields": {"item_number": 840, "created": "2015-12-28T11:48:57.640", "modified": "2015-12-28T11:48:57.640", "item": 84, "quantity": "100.00", "polymorphic_ctype": 30}, "model": "eums.orderitem", "pk": 84}, {"fields": {"item_number": 850, "created": "2015-12-28T11:48:57.642", "modified": "2015-12-28T11:48:57.642", "item": 1, "quantity": "100.00", "polymorphic_ctype": 30}, "model": "eums.orderitem", "pk": 85}, {"fields": {"item_number": 860, "created": "2015-12-28T11:48:57.644", "modified": "2015-12-28T11:48:57.644", "item": 2, "quantity": "100.00", "polymorphic_ctype": 30}, "model": "eums.orderitem", "pk": 86}, {"fields": {"item_number": 870, "created": "2015-12-28T11:48:57.646", "modified": "2015-12-28T11:48:57.646", "item": 3, "quantity": "100.00", "polymorphic_ctype": 30}, "model": "eums.orderitem", "pk": 87}, {"fields": {"item_number": 880, "created": "2015-12-28T11:48:57.647", "modified": "2015-12-28T11:48:57.647", "item": 4, "quantity": "100.00", "polymorphic_ctype": 30}, "model": "eums.orderitem", "pk": 88}, {"fields": {"item_number": 890, "created": "2015-12-28T11:48:57.649", "modified": "2015-12-28T11:48:57.649", "item": 5, "quantity": "100.00", "polymorphic_ctype": 30}, "model": "eums.orderitem", "pk": 89}, {"fields": {"item_number": 900, "created": "2015-12-28T11:48:57.651", "modified": "2015-12-28T11:48:57.651", "item": 6, "quantity": "100.00", "polymorphic_ctype": 30}, "model": "eums.orderitem", "pk": 90}, {"fields": {"item_number": 910, "created": "2015-12-28T11:48:57.653", "modified": "2015-12-28T11:48:57.653", "item": 7, "quantity": "100.00", "polymorphic_ctype": 30}, "model": "eums.orderitem", "pk": 91}, {"fields": {"item_number": 920, "created": "2015-12-28T11:48:57.655", "modified": "2015-12-28T11:48:57.655", "item": 8, "quantity": "100.00", "polymorphic_ctype": 30}, "model": "eums.orderitem", "pk": 92}, {"fields": {"item_number": 930, "created": "2015-12-28T11:48:57.657", "modified": "2015-12-28T11:48:57.657", "item": 9, "quantity": "100.00", "polymorphic_ctype": 30}, "model": "eums.orderitem", "pk": 93}, {"fields": {"item_number": 940, "created": "2015-12-28T11:48:57.658", "modified": "2015-12-28T11:48:57.658", "item": 10, "quantity": "100.00", "polymorphic_ctype": 30}, "model": "eums.orderitem", "pk": 94}, {"fields": {"item_number": 950, "created": "2015-12-28T11:48:57.660", "modified": "2015-12-28T11:48:57.660", "item": 11, "quantity": "100.00", "polymorphic_ctype": 30}, "model": "eums.orderitem", "pk": 95}, {"fields": {"item_number": 960, "created": "2015-12-28T11:48:57.662", "modified": "2015-12-28T11:48:57.662", "item": 12, "quantity": "100.00", "polymorphic_ctype": 30}, "model": "eums.orderitem", "pk": 96}, {"fields": {"item_number": 970, "created": "2015-12-28T11:48:57.664", "modified": "2015-12-28T11:48:57.664", "item": 13, "quantity": "100.00", "polymorphic_ctype": 30}, "model": "eums.orderitem", "pk": 97}, {"fields": {"item_number": 980, "created": "2015-12-28T11:48:57.666", "modified": "2015-12-28T11:48:57.666", "item": 14, "quantity": "100.00", "polymorphic_ctype": 30}, "model": "eums.orderitem", "pk": 98}, {"fields": {"item_number": 990, "created": "2015-12-28T11:48:57.667", "modified": "2015-12-28T11:48:57.667", "item": 15, "quantity": "100.00", "polymorphic_ctype": 30}, "model": "eums.orderitem", "pk": 99}, {"fields": {"item_number": 1000, "created": "2015-12-28T11:48:57.669", "modified": "2015-12-28T11:48:57.669", "item": 16, "quantity": "100.00", "polymorphic_ctype": 30}, "model": "eums.orderitem", "pk": 100}, {"fields": {"item_number": 1010, "created": "2015-12-28T11:48:57.671", "modified": "2015-12-28T11:48:57.671", "item": 17, "quantity": "100.00", "polymorphic_ctype": 30}, "model": "eums.orderitem", "pk": 101}, {"fields": {"item_number": 1020, "created": "2015-12-28T11:48:57.673", "modified": "2015-12-28T11:48:57.673", "item": 18, "quantity": "100.00", "polymorphic_ctype": 30}, "model": "eums.orderitem", "pk": 102}, {"fields": {"item_number": 1030, "created": "2015-12-28T11:48:57.675", "modified": "2015-12-28T11:48:57.675", "item": 19, "quantity": "100.00", "polymorphic_ctype": 30}, "model": "eums.orderitem", "pk": 103}, {"fields": {"item_number": 1040, "created": "2015-12-28T11:48:57.676", "modified": "2015-12-28T11:48:57.677", "item": 20, "quantity": "100.00", "polymorphic_ctype": 30}, "model": "eums.orderitem", "pk": 104}, {"fields": {"item_number": 1050, "created": "2015-12-28T11:48:57.678", "modified": "2015-12-28T11:48:57.678", "item": 21, "quantity": "100.00", "polymorphic_ctype": 30}, "model": "eums.orderitem", "pk": 105}, {"fields": {"item_number": 1060, "created": "2015-12-28T11:48:57.680", "modified": "2015-12-28T11:48:57.680", "item": 22, "quantity": "100.00", "polymorphic_ctype": 30}, "model": "eums.orderitem", "pk": 106}, {"fields": {"item_number": 1070, "created": "2015-12-28T11:48:57.682", "modified": "2015-12-28T11:48:57.682", "item": 23, "quantity": "100.00", "polymorphic_ctype": 30}, "model": "eums.orderitem", "pk": 107}, {"fields": {"item_number": 1080, "created": "2015-12-28T11:48:57.684", "modified": "2015-12-28T11:48:57.684", "item": 24, "quantity": "100.00", "polymorphic_ctype": 30}, "model": "eums.orderitem", "pk": 108}, {"fields": {"item_number": 1090, "created": "2015-12-28T11:48:57.686", "modified": "2015-12-28T11:48:57.686", "item": 25, "quantity": "100.00", "polymorphic_ctype": 30}, "model": "eums.orderitem", "pk": 109}, {"fields": {"item_number": 1100, "created": "2015-12-28T11:48:57.688", "modified": "2015-12-28T11:48:57.688", "item": 26, "quantity": "100.00", "polymorphic_ctype": 30}, "model": "eums.orderitem", "pk": 110}, {"fields": {"item_number": 1110, "created": "2015-12-28T11:48:57.689", "modified": "2015-12-28T11:48:57.689", "item": 27, "quantity": "100.00", "polymorphic_ctype": 30}, "model": "eums.orderitem", "pk": 111}, {"fields": {"item_number": 1120, "created": "2015-12-28T11:48:57.691", "modified": "2015-12-28T11:48:57.691", "item": 28, "quantity": "100.00", "polymorphic_ctype": 30}, "model": "eums.orderitem", "pk": 112}, {"fields": {"item_number": 1130, "created": "2015-12-28T11:48:57.693", "modified": "2015-12-28T11:48:57.693", "item": 29, "quantity": "100.00", "polymorphic_ctype": 30}, "model": "eums.orderitem", "pk": 113}, {"fields": {"item_number": 1140, "created": "2015-12-28T11:48:57.695", "modified": "2015-12-28T11:48:57.695", "item": 30, "quantity": "100.00", "polymorphic_ctype": 30}, "model": "eums.orderitem", "pk": 114}, {"fields": {"item_number": 1150, "created": "2015-12-28T11:48:57.697", "modified": "2015-12-28T11:48:57.697", "item": 31, "quantity": "100.00", "polymorphic_ctype": 30}, "model": "eums.orderitem", "pk": 115}, {"fields": {"item_number": 1160, "created": "2015-12-28T11:48:57.699", "modified": "2015-12-28T11:48:57.699", "item": 32, "quantity": "100.00", "polymorphic_ctype": 30}, "model": "eums.orderitem", "pk": 116}, {"fields": {"item_number": 1170, "created": "2015-12-28T11:48:57.701", "modified": "2015-12-28T11:48:57.701", "item": 33, "quantity": "100.00", "polymorphic_ctype": 30}, "model": "eums.orderitem", "pk": 117}, {"fields": {"item_number": 1180, "created": "2015-12-28T11:48:57.703", "modified": "2015-12-28T11:48:57.703", "item": 34, "quantity": "100.00", "polymorphic_ctype": 30}, "model": "eums.orderitem", "pk": 118}, {"fields": {"item_number": 1190, "created": "2015-12-28T11:48:57.704", "modified": "2015-12-28T11:48:57.704", "item": 35, "quantity": "100.00", "polymorphic_ctype": 30}, "model": "eums.orderitem", "pk": 119}, {"fields": {"item_number": 1200, "created": "2015-12-28T11:48:57.706", "modified": "2015-12-28T11:48:57.706", "item": 36, "quantity": "100.00", "polymorphic_ctype": 30}, "model": "eums.orderitem", "pk": 120}, {"fields": {"item_number": 1210, "created": "2015-12-28T11:48:57.708", "modified": "2015-12-28T11:48:57.708", "item": 37, "quantity": "100.00", "polymorphic_ctype": 30}, "model": "eums.orderitem", "pk": 121}, {"fields": {"item_number": 1220, "created": "2015-12-28T11:48:57.710", "modified": "2015-12-28T11:48:57.710", "item": 38, "quantity": "100.00", "polymorphic_ctype": 30}, "model": "eums.orderitem", "pk": 122}, {"fields": {"item_number": 1230, "created": "2015-12-28T11:48:57.712", "modified": "2015-12-28T11:48:57.712", "item": 39, "quantity": "100.00", "polymorphic_ctype": 30}, "model": "eums.orderitem", "pk": 123}, {"fields": {"item_number": 1240, "created": "2015-12-28T11:48:57.714", "modified": "2015-12-28T11:48:57.714", "item": 40, "quantity": "100.00", "polymorphic_ctype": 30}, "model": "eums.orderitem", "pk": 124}, {"fields": {"item_number": 1250, "created": "2015-12-28T11:48:57.716", "modified": "2015-12-28T11:48:57.716", "item": 41, "quantity": "100.00", "polymorphic_ctype": 30}, "model": "eums.orderitem", "pk": 125}, {"fields": {"item_number": 1260, "created": "2015-12-28T11:48:57.718", "modified": "2015-12-28T11:48:57.718", "item": 42, "quantity": "100.00", "polymorphic_ctype": 30}, "model": "eums.orderitem", "pk": 126}, {"fields": {"item_number": 1270, "created": "2015-12-28T11:48:57.720", "modified": "2015-12-28T11:48:57.720", "item": 43, "quantity": "100.00", "polymorphic_ctype": 30}, "model": "eums.orderitem", "pk": 127}, {"fields": {"item_number": 1280, "created": "2015-12-28T11:48:57.721", "modified": "2015-12-28T11:48:57.721", "item": 44, "quantity": "100.00", "polymorphic_ctype": 30}, "model": "eums.orderitem", "pk": 128}, {"fields": {"item_number": 1290, "created": "2015-12-28T11:48:57.723", "modified": "2015-12-28T11:48:57.723", "item": 45, "quantity": "100.00", "polymorphic_ctype": 30}, "model": "eums.orderitem", "pk": 129}, {"fields": {"item_number": 1300, "created": "2015-12-28T11:48:57.725", "modified": "2015-12-28T11:48:57.725", "item": 46, "quantity": "100.00", "polymorphic_ctype": 30}, "model": "eums.orderitem", "pk": 130}, {"fields": {"item_number": 1310, "created": "2015-12-28T11:48:57.727", "modified": "2015-12-28T11:48:57.727", "item": 47, "quantity": "100.00", "polymorphic_ctype": 30}, "model": "eums.orderitem", "pk": 131}, {"fields": {"item_number": 1320, "created": "2015-12-28T11:48:57.729", "modified": "2015-12-28T11:48:57.729", "item": 48, "quantity": "100.00", "polymorphic_ctype": 30}, "model": "eums.orderitem", "pk": 132}, {"fields": {"item_number": 1330, "created": "2015-12-28T11:48:57.731", "modified": "2015-12-28T11:48:57.731", "item": 49, "quantity": "100.00", "polymorphic_ctype": 30}, "model": "eums.orderitem", "pk": 133}, {"fields": {"item_number": 1340, "created": "2015-12-28T11:48:57.733", "modified": "2015-12-28T11:48:57.733", "item": 50, "quantity": "100.00", "polymorphic_ctype": 30}, "model": "eums.orderitem", "pk": 134}, {"fields": {"item_number": 1350, "created": "2015-12-28T11:48:57.735", "modified": "2015-12-28T11:48:57.735", "item": 1, "quantity": "100.00", "polymorphic_ctype": 30}, "model": "eums.orderitem", "pk": 135}, {"fields": {"item_number": 1360, "created": "2015-12-28T11:48:57.737", "modified": "2015-12-28T11:48:57.737", "item": 2, "quantity": "100.00", "polymorphic_ctype": 30}, "model": "eums.orderitem", "pk": 136}, {"fields": {"item_number": 1370, "created": "2015-12-28T11:48:57.738", "modified": "2015-12-28T11:48:57.738", "item": 3, "quantity": "100.00", "polymorphic_ctype": 30}, "model": "eums.orderitem", "pk": 137}, {"fields": {"item_number": 1380, "created": "2015-12-28T11:48:57.740", "modified": "2015-12-28T11:48:57.740", "item": 4, "quantity": "100.00", "polymorphic_ctype": 30}, "model": "eums.orderitem", "pk": 138}, {"fields": {"item_number": 1390, "created": "2015-12-28T11:48:57.742", "modified": "2015-12-28T11:48:57.742", "item": 5, "quantity": "100.00", "polymorphic_ctype": 30}, "model": "eums.orderitem", "pk": 139}, {"fields": {"item_number": 1400, "created": "2015-12-28T11:48:57.744", "modified": "2015-12-28T11:48:57.744", "item": 6, "quantity": "100.00", "polymorphic_ctype": 30}, "model": "eums.orderitem", "pk": 140}, {"fields": {"item_number": 1410, "created": "2015-12-28T11:48:57.746", "modified": "2015-12-28T11:48:57.746", "item": 7, "quantity": "100.00", "polymorphic_ctype": 30}, "model": "eums.orderitem", "pk": 141}, {"fields": {"item_number": 1420, "created": "2015-12-28T11:48:57.748", "modified": "2015-12-28T11:48:57.748", "item": 8, "quantity": "100.00", "polymorphic_ctype": 30}, "model": "eums.orderitem", "pk": 142}, {"fields": {"item_number": 1430, "created": "2015-12-28T11:48:57.749", "modified": "2015-12-28T11:48:57.749", "item": 9, "quantity": "100.00", "polymorphic_ctype": 30}, "model": "eums.orderitem", "pk": 143}, {"fields": {"item_number": 1440, "created": "2015-12-28T11:48:57.751", "modified": "2015-12-28T11:48:57.751", "item": 10, "quantity": "100.00", "polymorphic_ctype": 30}, "model": "eums.orderitem", "pk": 144}, {"fields": {"item_number": 1450, "created": "2015-12-28T11:48:57.753", "modified": "2015-12-28T11:48:57.753", "item": 11, "quantity": "100.00", "polymorphic_ctype": 30}, "model": "eums.orderitem", "pk": 145}, {"fields": {"item_number": 1460, "created": "2015-12-28T11:48:57.755", "modified": "2015-12-28T11:48:57.755", "item": 12, "quantity": "100.00", "polymorphic_ctype": 30}, "model": "eums.orderitem", "pk": 146}, {"fields": {"item_number": 1470, "created": "2015-12-28T11:48:57.756", "modified": "2015-12-28T11:48:57.757", "item": 13, "quantity": "100.00", "polymorphic_ctype": 30}, "model": "eums.orderitem", "pk": 147}, {"fields": {"item_number": 1480, "created": "2015-12-28T11:48:57.758", "modified": "2015-12-28T11:48:57.758", "item": 14, "quantity": "100.00", "polymorphic_ctype": 30}, "model": "eums.orderitem", "pk": 148}, {"fields": {"item_number": 1490, "created": "2015-12-28T11:48:57.760", "modified": "2015-12-28T11:48:57.760", "item": 15, "quantity": "100.00", "polymorphic_ctype": 30}, "model": "eums.orderitem", "pk": 149}, {"fields": {"item_number": 1500, "created": "2015-12-28T11:48:57.762", "modified": "2015-12-28T11:48:57.762", "item": 16, "quantity": "100.00", "polymorphic_ctype": 30}, "model": "eums.orderitem", "pk": 150}, {"fields": {"item_number": 1510, "created": "2015-12-28T11:48:57.764", "modified": "2015-12-28T11:48:57.764", "item": 17, "quantity": "100.00", "polymorphic_ctype": 30}, "model": "eums.orderitem", "pk": 151}, {"fields": {"item_number": 1520, "created": "2015-12-28T11:48:57.766", "modified": "2015-12-28T11:48:57.766", "item": 18, "quantity": "100.00", "polymorphic_ctype": 30}, "model": "eums.orderitem", "pk": 152}, {"fields": {"item_number": 1530, "created": "2015-12-28T11:48:57.768", "modified": "2015-12-28T11:48:57.768", "item": 19, "quantity": "100.00", "polymorphic_ctype": 30}, "model": "eums.orderitem", "pk": 153}, {"fields": {"item_number": 1540, "created": "2015-12-28T11:48:57.770", "modified": "2015-12-28T11:48:57.770", "item": 20, "quantity": "100.00", "polymorphic_ctype": 30}, "model": "eums.orderitem", "pk": 154}, {"fields": {"item_number": 1550, "created": "2015-12-28T11:48:57.771", "modified": "2015-12-28T11:48:57.771", "item": 21, "quantity": "100.00", "polymorphic_ctype": 30}, "model": "eums.orderitem", "pk": 155}, {"fields": {"item_number": 1560, "created": "2015-12-28T11:48:57.773", "modified": "2015-12-28T11:48:57.773", "item": 22, "quantity": "100.00", "polymorphic_ctype": 30}, "model": "eums.orderitem", "pk": 156}, {"fields": {"item_number": 1570, "created": "2015-12-28T11:48:57.775", "modified": "2015-12-28T11:48:57.775", "item": 23, "quantity": "100.00", "polymorphic_ctype": 30}, "model": "eums.orderitem", "pk": 157}, {"fields": {"item_number": 1580, "created": "2015-12-28T11:48:57.776", "modified": "2015-12-28T11:48:57.776", "item": 24, "quantity": "100.00", "polymorphic_ctype": 30}, "model": "eums.orderitem", "pk": 158}, {"fields": {"item_number": 1590, "created": "2015-12-28T11:48:57.778", "modified": "2015-12-28T11:48:57.778", "item": 25, "quantity": "100.00", "polymorphic_ctype": 30}, "model": "eums.orderitem", "pk": 159}, {"fields": {"item_number": 1600, "created": "2015-12-28T11:48:57.780", "modified": "2015-12-28T11:48:57.780", "item": 26, "quantity": "100.00", "polymorphic_ctype": 30}, "model": "eums.orderitem", "pk": 160}, {"fields": {"item_number": 10, "created": "2015-12-28T11:48:57.835", "modified": "2015-12-28T11:48:57.835", "item": 1, "quantity": "100.00", "polymorphic_ctype": 26}, "model": "eums.orderitem", "pk": 161}, {"fields": {"item_number": 20, "created": "2015-12-28T11:48:57.837", "modified": "2015-12-28T11:48:57.837", "item": 2, "quantity": "5.00", "polymorphic_ctype": 26}, "model": "eums.orderitem", "pk": 162}, {"fields": {"item_number": 30, "created": "2015-12-28T11:48:57.839", "modified": "2015-12-28T11:48:57.839", "item": 3, "quantity": "10.00", "polymorphic_ctype": 26}, "model": "eums.orderitem", "pk": 163}, {"fields": {"item_number": 40, "created": "2015-12-28T11:48:57.843", "modified": "2015-12-28T11:48:57.843", "item": 4, "quantity": "10.00", "polymorphic_ctype": 26}, "model": "eums.orderitem", "pk": 164}, {"fields": {"item_number": 50, "created": "2015-12-28T11:48:57.846", "modified": "2015-12-28T11:48:57.846", "item": 5, "quantity": "10.00", "polymorphic_ctype": 26}, "model": "eums.orderitem", "pk": 165}, {"fields": {"item_number": 60, "created": "2015-12-28T11:48:57.848", "modified": "2015-12-28T11:48:57.848", "item": 6, "quantity": "10.00", "polymorphic_ctype": 26}, "model": "eums.orderitem", "pk": 166}, {"fields": {"item_number": 70, "created": "2015-12-28T11:48:57.849", "modified": "2015-12-28T11:48:57.849", "item": 7, "quantity": "5.00", "polymorphic_ctype": 26}, "model": "eums.orderitem", "pk": 167}, {"fields": {"item_number": 80, "created": "2015-12-28T11:48:57.851", "modified": "2015-12-28T11:48:57.851", "item": 8, "quantity": "10.00", "polymorphic_ctype": 26}, "model": "eums.orderitem", "pk": 168}, {"fields": {"item_number": 90, "created": "2015-12-28T11:48:57.853", "modified": "2015-12-28T11:48:57.853", "item": 9, "quantity": "15.00", "polymorphic_ctype": 26}, "model": "eums.orderitem", "pk": 169}, {"fields": {"item_number": 100, "created": "2015-12-28T11:48:57.855", "modified": "2015-12-28T11:48:57.855", "item": 10, "quantity": "20.00", "polymorphic_ctype": 26}, "model": "eums.orderitem", "pk": 170}, {"fields": {"item_number": 110, "created": "2015-12-28T11:48:57.856", "modified": "2015-12-28T11:48:57.857", "item": 11, "quantity": "5.00", "polymorphic_ctype": 26}, "model": "eums.orderitem", "pk": 171}, {"fields": {"item_number": 120, "created": "2015-12-28T11:48:57.858", "modified": "2015-12-28T11:48:57.858", "item": 12, "quantity": "10.00", "polymorphic_ctype": 26}, "model": "eums.orderitem", "pk": 172}, {"fields": {"item_number": 130, "created": "2015-12-28T11:48:57.860", "modified": "2015-12-28T11:48:57.860", "item": 13, "quantity": "15.00", "polymorphic_ctype": 26}, "model": "eums.orderitem", "pk": 173}, {"fields": {"item_number": 140, "created": "2015-12-28T11:48:57.862", "modified": "2015-12-28T11:48:57.862", "item": 14, "quantity": "20.00", "polymorphic_ctype": 26}, "model": "eums.orderitem", "pk": 174}, {"fields": {"item_number": 150, "created": "2015-12-28T11:48:57.864", "modified": "2015-12-28T11:48:57.864", "item": 15, "quantity": "25.00", "polymorphic_ctype": 26}, "model": "eums.orderitem", "pk": 175}, {"fields": {"item_number": 160, "created": "2015-12-28T11:48:57.866", "modified": "2015-12-28T11:48:57.866", "item": 16, "quantity": "1.00", "polymorphic_ctype": 26}, "model": "eums.orderitem", "pk": 176}, {"fields": {"item_number": 170, "created": "2015-12-28T11:48:57.867", "modified": "2015-12-28T11:48:57.867", "item": 17, "quantity": "1.00", "polymorphic_ctype": 26}, "model": "eums.orderitem", "pk": 177}, {"fields": {"item_number": 180, "created": "2015-12-28T11:48:57.869", "modified": "2015-12-28T11:48:57.869", "item": 18, "quantity": "1.00", "polymorphic_ctype": 26}, "model": "eums.orderitem", "pk": 178}, {"fields": {"item_number": 190, "created": "2015-12-28T11:48:57.871", "modified": "2015-12-28T11:48:57.871", "item": 19, "quantity": "1.00", "polymorphic_ctype": 26}, "model": "eums.orderitem", "pk": 179}, {"fields": {"item_number": 200, "created": "2015-12-28T11:48:57.873", "modified": "2015-12-28T11:48:57.873", "item": 20, "quantity": "1.00", "polymorphic_ctype": 26}, "model": "eums.orderitem", "pk": 180}, {"fields": {"item_number": 210, "created": "2015-12-28T11:48:57.875", "modified": "2015-12-28T11:48:57.875", "item": 21, "quantity": "1.00", "polymorphic_ctype": 26}, "model": "eums.orderitem", "pk": 181}, {"fields": {"item_number": 220, "created": "2015-12-28T11:48:57.877", "modified": "2015-12-28T11:48:57.877", "item": 22, "quantity": "1.00", "polymorphic_ctype": 26}, "model": "eums.orderitem", "pk": 182}, {"fields": {"item_number": 230, "created": "2015-12-28T11:48:57.879", "modified": "2015-12-28T11:48:57.879", "item": 23, "quantity": "2.00", "polymorphic_ctype": 26}, "model": "eums.orderitem", "pk": 183}, {"fields": {"item_number": 240, "created": "2015-12-28T11:48:57.880", "modified": "2015-12-28T11:48:57.880", "item": 24, "quantity": "3.00", "polymorphic_ctype": 26}, "model": "eums.orderitem", "pk": 184}, {"fields": {"item_number": 250, "created": "2015-12-28T11:48:57.882", "modified": "2015-12-28T11:48:57.882", "item": 25, "quantity": "4.00", "polymorphic_ctype": 26}, "model": "eums.orderitem", "pk": 185}, {"fields": {"item_number": 260, "created": "2015-12-28T11:48:57.883", "modified": "2015-12-28T11:48:57.883", "item": 26, "quantity": "5.00", "polymorphic_ctype": 26}, "model": "eums.orderitem", "pk": 186}, {"fields": {"item_number": 270, "created": "2015-12-28T11:48:57.885", "modified": "2015-12-28T11:48:57.885", "item": 27, "quantity": "6.00", "polymorphic_ctype": 26}, "model": "eums.orderitem", "pk": 187}, {"fields": {"item_number": 280, "created": "2015-12-28T11:48:57.887", "modified": "2015-12-28T11:48:57.887", "item": 28, "quantity": "7.00", "polymorphic_ctype": 26}, "model": "eums.orderitem", "pk": 188}, {"fields": {"item_number": 290, "created": "2015-12-28T11:48:57.889", "modified": "2015-12-28T11:48:57.889", "item": 29, "quantity": "5.00", "polymorphic_ctype": 26}, "model": "eums.orderitem", "pk": 189}, {"fields": {"item_number": 300, "created": "2015-12-28T11:48:57.891", "modified": "2015-12-28T11:48:57.891", "item": 39, "quantity": "5.00", "polymorphic_ctype": 26}, "model": "eums.orderitem", "pk": 190}, {"fields": {"item_number": 310, "created": "2015-12-28T11:48:57.892", "modified": "2015-12-28T11:48:57.892", "item": 31, "quantity": "5.00", "polymorphic_ctype": 26}, "model": "eums.orderitem", "pk": 191}, {"fields": {"item_number": 320, "created": "2015-12-28T11:48:57.894", "modified": "2015-12-28T11:48:57.894", "item": 32, "quantity": "5.00", "polymorphic_ctype": 26}, "model": "eums.orderitem", "pk": 192}, {"fields": {"item_number": 330, "created": "2015-12-28T11:48:57.896", "modified": "2015-12-28T11:48:57.896", "item": 33, "quantity": "5.00", "polymorphic_ctype": 26}, "model": "eums.orderitem", "pk": 193}, {"fields": {"item_number": 340, "created": "2015-12-28T11:48:57.897", "modified": "2015-12-28T11:48:57.897", "item": 34, "quantity": "5.00", "polymorphic_ctype": 26}, "model": "eums.orderitem", "pk": 194}, {"fields": {"item_number": 350, "created": "2015-12-28T11:48:57.899", "modified": "2015-12-28T11:48:57.899", "item": 35, "quantity": "5.00", "polymorphic_ctype": 26}, "model": "eums.orderitem", "pk": 195}, {"fields": {"item_number": 360, "created": "2015-12-28T11:48:57.900", "modified": "2015-12-28T11:48:57.900", "item": 36, "quantity": "5.00", "polymorphic_ctype": 26}, "model": "eums.orderitem", "pk": 196}, {"fields": {"item_number": 370, "created": "2015-12-28T11:48:57.902", "modified": "2015-12-28T11:48:57.902", "item": 37, "quantity": "3.00", "polymorphic_ctype": 26}, "model": "eums.orderitem", "pk": 197}, {"fields": {"item_number": 380, "created": "2015-12-28T11:48:57.904", "modified": "2015-12-28T11:48:57.904", "item": 38, "quantity": "6.00", "polymorphic_ctype": 26}, "model": "eums.orderitem", "pk": 198}, {"fields": {"item_number": 390, "created": "2015-12-28T11:48:57.905", "modified": "2015-12-28T11:48:57.905", "item": 39, "quantity": "12.00", "polymorphic_ctype": 26}, "model": "eums.orderitem", "pk": 199}, {"fields": {"item_number": 400, "created": "2015-12-28T11:48:57.907", "modified": "2015-12-28T11:48:57.908", "item": 40, "quantity": "50.00", "polymorphic_ctype": 26}, "model": "eums.orderitem", "pk": 200}, {"fields": {"item_number": 410, "created": "2015-12-28T11:48:57.909", "modified": "2015-12-28T11:48:57.909", "item": 41, "quantity": "36.00", "polymorphic_ctype": 26}, "model": "eums.orderitem", "pk": 201}, {"fields": {"item_number": 420, "created": "2015-12-28T11:48:57.911", "modified": "2015-12-28T11:48:57.911", "item": 42, "quantity": "30.00", "polymorphic_ctype": 26}, "model": "eums.orderitem", "pk": 202}, {"fields": {"item_number": 430, "created": "2015-12-28T11:48:57.912", "modified": "2015-12-28T11:48:57.912", "item": 43, "quantity": "4.00", "polymorphic_ctype": 26}, "model": "eums.orderitem", "pk": 203}, {"fields": {"item_number": 440, "created": "2015-12-28T11:48:57.914", "modified": "2015-12-28T11:48:57.914", "item": 44, "quantity": "8.00", "polymorphic_ctype": 26}, "model": "eums.orderitem", "pk": 204}, {"fields": {"item_number": 450, "created": "2015-12-28T11:48:57.916", "modified": "2015-12-28T11:48:57.916", "item": 45, "quantity": "3.00", "polymorphic_ctype": 26}, "model": "eums.orderitem", "pk": 205}, {"fields": {"item_number": 460, "created": "2015-12-28T11:48:57.918", "modified": "2015-12-28T11:48:57.918", "item": 46, "quantity": "3.00", "polymorphic_ctype": 26}, "model": "eums.orderitem", "pk": 206}, {"fields": {"item_number": 470, "created": "2015-12-28T11:48:57.919", "modified": "2015-12-28T11:48:57.919", "item": 47, "quantity": "10.00", "polymorphic_ctype": 26}, "model": "eums.orderitem", "pk": 207}, {"fields": {"item_number": 480, "created": "2015-12-28T11:48:57.921", "modified": "2015-12-28T11:48:57.921", "item": 48, "quantity": "10.00", "polymorphic_ctype": 26}, "model": "eums.orderitem", "pk": 208}, {"fields": {"item_number": 490, "created": "2015-12-28T11:48:57.922", "modified": "2015-12-28T11:48:57.922", "item": 49, "quantity": "30.00", "polymorphic_ctype": 26}, "model": "eums.orderitem", "pk": 209}, {"fields": {"item_number": 500, "created": "2015-12-28T11:48:57.924", "modified": "2015-12-28T11:48:57.924", "item": 50, "quantity": "40.00", "polymorphic_ctype": 26}, "model": "eums.orderitem", "pk": 210}, {"fields": {"item_number": 510, "created": "2015-12-28T11:48:57.926", "modified": "2015-12-28T11:48:57.926", "item": 51, "quantity": "1.00", "polymorphic_ctype": 26}, "model": "eums.orderitem", "pk": 211}, {"fields": {"item_number": 520, "created": "2015-12-28T11:48:57.928", "modified": "2015-12-28T11:48:57.928", "item": 52, "quantity": "2.00", "polymorphic_ctype": 26}, "model": "eums.orderitem", "pk": 212}, {"fields": {"item_number": 530, "created": "2015-12-28T11:48:57.930", "modified": "2015-12-28T11:48:57.930", "item": 53, "quantity": "3.00", "polymorphic_ctype": 26}, "model": "eums.orderitem", "pk": 213}, {"fields": {"item_number": 540, "created": "2015-12-28T11:48:57.932", "modified": "2015-12-28T11:48:57.932", "item": 54, "quantity": "4.00", "polymorphic_ctype": 26}, "model": "eums.orderitem", "pk": 214}, {"fields": {"item_number": 550, "created": "2015-12-28T11:48:57.933", "modified": "2015-12-28T11:48:57.933", "item": 55, "quantity": "5.00", "polymorphic_ctype": 26}, "model": "eums.orderitem", "pk": 215}, {"fields": {"item_number": 560, "created": "2015-12-28T11:48:57.935", "modified": "2015-12-28T11:48:57.935", "item": 56, "quantity": "6.00", "polymorphic_ctype": 26}, "model": "eums.orderitem", "pk": 216}, {"fields": {"item_number": 570, "created": "2015-12-28T11:48:57.937", "modified": "2015-12-28T11:48:57.937", "item": 57, "quantity": "7.00", "polymorphic_ctype": 26}, "model": "eums.orderitem", "pk": 217}, {"fields": {"item_number": 580, "created": "2015-12-28T11:48:57.938", "modified": "2015-12-28T11:48:57.938", "item": 58, "quantity": "8.00", "polymorphic_ctype": 26}, "model": "eums.orderitem", "pk": 218}, {"fields": {"item_number": 590, "created": "2015-12-28T11:48:57.940", "modified": "2015-12-28T11:48:57.940", "item": 59, "quantity": "9.00", "polymorphic_ctype": 26}, "model": "eums.orderitem", "pk": 219}, {"fields": {"item_number": 600, "created": "2015-12-28T11:48:57.942", "modified": "2015-12-28T11:48:57.942", "item": 60, "quantity": "10.00", "polymorphic_ctype": 26}, "model": "eums.orderitem", "pk": 220}, {"fields": {"item_number": 610, "created": "2015-12-28T11:48:57.944", "modified": "2015-12-28T11:48:57.944", "item": 61, "quantity": "11.00", "polymorphic_ctype": 26}, "model": "eums.orderitem", "pk": 221}, {"fields": {"item_number": 620, "created": "2015-12-28T11:48:57.945", "modified": "2015-12-28T11:48:57.945", "item": 62, "quantity": "12.00", "polymorphic_ctype": 26}, "model": "eums.orderitem", "pk": 222}, {"fields": {"item_number": 630, "created": "2015-12-28T11:48:57.947", "modified": "2015-12-28T11:48:57.947", "item": 63, "quantity": "13.00", "polymorphic_ctype": 26}, "model": "eums.orderitem", "pk": 223}, {"fields": {"item_number": 640, "created": "2015-12-28T11:48:57.949", "modified": "2015-12-28T11:48:57.949", "item": 64, "quantity": "14.00", "polymorphic_ctype": 26}, "model": "eums.orderitem", "pk": 224}, {"fields": {"item_number": 650, "created": "2015-12-28T11:48:57.950", "modified": "2015-12-28T11:48:57.950", "item": 65, "quantity": "15.00", "polymorphic_ctype": 26}, "model": "eums.orderitem", "pk": 225}, {"fields": {"item_number": 660, "created": "2015-12-28T11:48:57.952", "modified": "2015-12-28T11:48:57.952", "item": 66, "quantity": "16.00", "polymorphic_ctype": 26}, "model": "eums.orderitem", "pk": 226}, {"fields": {"item_number": 670, "created": "2015-12-28T11:48:57.954", "modified": "2015-12-28T11:48:57.954", "item": 67, "quantity": "17.00", "polymorphic_ctype": 26}, "model": "eums.orderitem", "pk": 227}, {"fields": {"item_number": 680, "created": "2015-12-28T11:48:57.955", "modified": "2015-12-28T11:48:57.955", "item": 68, "quantity": "18.00", "polymorphic_ctype": 26}, "model": "eums.orderitem", "pk": 228}, {"fields": {"item_number": 690, "created": "2015-12-28T11:48:57.957", "modified": "2015-12-28T11:48:57.957", "item": 69, "quantity": "19.00", "polymorphic_ctype": 26}, "model": "eums.orderitem", "pk": 229}, {"fields": {"item_number": 700, "created": "2015-12-28T11:48:57.959", "modified": "2015-12-28T11:48:57.959", "item": 70, "quantity": "20.00", "polymorphic_ctype": 26}, "model": "eums.orderitem", "pk": 230}, {"fields": {"item_number": 710, "created": "2015-12-28T11:48:57.960", "modified": "2015-12-28T11:48:57.960", "item": 71, "quantity": "21.00", "polymorphic_ctype": 26}, "model": "eums.orderitem", "pk": 231}, {"fields": {"item_number": 720, "created": "2015-12-28T11:48:57.962", "modified": "2015-12-28T11:48:57.962", "item": 72, "quantity": "22.00", "polymorphic_ctype": 26}, "model": "eums.orderitem", "pk": 232}, {"fields": {"item_number": 730, "created": "2015-12-28T11:48:57.964", "modified": "2015-12-28T11:48:57.964", "item": 73, "quantity": "23.00", "polymorphic_ctype": 26}, "model": "eums.orderitem", "pk": 233}, {"fields": {"item_number": 740, "created": "2015-12-28T11:48:57.965", "modified": "2015-12-28T11:48:57.965", "item": 74, "quantity": "24.00", "polymorphic_ctype": 26}, "model": "eums.orderitem", "pk": 234}, {"fields": {"item_number": 750, "created": "2015-12-28T11:48:57.967", "modified": "2015-12-28T11:48:57.967", "item": 75, "quantity": "25.00", "polymorphic_ctype": 26}, "model": "eums.orderitem", "pk": 235}, {"fields": {"item_number": 760, "created": "2015-12-28T11:48:57.969", "modified": "2015-12-28T11:48:57.969", "item": 76, "quantity": "26.00", "polymorphic_ctype": 26}, "model": "eums.orderitem", "pk": 236}, {"fields": {"item_number": 770, "created": "2015-12-28T11:48:57.971", "modified": "2015-12-28T11:48:57.971", "item": 77, "quantity": "27.00", "polymorphic_ctype": 26}, "model": "eums.orderitem", "pk": 237}, {"fields": {"item_number": 780, "created": "2015-12-28T11:48:57.972", "modified": "2015-12-28T11:48:57.972", "item": 78, "quantity": "28.00", "polymorphic_ctype": 26}, "model": "eums.orderitem", "pk": 238}, {"fields": {"item_number": 790, "created": "2015-12-28T11:48:57.974", "modified": "2015-12-28T11:48:57.974", "item": 79, "quantity": "29.00", "polymorphic_ctype": 26}, "model": "eums.orderitem", "pk": 239}, {"fields": {"item_number": 800, "created": "2015-12-28T11:48:57.976", "modified": "2015-12-28T11:48:57.976", "item": 80, "quantity": "30.00", "polymorphic_ctype": 26}, "model": "eums.orderitem", "pk": 240}, {"fields": {"item_number": 810, "created": "2015-12-28T11:48:57.977", "modified": "2015-12-28T11:48:57.977", "item": 81, "quantity": "41.00", "polymorphic_ctype": 26}, "model": "eums.orderitem", "pk": 241}, {"fields": {"item_number": 820, "created": "2015-12-28T11:48:57.979", "modified": "2015-12-28T11:48:57.979", "item": 82, "quantity": "42.00", "polymorphic_ctype": 26}, "model": "eums.orderitem", "pk": 242}, {"fields": {"item_number": 830, "created": "2015-12-28T11:48:57.981", "modified": "2015-12-28T11:48:57.981", "item": 83, "quantity": "43.00", "polymorphic_ctype": 26}, "model": "eums.orderitem", "pk": 243}, {"fields": {"item_number": 840, "created": "2015-12-28T11:48:57.982", "modified": "2015-12-28T11:48:57.982", "item": 84, "quantity": "44.00", "polymorphic_ctype": 26}, "model": "eums.orderitem", "pk": 244}, {"fields": {"item_number": 850, "created": "2015-12-28T11:48:57.984", "modified": "2015-12-28T11:48:57.984", "item": 1, "quantity": "45.00", "polymorphic_ctype": 26}, "model": "eums.orderitem", "pk": 245}, {"fields": {"item_number": 860, "created": "2015-12-28T11:48:57.986", "modified": "2015-12-28T11:48:57.986", "item": 2, "quantity": "1.00", "polymorphic_ctype": 26}, "model": "eums.orderitem", "pk": 246}, {"fields": {"item_number": 870, "created": "2015-12-28T11:48:57.987", "modified": "2015-12-28T11:48:57.987", "item": 3, "quantity": "2.00", "polymorphic_ctype": 26}, "model": "eums.orderitem", "pk": 247}, {"fields": {"item_number": 880, "created": "2015-12-28T11:48:57.989", "modified": "2015-12-28T11:48:57.989", "item": 4, "quantity": "3.00", "polymorphic_ctype": 26}, "model": "eums.orderitem", "pk": 248}, {"fields": {"item_number": 890, "created": "2015-12-28T11:48:57.991", "modified": "2015-12-28T11:48:57.991", "item": 5, "quantity": "4.00", "polymorphic_ctype": 26}, "model": "eums.orderitem", "pk": 249}, {"fields": {"item_number": 900, "created": "2015-12-28T11:48:57.992", "modified": "2015-12-28T11:48:57.992", "item": 6, "quantity": "5.00", "polymorphic_ctype": 26}, "model": "eums.orderitem", "pk": 250}, {"fields": {"item_number": 910, "created": "2015-12-28T11:48:57.994", "modified": "2015-12-28T11:48:57.994", "item": 7, "quantity": "6.00", "polymorphic_ctype": 26}, "model": "eums.orderitem", "pk": 251}, {"fields": {"item_number": 920, "created": "2015-12-28T11:48:57.996", "modified": "2015-12-28T11:48:57.996", "item": 8, "quantity": "7.00", "polymorphic_ctype": 26}, "model": "eums.orderitem", "pk": 252}, {"fields": {"item_number": 930, "created": "2015-12-28T11:48:57.998", "modified": "2015-12-28T11:48:57.998", "item": 9, "quantity": "8.00", "polymorphic_ctype": 26}, "model": "eums.orderitem", "pk": 253}, {"fields": {"item_number": 940, "created": "2015-12-28T11:48:57.999", "modified": "2015-12-28T11:48:57.999", "item": 10, "quantity": "9.00", "polymorphic_ctype": 26}, "model": "eums.orderitem", "pk": 254}, {"fields": {"item_number": 950, "created": "2015-12-28T11:48:58.001", "modified": "2015-12-28T11:48:58.001", "item": 11, "quantity": "10.00", "polymorphic_ctype": 26}, "model": "eums.orderitem", "pk": 255}, {"fields": {"item_number": 960, "created": "2015-12-28T11:48:58.003", "modified": "2015-12-28T11:48:58.003", "item": 12, "quantity": "11.00", "polymorphic_ctype": 26}, "model": "eums.orderitem", "pk": 256}, {"fields": {"item_number": 970, "created": "2015-12-28T11:48:58.005", "modified": "2015-12-28T11:48:58.005", "item": 13, "quantity": "12.00", "polymorphic_ctype": 26}, "model": "eums.orderitem", "pk": 257}, {"fields": {"item_number": 980, "created": "2015-12-28T11:48:58.006", "modified": "2015-12-28T11:48:58.006", "item": 14, "quantity": "13.00", "polymorphic_ctype": 26}, "model": "eums.orderitem", "pk": 258}, {"fields": {"item_number": 990, "created": "2015-12-28T11:48:58.008", "modified": "2015-12-28T11:48:58.008", "item": 15, "quantity": "14.00", "polymorphic_ctype": 26}, "model": "eums.orderitem", "pk": 259}, {"fields": {"item_number": 1000, "created": "2015-12-28T11:48:58.009", "modified": "2015-12-28T11:48:58.009", "item": 16, "quantity": "15.00", "polymorphic_ctype": 26}, "model": "eums.orderitem", "pk": 260}, {"fields": {"item_number": 1010, "created": "2015-12-28T11:48:58.012", "modified": "2015-12-28T11:48:58.012", "item": 17, "quantity": "16.00", "polymorphic_ctype": 26}, "model": "eums.orderitem", "pk": 261}, {"fields": {"item_number": 1020, "created": "2015-12-28T11:48:58.014", "modified": "2015-12-28T11:48:58.014", "item": 18, "quantity": "17.00", "polymorphic_ctype": 26}, "model": "eums.orderitem", "pk": 262}, {"fields": {"item_number": 1030, "created": "2015-12-28T11:48:58.015", "modified": "2015-12-28T11:48:58.015", "item": 19, "quantity": "18.00", "polymorphic_ctype": 26}, "model": "eums.orderitem", "pk": 263}, {"fields": {"item_number": 1040, "created": "2015-12-28T11:48:58.017", "modified": "2015-12-28T11:48:58.017", "item": 20, "quantity": "19.00", "polymorphic_ctype": 26}, "model": "eums.orderitem", "pk": 264}, {"fields": {"item_number": 1050, "created": "2015-12-28T11:48:58.019", "modified": "2015-12-28T11:48:58.019", "item": 21, "quantity": "20.00", "polymorphic_ctype": 26}, "model": "eums.orderitem", "pk": 265}, {"fields": {"item_number": 1060, "created": "2015-12-28T11:48:58.021", "modified": "2015-12-28T11:48:58.021", "item": 22, "quantity": "21.00", "polymorphic_ctype": 26}, "model": "eums.orderitem", "pk": 266}, {"fields": {"item_number": 1070, "created": "2015-12-28T11:48:58.022", "modified": "2015-12-28T11:48:58.022", "item": 23, "quantity": "22.00", "polymorphic_ctype": 26}, "model": "eums.orderitem", "pk": 267}, {"fields": {"item_number": 1080, "created": "2015-12-28T11:48:58.024", "modified": "2015-12-28T11:48:58.024", "item": 24, "quantity": "23.00", "polymorphic_ctype": 26}, "model": "eums.orderitem", "pk": 268}, {"fields": {"item_number": 1090, "created": "2015-12-28T11:48:58.026", "modified": "2015-12-28T11:48:58.026", "item": 25, "quantity": "24.00", "polymorphic_ctype": 26}, "model": "eums.orderitem", "pk": 269}, {"fields": {"item_number": 1100, "created": "2015-12-28T11:48:58.028", "modified": "2015-12-28T11:48:58.028", "item": 26, "quantity": "25.00", "polymorphic_ctype": 26}, "model": "eums.orderitem", "pk": 270}, {"fields": {"item_number": 1110, "created": "2015-12-28T11:48:58.029", "modified": "2015-12-28T11:48:58.029", "item": 27, "quantity": "26.00", "polymorphic_ctype": 26}, "model": "eums.orderitem", "pk": 271}, {"fields": {"item_number": 1120, "created": "2015-12-28T11:48:58.031", "modified": "2015-12-28T11:48:58.031", "item": 28, "quantity": "27.00", "polymorphic_ctype": 26}, "model": "eums.orderitem", "pk": 272}, {"fields": {"item_number": 1130, "created": "2015-12-28T11:48:58.033", "modified": "2015-12-28T11:48:58.033", "item": 29, "quantity": "28.00", "polymorphic_ctype": 26}, "model": "eums.orderitem", "pk": 273}, {"fields": {"item_number": 1140, "created": "2015-12-28T11:48:58.035", "modified": "2015-12-28T11:48:58.035", "item": 30, "quantity": "29.00", "polymorphic_ctype": 26}, "model": "eums.orderitem", "pk": 274}, {"fields": {"item_number": 1150, "created": "2015-12-28T11:48:58.036", "modified": "2015-12-28T11:48:58.036", "item": 31, "quantity": "30.00", "polymorphic_ctype": 26}, "model": "eums.orderitem", "pk": 275}, {"fields": {"item_number": 1160, "created": "2015-12-28T11:48:58.038", "modified": "2015-12-28T11:48:58.038", "item": 32, "quantity": "31.00", "polymorphic_ctype": 26}, "model": "eums.orderitem", "pk": 276}, {"fields": {"item_number": 1170, "created": "2015-12-28T11:48:58.040", "modified": "2015-12-28T11:48:58.040", "item": 33, "quantity": "32.00", "polymorphic_ctype": 26}, "model": "eums.orderitem", "pk": 277}, {"fields": {"item_number": 1180, "created": "2015-12-28T11:48:58.041", "modified": "2015-12-28T11:48:58.041", "item": 34, "quantity": "33.00", "polymorphic_ctype": 26}, "model": "eums.orderitem", "pk": 278}, {"fields": {"item_number": 1190, "created": "2015-12-28T11:48:58.043", "modified": "2015-12-28T11:48:58.043", "item": 35, "quantity": "34.00", "polymorphic_ctype": 26}, "model": "eums.orderitem", "pk": 279}, {"fields": {"item_number": 1200, "created": "2015-12-28T11:48:58.045", "modified": "2015-12-28T11:48:58.045", "item": 36, "quantity": "35.00", "polymorphic_ctype": 26}, "model": "eums.orderitem", "pk": 280}, {"fields": {"item_number": 1210, "created": "2015-12-28T11:48:58.047", "modified": "2015-12-28T11:48:58.047", "item": 37, "quantity": "36.00", "polymorphic_ctype": 26}, "model": "eums.orderitem", "pk": 281}, {"fields": {"item_number": 1220, "created": "2015-12-28T11:48:58.048", "modified": "2015-12-28T11:48:58.048", "item": 38, "quantity": "37.00", "polymorphic_ctype": 26}, "model": "eums.orderitem", "pk": 282}, {"fields": {"item_number": 1230, "created": "2015-12-28T11:48:58.050", "modified": "2015-12-28T11:48:58.050", "item": 39, "quantity": "38.00", "polymorphic_ctype": 26}, "model": "eums.orderitem", "pk": 283}, {"fields": {"item_number": 1240, "created": "2015-12-28T11:48:58.052", "modified": "2015-12-28T11:48:58.052", "item": 40, "quantity": "39.00", "polymorphic_ctype": 26}, "model": "eums.orderitem", "pk": 284}, {"fields": {"item_number": 1250, "created": "2015-12-28T11:48:58.053", "modified": "2015-12-28T11:48:58.053", "item": 41, "quantity": "40.00", "polymorphic_ctype": 26}, "model": "eums.orderitem", "pk": 285}, {"fields": {"item_number": 1260, "created": "2015-12-28T11:48:58.055", "modified": "2015-12-28T11:48:58.055", "item": 42, "quantity": "41.00", "polymorphic_ctype": 26}, "model": "eums.orderitem", "pk": 286}, {"fields": {"item_number": 1270, "created": "2015-12-28T11:48:58.057", "modified": "2015-12-28T11:48:58.057", "item": 43, "quantity": "42.00", "polymorphic_ctype": 26}, "model": "eums.orderitem", "pk": 287}, {"fields": {"item_number": 1280, "created": "2015-12-28T11:48:58.059", "modified": "2015-12-28T11:48:58.059", "item": 44, "quantity": "43.00", "polymorphic_ctype": 26}, "model": "eums.orderitem", "pk": 288}, {"fields": {"item_number": 1290, "created": "2015-12-28T11:48:58.060", "modified": "2015-12-28T11:48:58.060", "item": 45, "quantity": "44.00", "polymorphic_ctype": 26}, "model": "eums.orderitem", "pk": 289}, {"fields": {"item_number": 1300, "created": "2015-12-28T11:48:58.062", "modified": "2015-12-28T11:48:58.062", "item": 46, "quantity": "45.00", "polymorphic_ctype": 26}, "model": "eums.orderitem", "pk": 290}, {"fields": {"item_number": 1310, "created": "2015-12-28T11:48:58.064", "modified": "2015-12-28T11:48:58.064", "item": 47, "quantity": "46.00", "polymorphic_ctype": 26}, "model": "eums.orderitem", "pk": 291}, {"fields": {"item_number": 1320, "created": "2015-12-28T11:48:58.066", "modified": "2015-12-28T11:48:58.066", "item": 48, "quantity": "47.00", "polymorphic_ctype": 26}, "model": "eums.orderitem", "pk": 292}, {"fields": {"item_number": 1330, "created": "2015-12-28T11:48:58.068", "modified": "2015-12-28T11:48:58.068", "item": 49, "quantity": "48.00", "polymorphic_ctype": 26}, "model": "eums.orderitem", "pk": 293}, {"fields": {"item_number": 1340, "created": "2015-12-28T11:48:58.070", "modified": "2015-12-28T11:48:58.070", "item": 50, "quantity": "49.00", "polymorphic_ctype": 26}, "model": "eums.orderitem", "pk": 294}, {"fields": {"item_number": 1350, "created": "2015-12-28T11:48:58.071", "modified": "2015-12-28T11:48:58.071", "item": 1, "quantity": "50.00", "polymorphic_ctype": 26}, "model": "eums.orderitem", "pk": 295}, {"fields": {"item_number": 1360, "created": "2015-12-28T11:48:58.073", "modified": "2015-12-28T11:48:58.073", "item": 2, "quantity": "1.00", "polymorphic_ctype": 26}, "model": "eums.orderitem", "pk": 296}, {"fields": {"item_number": 1370, "created": "2015-12-28T11:48:58.075", "modified": "2015-12-28T11:48:58.075", "item": 3, "quantity": "2.00", "polymorphic_ctype": 26}, "model": "eums.orderitem", "pk": 297}, {"fields": {"item_number": 1380, "created": "2015-12-28T11:48:58.077", "modified": "2015-12-28T11:48:58.077", "item": 4, "quantity": "3.00", "polymorphic_ctype": 26}, "model": "eums.orderitem", "pk": 298}, {"fields": {"item_number": 1390, "created": "2015-12-28T11:48:58.078", "modified": "2015-12-28T11:48:58.078", "item": 5, "quantity": "4.00", "polymorphic_ctype": 26}, "model": "eums.orderitem", "pk": 299}, {"fields": {"item_number": 1400, "created": "2015-12-28T11:48:58.080", "modified": "2015-12-28T11:48:58.080", "item": 6, "quantity": "5.00", "polymorphic_ctype": 26}, "model": "eums.orderitem", "pk": 300}, {"fields": {"item_number": 1410, "created": "2015-12-28T11:48:58.082", "modified": "2015-12-28T11:48:58.082", "item": 7, "quantity": "6.00", "polymorphic_ctype": 26}, "model": "eums.orderitem", "pk": 301}, {"fields": {"item_number": 1420, "created": "2015-12-28T11:48:58.083", "modified": "2015-12-28T11:48:58.083", "item": 8, "quantity": "7.00", "polymorphic_ctype": 26}, "model": "eums.orderitem", "pk": 302}, {"fields": {"item_number": 1430, "created": "2015-12-28T11:48:58.085", "modified": "2015-12-28T11:48:58.085", "item": 9, "quantity": "8.00", "polymorphic_ctype": 26}, "model": "eums.orderitem", "pk": 303}, {"fields": {"item_number": 1440, "created": "2015-12-28T11:48:58.087", "modified": "2015-12-28T11:48:58.087", "item": 10, "quantity": "9.00", "polymorphic_ctype": 26}, "model": "eums.orderitem", "pk": 304}, {"fields": {"item_number": 1450, "created": "2015-12-28T11:48:58.089", "modified": "2015-12-28T11:48:58.089", "item": 11, "quantity": "10.00", "polymorphic_ctype": 26}, "model": "eums.orderitem", "pk": 305}, {"fields": {"item_number": 1460, "created": "2015-12-28T11:48:58.090", "modified": "2015-12-28T11:48:58.090", "item": 12, "quantity": "11.00", "polymorphic_ctype": 26}, "model": "eums.orderitem", "pk": 306}, {"fields": {"item_number": 1470, "created": "2015-12-28T11:48:58.092", "modified": "2015-12-28T11:48:58.092", "item": 13, "quantity": "12.00", "polymorphic_ctype": 26}, "model": "eums.orderitem", "pk": 307}, {"fields": {"item_number": 1480, "created": "2015-12-28T11:48:58.094", "modified": "2015-12-28T11:48:58.094", "item": 14, "quantity": "13.00", "polymorphic_ctype": 26}, "model": "eums.orderitem", "pk": 308}, {"fields": {"item_number": 1490, "created": "2015-12-28T11:48:58.095", "modified": "2015-12-28T11:48:58.095", "item": 15, "quantity": "14.00", "polymorphic_ctype": 26}, "model": "eums.orderitem", "pk": 309}, {"fields": {"item_number": 1500, "created": "2015-12-28T11:48:58.097", "modified": "2015-12-28T11:48:58.097", "item": 16, "quantity": "15.00", "polymorphic_ctype": 26}, "model": "eums.orderitem", "pk": 310}, {"fields": {"item_number": 1510, "created": "2015-12-28T11:48:58.099", "modified": "2015-12-28T11:48:58.099", "item": 17, "quantity": "16.00", "polymorphic_ctype": 26}, "model": "eums.orderitem", "pk": 311}, {"fields": {"item_number": 1520, "created": "2015-12-28T11:48:58.101", "modified": "2015-12-28T11:48:58.101", "item": 18, "quantity": "17.00", "polymorphic_ctype": 26}, "model": "eums.orderitem", "pk": 312}, {"fields": {"item_number": 1530, "created": "2015-12-28T11:48:58.102", "modified": "2015-12-28T11:48:58.102", "item": 19, "quantity": "18.00", "polymorphic_ctype": 26}, "model": "eums.orderitem", "pk": 313}, {"fields": {"item_number": 1540, "created": "2015-12-28T11:48:58.104", "modified": "2015-12-28T11:48:58.104", "item": 20, "quantity": "19.00", "polymorphic_ctype": 26}, "model": "eums.orderitem", "pk": 314}, {"fields": {"item_number": 1550, "created": "2015-12-28T11:48:58.106", "modified": "2015-12-28T11:48:58.106", "item": 21, "quantity": "20.00", "polymorphic_ctype": 26}, "model": "eums.orderitem", "pk": 315}, {"fields": {"item_number": 1560, "created": "2015-12-28T11:48:58.108", "modified": "2015-12-28T11:48:58.108", "item": 22, "quantity": "21.00", "polymorphic_ctype": 26}, "model": "eums.orderitem", "pk": 316}, {"fields": {"item_number": 1570, "created": "2015-12-28T11:48:58.109", "modified": "2015-12-28T11:48:58.109", "item": 23, "quantity": "22.00", "polymorphic_ctype": 26}, "model": "eums.orderitem", "pk": 317}, {"fields": {"item_number": 1580, "created": "2015-12-28T11:48:58.111", "modified": "2015-12-28T11:48:58.111", "item": 24, "quantity": "23.00", "polymorphic_ctype": 26}, "model": "eums.orderitem", "pk": 318}, {"fields": {"item_number": 1590, "created": "2015-12-28T11:48:58.113", "modified": "2015-12-28T11:48:58.113", "item": 25, "quantity": "24.00", "polymorphic_ctype": 26}, "model": "eums.orderitem", "pk": 319}, {"fields": {"item_number": 1600, "created": "2015-12-28T11:48:58.115", "modified": "2015-12-28T11:48:58.115", "item": 26, "quantity": "25.00", "polymorphic_ctype": 26}, "model": "eums.orderitem", "pk": 320}, {"fields": {"item_number": 10, "created": "2015-12-28T11:48:58.146", "modified": "2015-12-28T11:48:58.146", "item": 86, "quantity": "100.00", "polymorphic_ctype": 27}, "model": "eums.orderitem", "pk": 321}, {"fields": {"item_number": 20, "created": "2015-12-28T11:48:58.151", "modified": "2015-12-28T11:48:58.151", "item": 87, "quantity": "5.00", "polymorphic_ctype": 27}, "model": "eums.orderitem", "pk": 322}, {"fields": {"item_number": 30, "created": "2015-12-28T11:48:58.155", "modified": "2015-12-28T11:48:58.155", "item": 88, "quantity": "10.00", "polymorphic_ctype": 27}, "model": "eums.orderitem", "pk": 323}, {"fields": {"item_number": 40, "created": "2015-12-28T11:48:58.158", "modified": "2015-12-28T11:48:58.158", "item": 89, "quantity": "10.00", "polymorphic_ctype": 27}, "model": "eums.orderitem", "pk": 324}, {"fields": {"item_number": 50, "created": "2015-12-28T11:48:58.162", "modified": "2015-12-28T11:48:58.162", "item": 90, "quantity": "10.00", "polymorphic_ctype": 27}, "model": "eums.orderitem", "pk": 325}, {"fields": {"item_number": 60, "created": "2015-12-28T11:48:58.166", "modified": "2015-12-28T11:48:58.166", "item": 91, "quantity": "10.00", "polymorphic_ctype": 27}, "model": "eums.orderitem", "pk": 326}, {"fields": {"item_number": 70, "created": "2015-12-28T11:48:58.170", "modified": "2015-12-28T11:48:58.170", "item": 92, "quantity": "5.00", "polymorphic_ctype": 27}, "model": "eums.orderitem", "pk": 327}, {"fields": {"item_number": 80, "created": "2015-12-28T11:48:58.174", "modified": "2015-12-28T11:48:58.174", "item": 93, "quantity": "10.00", "polymorphic_ctype": 27}, "model": "eums.orderitem", "pk": 328}, {"fields": {"item_number": 90, "created": "2015-12-28T11:48:58.177", "modified": "2015-12-28T11:48:58.177", "item": 94, "quantity": "15.00", "polymorphic_ctype": 27}, "model": "eums.orderitem", "pk": 329}, {"fields": {"item_number": 100, "created": "2015-12-28T11:48:58.181", "modified": "2015-12-28T11:48:58.181", "item": 95, "quantity": "20.00", "polymorphic_ctype": 27}, "model": "eums.orderitem", "pk": 330}, {"fields": {"item_number": 110, "created": "2015-12-28T11:48:58.185", "modified": "2015-12-28T11:48:58.185", "item": 96, "quantity": "5.00", "polymorphic_ctype": 27}, "model": "eums.orderitem", "pk": 331}, {"fields": {"item_number": 120, "created": "2015-12-28T11:48:58.189", "modified": "2015-12-28T11:48:58.189", "item": 97, "quantity": "10.00", "polymorphic_ctype": 27}, "model": "eums.orderitem", "pk": 332}, {"fields": {"item_number": 130, "created": "2015-12-28T11:48:58.192", "modified": "2015-12-28T11:48:58.192", "item": 98, "quantity": "15.00", "polymorphic_ctype": 27}, "model": "eums.orderitem", "pk": 333}, {"fields": {"item_number": 140, "created": "2015-12-28T11:48:58.196", "modified": "2015-12-28T11:48:58.196", "item": 99, "quantity": "20.00", "polymorphic_ctype": 27}, "model": "eums.orderitem", "pk": 334}, {"fields": {"item_number": 150, "created": "2015-12-28T11:48:58.200", "modified": "2015-12-28T11:48:58.200", "item": 100, "quantity": "25.00", "polymorphic_ctype": 27}, "model": "eums.orderitem", "pk": 335}, {"fields": {"item_number": 160, "created": "2015-12-28T11:48:58.203", "modified": "2015-12-28T11:48:58.203", "item": 101, "quantity": "1.00", "polymorphic_ctype": 27}, "model": "eums.orderitem", "pk": 336}, {"fields": {"item_number": 170, "created": "2015-12-28T11:48:58.207", "modified": "2015-12-28T11:48:58.207", "item": 102, "quantity": "1.00", "polymorphic_ctype": 27}, "model": "eums.orderitem", "pk": 337}, {"fields": {"item_number": 180, "created": "2015-12-28T11:48:58.211", "modified": "2015-12-28T11:48:58.211", "item": 103, "quantity": "1.00", "polymorphic_ctype": 27}, "model": "eums.orderitem", "pk": 338}, {"fields": {"item_number": 190, "created": "2015-12-28T11:48:58.214", "modified": "2015-12-28T11:48:58.214", "item": 104, "quantity": "1.00", "polymorphic_ctype": 27}, "model": "eums.orderitem", "pk": 339}, {"fields": {"item_number": 200, "created": "2015-12-28T11:48:58.218", "modified": "2015-12-28T11:48:58.218", "item": 105, "quantity": "1.00", "polymorphic_ctype": 27}, "model": "eums.orderitem", "pk": 340}, {"fields": {"item_number": 210, "created": "2015-12-28T11:48:58.222", "modified": "2015-12-28T11:48:58.222", "item": 106, "quantity": "1.00", "polymorphic_ctype": 27}, "model": "eums.orderitem", "pk": 341}, {"fields": {"item_number": 220, "created": "2015-12-28T11:48:58.225", "modified": "2015-12-28T11:48:58.225", "item": 107, "quantity": "1.00", "polymorphic_ctype": 27}, "model": "eums.orderitem", "pk": 342}, {"fields": {"item_number": 230, "created": "2015-12-28T11:48:58.229", "modified": "2015-12-28T11:48:58.229", "item": 108, "quantity": "2.00", "polymorphic_ctype": 27}, "model": "eums.orderitem", "pk": 343}, {"fields": {"item_number": 240, "created": "2015-12-28T11:48:58.232", "modified": "2015-12-28T11:48:58.232", "item": 109, "quantity": "3.00", "polymorphic_ctype": 27}, "model": "eums.orderitem", "pk": 344}, {"fields": {"item_number": 250, "created": "2015-12-28T11:48:58.236", "modified": "2015-12-28T11:48:58.236", "item": 110, "quantity": "4.00", "polymorphic_ctype": 27}, "model": "eums.orderitem", "pk": 345}, {"fields": {"item_number": 260, "created": "2015-12-28T11:48:58.240", "modified": "2015-12-28T11:48:58.240", "item": 111, "quantity": "5.00", "polymorphic_ctype": 27}, "model": "eums.orderitem", "pk": 346}, {"fields": {"item_number": 270, "created": "2015-12-28T11:48:58.244", "modified": "2015-12-28T11:48:58.244", "item": 112, "quantity": "6.00", "polymorphic_ctype": 27}, "model": "eums.orderitem", "pk": 347}, {"fields": {"item_number": 280, "created": "2015-12-28T11:48:58.248", "modified": "2015-12-28T11:48:58.248", "item": 113, "quantity": "7.00", "polymorphic_ctype": 27}, "model": "eums.orderitem", "pk": 348}, {"fields": {"item_number": 290, "created": "2015-12-28T11:48:58.252", "modified": "2015-12-28T11:48:58.252", "item": 114, "quantity": "5.00", "polymorphic_ctype": 27}, "model": "eums.orderitem", "pk": 349}, {"fields": {"item_number": 300, "created": "2015-12-28T11:48:58.255", "modified": "2015-12-28T11:48:58.255", "item": 115, "quantity": "5.00", "polymorphic_ctype": 27}, "model": "eums.orderitem", "pk": 350}, {"fields": {"item_number": 310, "created": "2015-12-28T11:48:58.259", "modified": "2015-12-28T11:48:58.259", "item": 116, "quantity": "5.00", "polymorphic_ctype": 27}, "model": "eums.orderitem", "pk": 351}, {"fields": {"item_number": 320, "created": "2015-12-28T11:48:58.263", "modified": "2015-12-28T11:48:58.263", "item": 117, "quantity": "5.00", "polymorphic_ctype": 27}, "model": "eums.orderitem", "pk": 352}, {"fields": {"item_number": 330, "created": "2015-12-28T11:48:58.266", "modified": "2015-12-28T11:48:58.266", "item": 118, "quantity": "5.00", "polymorphic_ctype": 27}, "model": "eums.orderitem", "pk": 353}, {"fields": {"item_number": 340, "created": "2015-12-28T11:48:58.270", "modified": "2015-12-28T11:48:58.270", "item": 119, "quantity": "5.00", "polymorphic_ctype": 27}, "model": "eums.orderitem", "pk": 354}, {"fields": {"item_number": 350, "created": "2015-12-28T11:48:58.273", "modified": "2015-12-28T11:48:58.273", "item": 120, "quantity": "5.00", "polymorphic_ctype": 27}, "model": "eums.orderitem", "pk": 355}, {"fields": {"item_number": 360, "created": "2015-12-28T11:48:58.277", "modified": "2015-12-28T11:48:58.277", "item": 121, "quantity": "5.00", "polymorphic_ctype": 27}, "model": "eums.orderitem", "pk": 356}, {"fields": {"item_number": 370, "created": "2015-12-28T11:48:58.281", "modified": "2015-12-28T11:48:58.281", "item": 122, "quantity": "3.00", "polymorphic_ctype": 27}, "model": "eums.orderitem", "pk": 357}, {"fields": {"item_number": 380, "created": "2015-12-28T11:48:58.285", "modified": "2015-12-28T11:48:58.285", "item": 123, "quantity": "6.00", "polymorphic_ctype": 27}, "model": "eums.orderitem", "pk": 358}, {"fields": {"item_number": 390, "created": "2015-12-28T11:48:58.288", "modified": "2015-12-28T11:48:58.288", "item": 124, "quantity": "12.00", "polymorphic_ctype": 27}, "model": "eums.orderitem", "pk": 359}, {"fields": {"item_number": 400, "created": "2015-12-28T11:48:58.292", "modified": "2015-12-28T11:48:58.292", "item": 125, "quantity": "50.00", "polymorphic_ctype": 27}, "model": "eums.orderitem", "pk": 360}, {"fields": {"item_number": 410, "created": "2015-12-28T11:48:58.296", "modified": "2015-12-28T11:48:58.296", "item": 126, "quantity": "36.00", "polymorphic_ctype": 27}, "model": "eums.orderitem", "pk": 361}, {"fields": {"item_number": 420, "created": "2015-12-28T11:48:58.300", "modified": "2015-12-28T11:48:58.300", "item": 127, "quantity": "30.00", "polymorphic_ctype": 27}, "model": "eums.orderitem", "pk": 362}, {"fields": {"item_number": 430, "created": "2015-12-28T11:48:58.303", "modified": "2015-12-28T11:48:58.303", "item": 128, "quantity": "4.00", "polymorphic_ctype": 27}, "model": "eums.orderitem", "pk": 363}, {"fields": {"item_number": 440, "created": "2015-12-28T11:48:58.307", "modified": "2015-12-28T11:48:58.307", "item": 129, "quantity": "8.00", "polymorphic_ctype": 27}, "model": "eums.orderitem", "pk": 364}, {"fields": {"item_number": 450, "created": "2015-12-28T11:48:58.310", "modified": "2015-12-28T11:48:58.310", "item": 130, "quantity": "3.00", "polymorphic_ctype": 27}, "model": "eums.orderitem", "pk": 365}, {"fields": {"item_number": 460, "created": "2015-12-28T11:48:58.314", "modified": "2015-12-28T11:48:58.314", "item": 131, "quantity": "3.00", "polymorphic_ctype": 27}, "model": "eums.orderitem", "pk": 366}, {"fields": {"item_number": 470, "created": "2015-12-28T11:48:58.318", "modified": "2015-12-28T11:48:58.318", "item": 132, "quantity": "10.00", "polymorphic_ctype": 27}, "model": "eums.orderitem", "pk": 367}, {"fields": {"item_number": 480, "created": "2015-12-28T11:48:58.322", "modified": "2015-12-28T11:48:58.322", "item": 133, "quantity": "10.00", "polymorphic_ctype": 27}, "model": "eums.orderitem", "pk": 368}, {"fields": {"item_number": 490, "created": "2015-12-28T11:48:58.325", "modified": "2015-12-28T11:48:58.325", "item": 134, "quantity": "30.00", "polymorphic_ctype": 27}, "model": "eums.orderitem", "pk": 369}, {"fields": {"item_number": 500, "created": "2015-12-28T11:48:58.329", "modified": "2015-12-28T11:48:58.329", "item": 135, "quantity": "40.00", "polymorphic_ctype": 27}, "model": "eums.orderitem", "pk": 370}, {"fields": {"item_number": 510, "created": "2015-12-28T11:48:58.333", "modified": "2015-12-28T11:48:58.333", "item": 136, "quantity": "1.00", "polymorphic_ctype": 27}, "model": "eums.orderitem", "pk": 371}, {"fields": {"item_number": 520, "created": "2015-12-28T11:48:58.336", "modified": "2015-12-28T11:48:58.337", "item": 137, "quantity": "2.00", "polymorphic_ctype": 27}, "model": "eums.orderitem", "pk": 372}, {"fields": {"item_number": 530, "created": "2015-12-28T11:48:58.340", "modified": "2015-12-28T11:48:58.340", "item": 138, "quantity": "3.00", "polymorphic_ctype": 27}, "model": "eums.orderitem", "pk": 373}, {"fields": {"item_number": 540, "created": "2015-12-28T11:48:58.344", "modified": "2015-12-28T11:48:58.344", "item": 139, "quantity": "4.00", "polymorphic_ctype": 27}, "model": "eums.orderitem", "pk": 374}, {"fields": {"item_number": 550, "created": "2015-12-28T11:48:58.348", "modified": "2015-12-28T11:48:58.348", "item": 140, "quantity": "5.00", "polymorphic_ctype": 27}, "model": "eums.orderitem", "pk": 375}, {"fields": {"item_number": 560, "created": "2015-12-28T11:48:58.352", "modified": "2015-12-28T11:48:58.352", "item": 141, "quantity": "6.00", "polymorphic_ctype": 27}, "model": "eums.orderitem", "pk": 376}, {"fields": {"material_code": "SL004639", "description": "Leaflet 2013 A5 or A4 with 3 fold 2013 Full", "modified": "2015-12-28T11:48:57.295", "unit": 1, "created": "2015-12-28T11:48:57.295"}, "model": "eums.item", "pk": 1}, {"fields": {"material_code": "SL004638", "description": "Fact sheet2013 A4 2013 Full colour 2013 double s", "modified": "2015-12-28T11:48:57.297", "unit": 2, "created": "2015-12-28T11:48:57.297"}, "model": "eums.item", "pk": 2}, {"fields": {"material_code": "SL005144", "description": "Laptop,Lenovo,ThinkPad T510", "modified": "2015-12-28T11:48:57.299", "unit": 3, "created": "2015-12-28T11:48:57.299"}, "model": "eums.item", "pk": 3}, {"fields": {"material_code": "SL002248", "description": "Laptop bag", "modified": "2015-12-28T11:48:57.301", "unit": 4, "created": "2015-12-28T11:48:57.301"}, "model": "eums.item", "pk": 4}, {"fields": {"material_code": "SL005981", "description": "EXTRA POWER ADAPTER", "modified": "2015-12-28T11:48:57.302", "unit": 5, "created": "2015-12-28T11:48:57.302"}, "model": "eums.item", "pk": 5}, {"fields": {"material_code": "SL002315", "description": "LENOVO USB 2.0 SUPER MULTI-BURNER DRIVE", "modified": "2015-12-28T11:48:57.304", "unit": 6, "created": "2015-12-28T11:48:57.304"}, "model": "eums.item", "pk": 6}, {"fields": {"material_code": "SL004169", "description": "Toner", "modified": "2015-12-28T11:48:57.306", "unit": 7, "created": "2015-12-28T11:48:57.306"}, "model": "eums.item", "pk": 7}, {"fields": {"material_code": "S0782208", "description": "Safety box f.used syrgs/ndls 5lt/BOX-25", "modified": "2015-12-28T11:48:57.307", "unit": 8, "created": "2015-12-28T11:48:57.307"}, "model": "eums.item", "pk": 8}, {"fields": {"material_code": "S0060240", "description": "Therapeutic spread,sachet 92g/CAR-150", "modified": "2015-12-28T11:48:57.309", "unit": 9, "created": "2015-12-28T11:48:57.309"}, "model": "eums.item", "pk": 9}, {"fields": {"material_code": "S1569125", "description": "ReSoMal,42g sachet for 1 litre/CAR-100", "modified": "2015-12-28T11:48:57.310", "unit": 10, "created": "2015-12-28T11:48:57.310"}, "model": "eums.item", "pk": 10}, {"fields": {"material_code": "S0145620", "description": "MUAC,Child 11.5 Red/PAC-50", "modified": "2015-12-28T11:48:57.312", "unit": 11, "created": "2015-12-28T11:48:57.312"}, "model": "eums.item", "pk": 11}, {"fields": {"material_code": "S0700208", "description": "F-75 therap.diet,sachet, 102.5g/CAR-120", "modified": "2015-12-28T11:48:57.314", "unit": 12, "created": "2015-12-28T11:48:57.314"}, "model": "eums.item", "pk": 12}, {"fields": {"material_code": "SL004159", "description": "Toner", "modified": "2015-12-28T11:48:57.315", "unit": 13, "created": "2015-12-28T11:48:57.315"}, "model": "eums.item", "pk": 13}, {"fields": {"material_code": "SL003247", "description": "Printer", "modified": "2015-12-28T11:48:57.317", "unit": 14, "created": "2015-12-28T11:48:57.317"}, "model": "eums.item", "pk": 14}, {"fields": {"material_code": "S9906621", "description": "IEHK2006,kit,basic unit", "modified": "2015-12-28T11:48:57.319", "unit": 15, "created": "2015-12-28T11:48:57.319"}, "model": "eums.item", "pk": 15}, {"fields": {"material_code": "S1906623", "description": "IEHK2006,kit,suppl.1-drugs", "modified": "2015-12-28T11:48:57.321", "unit": 16, "created": "2015-12-28T11:48:57.321"}, "model": "eums.item", "pk": 16}, {"fields": {"material_code": "SL062371", "description": "MAMA KITS, CLEAN DELIVERY KITS", "modified": "2015-12-28T11:48:57.322", "unit": 17, "created": "2015-12-28T11:48:57.322"}, "model": "eums.item", "pk": 17}, {"fields": {"material_code": "S9906623", "description": "IEHK2006,kit,suppl.1-drugs", "modified": "2015-12-28T11:48:57.324", "unit": 18, "created": "2015-12-28T11:48:57.324"}, "model": "eums.item", "pk": 18}, {"fields": {"material_code": "S9901006", "description": "IEHK2011,kit,suppl.1-medicines", "modified": "2015-12-28T11:48:57.326", "unit": 19, "created": "2015-12-28T11:48:57.326"}, "model": "eums.item", "pk": 19}, {"fields": {"material_code": "S0000240", "description": "Therapeutic spread,sachet 92g/CAR-150", "modified": "2015-12-28T11:48:57.327", "unit": 20, "created": "2015-12-28T11:48:57.327"}, "model": "eums.item", "pk": 20}, {"fields": {"material_code": "S0000209", "description": "F-100 therap. diet, sachet,114g/CAR-90", "modified": "2015-12-28T11:48:57.329", "unit": 21, "created": "2015-12-28T11:48:57.329"}, "model": "eums.item", "pk": 21}, {"fields": {"material_code": "S0000208", "description": "F-75 therap.diet,sachet, 102.5g/CAR-120", "modified": "2015-12-28T11:48:57.331", "unit": 22, "created": "2015-12-28T11:48:57.331"}, "model": "eums.item", "pk": 22}, {"fields": {"material_code": "S0114530", "description": "Portable baby/child L-hgt mea.syst/SET-2", "modified": "2015-12-28T11:48:57.332", "unit": 23, "created": "2015-12-28T11:48:57.332"}, "model": "eums.item", "pk": 23}, {"fields": {"material_code": "S0572510", "description": "Blanket,survival,220x140cm (Adult)", "modified": "2015-12-28T11:48:57.334", "unit": 24, "created": "2015-12-28T11:48:57.334"}, "model": "eums.item", "pk": 24}, {"fields": {"material_code": "S0156000", "description": "Sterilizer,steam,39L", "modified": "2015-12-28T11:48:57.336", "unit": 25, "created": "2015-12-28T11:48:57.335"}, "model": "eums.item", "pk": 25}, {"fields": {"material_code": "S0791500", "description": "Vacuum extractor,Bird,manual,comple.set", "modified": "2015-12-28T11:48:57.337", "unit": 26, "created": "2015-12-28T11:48:57.337"}, "model": "eums.item", "pk": 26}, {"fields": {"material_code": "S0004123", "description": "Motor cycles- Yamaha DT125", "modified": "2015-12-28T11:48:57.339", "unit": 27, "created": "2015-12-28T11:48:57.339"}, "model": "eums.item", "pk": 27}, {"fields": {"material_code": "S9906730", "description": "Diarrhoeal Disease Set Packing", "modified": "2015-12-28T11:48:57.340", "unit": 28, "created": "2015-12-28T11:48:57.340"}, "model": "eums.item", "pk": 28}, {"fields": {"material_code": "SL006645", "description": "Round Neck T-Shirts", "modified": "2015-12-28T11:48:57.342", "unit": 29, "created": "2015-12-28T11:48:57.342"}, "model": "eums.item", "pk": 29}, {"fields": {"material_code": "U320000", "description": "PVC Horizontal banner 6m x 2m", "modified": "2015-12-28T11:48:57.344", "unit": 30, "created": "2015-12-28T11:48:57.343"}, "model": "eums.item", "pk": 30}, {"fields": {"material_code": "U320000", "description": "Tear Drops 70cm x265cm, 300cm length to", "modified": "2015-12-28T11:48:57.345", "unit": 31, "created": "2015-12-28T11:48:57.345"}, "model": "eums.item", "pk": 31}, {"fields": {"material_code": "U320000", "description": "Rollup Exhibition Stands (Heavy Wide bas", "modified": "2015-12-28T11:48:57.347", "unit": 32, "created": "2015-12-28T11:48:57.347"}, "model": "eums.item", "pk": 32}, {"fields": {"material_code": "S0000538", "description": "Chlorine 65% - 45 Kg. cartons", "modified": "2015-12-28T11:48:57.349", "unit": 33, "created": "2015-12-28T11:48:57.349"}, "model": "eums.item", "pk": 33}, {"fields": {"material_code": "U320000", "description": "PVC banners", "modified": "2015-12-28T11:48:57.350", "unit": 34, "created": "2015-12-28T11:48:57.350"}, "model": "eums.item", "pk": 34}, {"fields": {"material_code": "SL004594", "description": "Tally sheets printed on A4 Paper", "modified": "2015-12-28T11:48:57.352", "unit": 35, "created": "2015-12-28T11:48:57.352"}, "model": "eums.item", "pk": 35}, {"fields": {"material_code": "SL004594", "description": "Throw Boxes", "modified": "2015-12-28T11:48:57.354", "unit": 36, "created": "2015-12-28T11:48:57.354"}, "model": "eums.item", "pk": 36}, {"fields": {"material_code": "SL004594", "description": "Play Card box", "modified": "2015-12-28T11:48:57.356", "unit": 37, "created": "2015-12-28T11:48:57.356"}, "model": "eums.item", "pk": 37}, {"fields": {"material_code": "SL004594", "description": "Value Cards and Value Card messages box", "modified": "2015-12-28T11:48:57.358", "unit": 38, "created": "2015-12-28T11:48:57.358"}, "model": "eums.item", "pk": 38}, {"fields": {"material_code": "SL004594", "description": "Play card messages box", "modified": "2015-12-28T11:48:57.360", "unit": 39, "created": "2015-12-28T11:48:57.360"}, "model": "eums.item", "pk": 39}, {"fields": {"material_code": "SL004594", "description": "Value cards", "modified": "2015-12-28T11:48:57.362", "unit": 40, "created": "2015-12-28T11:48:57.361"}, "model": "eums.item", "pk": 40}, {"fields": {"material_code": "SL004594", "description": "Value Cards messages", "modified": "2015-12-28T11:48:57.363", "unit": 41, "created": "2015-12-28T11:48:57.363"}, "model": "eums.item", "pk": 41}, {"fields": {"material_code": "SL004594", "description": "Message Booklet-Full colour print,", "modified": "2015-12-28T11:48:57.365", "unit": 42, "created": "2015-12-28T11:48:57.365"}, "model": "eums.item", "pk": 42}, {"fields": {"material_code": "SL004594", "description": "Play Cards", "modified": "2015-12-28T11:48:57.367", "unit": 43, "created": "2015-12-28T11:48:57.367"}, "model": "eums.item", "pk": 43}, {"fields": {"material_code": "SL004594", "description": "Play Card messages", "modified": "2015-12-28T11:48:57.369", "unit": 44, "created": "2015-12-28T11:48:57.369"}, "model": "eums.item", "pk": 44}, {"fields": {"material_code": "U458000", "description": "MIcrosoft windows 7 Proefessional OLP NL", "modified": "2015-12-28T11:48:57.370", "unit": 45, "created": "2015-12-28T11:48:57.370"}, "model": "eums.item", "pk": 45}, {"fields": {"material_code": "SL004775", "description": "Bar Soap 800gm", "modified": "2015-12-28T11:48:57.372", "unit": 46, "created": "2015-12-28T11:48:57.372"}, "model": "eums.item", "pk": 46}, {"fields": {"material_code": "U320000", "description": "Invitation Cards", "modified": "2015-12-28T11:48:57.374", "unit": 47, "created": "2015-12-28T11:48:57.374"}, "model": "eums.item", "pk": 47}, {"fields": {"material_code": "SL004594", "description": "Notebooks", "modified": "2015-12-28T11:48:57.375", "unit": 48, "created": "2015-12-28T11:48:57.375"}, "model": "eums.item", "pk": 48}, {"fields": {"material_code": "SL006645", "description": "Round Neck Tshirts", "modified": "2015-12-28T11:48:57.377", "unit": 49, "created": "2015-12-28T11:48:57.377"}, "model": "eums.item", "pk": 49}, {"fields": {"material_code": "U320000", "description": "PVC Horizontal Banner", "modified": "2015-12-28T11:48:57.378", "unit": 50, "created": "2015-12-28T11:48:57.378"}, "model": "eums.item", "pk": 50}, {"fields": {"material_code": "SL062300", "description": "PVC Horizontal Banner A", "modified": "2015-12-28T11:48:57.380", "unit": 51, "created": "2015-12-28T11:48:57.380"}, "model": "eums.item", "pk": 51}, {"fields": {"material_code": "SL062301", "description": "PVC Horizontal Banner B", "modified": "2015-12-28T11:48:57.381", "unit": 52, "created": "2015-12-28T11:48:57.381"}, "model": "eums.item", "pk": 52}, {"fields": {"material_code": "SL062302", "description": "PVC Horizontal Banner C", "modified": "2015-12-28T11:48:57.383", "unit": 53, "created": "2015-12-28T11:48:57.383"}, "model": "eums.item", "pk": 53}, {"fields": {"material_code": "SL062303", "description": "PVC Horizontal Banner D", "modified": "2015-12-28T11:48:57.384", "unit": 54, "created": "2015-12-28T11:48:57.384"}, "model": "eums.item", "pk": 54}, {"fields": {"material_code": "SL062304", "description": "PVC Horizontal Banner E", "modified": "2015-12-28T11:48:57.386", "unit": 55, "created": "2015-12-28T11:48:57.386"}, "model": "eums.item", "pk": 55}, {"fields": {"material_code": "SL062305", "description": "PVC Horizontal Banner F", "modified": "2015-12-28T11:48:57.388", "unit": 56, "created": "2015-12-28T11:48:57.388"}, "model": "eums.item", "pk": 56}, {"fields": {"material_code": "SL062306", "description": "PVC Horizontal Banner G", "modified": "2015-12-28T11:48:57.389", "unit": 57, "created": "2015-12-28T11:48:57.389"}, "model": "eums.item", "pk": 57}, {"fields": {"material_code": "SL062307", "description": "PVC Horizontal Banner H", "modified": "2015-12-28T11:48:57.391", "unit": 58, "created": "2015-12-28T11:48:57.391"}, "model": "eums.item", "pk": 58}, {"fields": {"material_code": "SL062308", "description": "PVC Horizontal Banner I", "modified": "2015-12-28T11:48:57.393", "unit": 59, "created": "2015-12-28T11:48:57.393"}, "model": "eums.item", "pk": 59}, {"fields": {"material_code": "SL062309", "description": "MIcrosoft windows 7 Proefessional OLP NL A", "modified": "2015-12-28T11:48:57.395", "unit": 60, "created": "2015-12-28T11:48:57.394"}, "model": "eums.item", "pk": 60}, {"fields": {"material_code": "SL062311", "description": "MIcrosoft windows 7 Proefessional OLP NL B", "modified": "2015-12-28T11:48:57.396", "unit": 61, "created": "2015-12-28T11:48:57.396"}, "model": "eums.item", "pk": 61}, {"fields": {"material_code": "SL062312", "description": "MIcrosoft windows 7 Proefessional OLP NL C", "modified": "2015-12-28T11:48:57.398", "unit": 62, "created": "2015-12-28T11:48:57.398"}, "model": "eums.item", "pk": 62}, {"fields": {"material_code": "SL062313", "description": "MIcrosoft windows 7 Proefessional OLP NL D", "modified": "2015-12-28T11:48:57.399", "unit": 63, "created": "2015-12-28T11:48:57.399"}, "model": "eums.item", "pk": 63}, {"fields": {"material_code": "SL062314", "description": "MIcrosoft windows 7 Proefessional OLP NL E", "modified": "2015-12-28T11:48:57.401", "unit": 64, "created": "2015-12-28T11:48:57.401"}, "model": "eums.item", "pk": 64}, {"fields": {"material_code": "SL062315", "description": "MIcrosoft windows 7 Proefessional OLP NL F", "modified": "2015-12-28T11:48:57.402", "unit": 65, "created": "2015-12-28T11:48:57.402"}, "model": "eums.item", "pk": 65}, {"fields": {"material_code": "SL062316", "description": "MIcrosoft windows 7 Proefessional OLP NL G", "modified": "2015-12-28T11:48:57.404", "unit": 66, "created": "2015-12-28T11:48:57.404"}, "model": "eums.item", "pk": 66}, {"fields": {"material_code": "SL062317", "description": "MIcrosoft windows 7 Proefessional OLP NL H", "modified": "2015-12-28T11:48:57.405", "unit": 67, "created": "2015-12-28T11:48:57.405"}, "model": "eums.item", "pk": 67}, {"fields": {"material_code": "SL062318", "description": "MIcrosoft windows 7 Proefessional OLP NL I", "modified": "2015-12-28T11:48:57.407", "unit": 68, "created": "2015-12-28T11:48:57.407"}, "model": "eums.item", "pk": 68}, {"fields": {"material_code": "SL062319", "description": "MIcrosoft windows 7 Proefessional OLP NL J", "modified": "2015-12-28T11:48:57.409", "unit": 69, "created": "2015-12-28T11:48:57.409"}, "model": "eums.item", "pk": 69}, {"fields": {"material_code": "SL062320", "description": "MIcrosoft windows 7 Proefessional OLP NL J", "modified": "2015-12-28T11:48:57.410", "unit": 70, "created": "2015-12-28T11:48:57.410"}, "model": "eums.item", "pk": 70}, {"fields": {"material_code": "SL062321", "description": "Portable baby/child L-hgt mea.syst/SET-2 A", "modified": "2015-12-28T11:48:57.412", "unit": 71, "created": "2015-12-28T11:48:57.412"}, "model": "eums.item", "pk": 71}, {"fields": {"material_code": "SL062322", "description": "Portable baby/child L-hgt mea.syst/SET-2 B", "modified": "2015-12-28T11:48:57.413", "unit": 72, "created": "2015-12-28T11:48:57.413"}, "model": "eums.item", "pk": 72}, {"fields": {"material_code": "SL062323", "description": "Portable baby/child L-hgt mea.syst/SET-2 C", "modified": "2015-12-28T11:48:57.415", "unit": 73, "created": "2015-12-28T11:48:57.415"}, "model": "eums.item", "pk": 73}, {"fields": {"material_code": "SL062324", "description": "Portable baby/child L-hgt mea.syst/SET-2 D", "modified": "2015-12-28T11:48:57.416", "unit": 74, "created": "2015-12-28T11:48:57.416"}, "model": "eums.item", "pk": 74}, {"fields": {"material_code": "SL062325", "description": "Portable baby/child L-hgt mea.syst/SET-2 E", "modified": "2015-12-28T11:48:57.418", "unit": 75, "created": "2015-12-28T11:48:57.418"}, "model": "eums.item", "pk": 75}, {"fields": {"material_code": "SL062326", "description": "Portable baby/child L-hgt mea.syst/SET-2 F", "modified": "2015-12-28T11:48:57.420", "unit": 76, "created": "2015-12-28T11:48:57.420"}, "model": "eums.item", "pk": 76}, {"fields": {"material_code": "SL062327", "description": "Portable baby/child L-hgt mea.syst/SET-2 G", "modified": "2015-12-28T11:48:57.421", "unit": 77, "created": "2015-12-28T11:48:57.421"}, "model": "eums.item", "pk": 77}, {"fields": {"material_code": "SL062328", "description": "Portable baby/child L-hgt mea.syst/SET-2 H", "modified": "2015-12-28T11:48:57.423", "unit": 78, "created": "2015-12-28T11:48:57.423"}, "model": "eums.item", "pk": 78}, {"fields": {"material_code": "SL062329", "description": "Portable baby/child L-hgt mea.syst/SET-2 I", "modified": "2015-12-28T11:48:57.425", "unit": 79, "created": "2015-12-28T11:48:57.425"}, "model": "eums.item", "pk": 79}, {"fields": {"material_code": "SL062330", "description": "Safety box f.used syrgs/ndls 5lt/BOX-25 A", "modified": "2015-12-28T11:48:57.426", "unit": 80, "created": "2015-12-28T11:48:57.426"}, "model": "eums.item", "pk": 80}, {"fields": {"material_code": "SL062331", "description": "Safety box f.used syrgs/ndls 5lt/BOX-25 B", "modified": "2015-12-28T11:48:57.428", "unit": 81, "created": "2015-12-28T11:48:57.428"}, "model": "eums.item", "pk": 81}, {"fields": {"material_code": "SL062332", "description": "Safety box f.used syrgs/ndls 5lt/BOX-25 C", "modified": "2015-12-28T11:48:57.430", "unit": 82, "created": "2015-12-28T11:48:57.430"}, "model": "eums.item", "pk": 82}, {"fields": {"material_code": "SL062333", "description": "Safety box f.used syrgs/ndls 5lt/BOX-25 D", "modified": "2015-12-28T11:48:57.431", "unit": 83, "created": "2015-12-28T11:48:57.431"}, "model": "eums.item", "pk": 83}, {"fields": {"material_code": "SL062334", "description": "Safety box f.used syrgs/ndls 5lt/BOX-25 E", "modified": "2015-12-28T11:48:57.433", "unit": 84, "created": "2015-12-28T11:48:57.433"}, "model": "eums.item", "pk": 84}, {"fields": {"material_code": "SL062335", "description": "Safety box f.used syrgs/ndls 5lt/BOX-25 F", "modified": "2015-12-28T11:48:57.435", "unit": 85, "created": "2015-12-28T11:48:57.435"}, "model": "eums.item", "pk": 85}, {"fields": {"material_code": "Code 86", "description": "Item 86", "modified": "2015-12-28T11:48:58.145", "unit": 86, "created": "2015-12-28T11:48:58.145"}, "model": "eums.item", "pk": 86}, {"fields": {"material_code": "Code 87", "description": "Item 87", "modified": "2015-12-28T11:48:58.150", "unit": 87, "created": "2015-12-28T11:48:58.150"}, "model": "eums.item", "pk": 87}, {"fields": {"material_code": "Code 88", "description": "Item 88", "modified": "2015-12-28T11:48:58.154", "unit": 88, "created": "2015-12-28T11:48:58.153"}, "model": "eums.item", "pk": 88}, {"fields": {"material_code": "Code 89", "description": "Item 89", "modified": "2015-12-28T11:48:58.157", "unit": 89, "created": "2015-12-28T11:48:58.157"}, "model": "eums.item", "pk": 89}, {"fields": {"material_code": "Code 90", "description": "Item 90", "modified": "2015-12-28T11:48:58.161", "unit": 90, "created": "2015-12-28T11:48:58.161"}, "model": "eums.item", "pk": 90}, {"fields": {"material_code": "Code 91", "description": "Item 91", "modified": "2015-12-28T11:48:58.165", "unit": 91, "created": "2015-12-28T11:48:58.165"}, "model": "eums.item", "pk": 91}, {"fields": {"material_code": "Code 92", "description": "Item 92", "modified": "2015-12-28T11:48:58.169", "unit": 92, "created": "2015-12-28T11:48:58.169"}, "model": "eums.item", "pk": 92}, {"fields": {"material_code": "Code 93", "description": "Item 93", "modified": "2015-12-28T11:48:58.173", "unit": 93, "created": "2015-12-28T11:48:58.173"}, "model": "eums.item", "pk": 93}, {"fields": {"material_code": "Code 94", "description": "Item 94", "modified": "2015-12-28T11:48:58.176", "unit": 94, "created": "2015-12-28T11:48:58.176"}, "model": "eums.item", "pk": 94}, {"fields": {"material_code": "Code 95", "description": "Item 95", "modified": "2015-12-28T11:48:58.180", "unit": 95, "created": "2015-12-28T11:48:58.180"}, "model": "eums.item", "pk": 95}, {"fields": {"material_code": "Code 96", "description": "Item 96", "modified": "2015-12-28T11:48:58.184", "unit": 96, "created": "2015-12-28T11:48:58.184"}, "model": "eums.item", "pk": 96}, {"fields": {"material_code": "Code 97", "description": "Item 97", "modified": "2015-12-28T11:48:58.188", "unit": 97, "created": "2015-12-28T11:48:58.188"}, "model": "eums.item", "pk": 97}, {"fields": {"material_code": "Code 98", "description": "Item 98", "modified": "2015-12-28T11:48:58.191", "unit": 98, "created": "2015-12-28T11:48:58.191"}, "model": "eums.item", "pk": 98}, {"fields": {"material_code": "Code 99", "description": "Item 99", "modified": "2015-12-28T11:48:58.195", "unit": 99, "created": "2015-12-28T11:48:58.195"}, "model": "eums.item", "pk": 99}, {"fields": {"material_code": "Code 100", "description": "Item 100", "modified": "2015-12-28T11:48:58.199", "unit": 100, "created": "2015-12-28T11:48:58.199"}, "model": "eums.item", "pk": 100}, {"fields": {"material_code": "Code 101", "description": "Item 101", "modified": "2015-12-28T11:48:58.202", "unit": 101, "created": "2015-12-28T11:48:58.202"}, "model": "eums.item", "pk": 101}, {"fields": {"material_code": "Code 102", "description": "Item 102", "modified": "2015-12-28T11:48:58.206", "unit": 102, "created": "2015-12-28T11:48:58.206"}, "model": "eums.item", "pk": 102}, {"fields": {"material_code": "Code 103", "description": "Item 103", "modified": "2015-12-28T11:48:58.210", "unit": 103, "created": "2015-12-28T11:48:58.210"}, "model": "eums.item", "pk": 103}, {"fields": {"material_code": "Code 104", "description": "Item 104", "modified": "2015-12-28T11:48:58.213", "unit": 104, "created": "2015-12-28T11:48:58.213"}, "model": "eums.item", "pk": 104}, {"fields": {"material_code": "Code 105", "description": "Item 105", "modified": "2015-12-28T11:48:58.217", "unit": 105, "created": "2015-12-28T11:48:58.217"}, "model": "eums.item", "pk": 105}, {"fields": {"material_code": "Code 106", "description": "Item 106", "modified": "2015-12-28T11:48:58.221", "unit": 106, "created": "2015-12-28T11:48:58.221"}, "model": "eums.item", "pk": 106}, {"fields": {"material_code": "Code 107", "description": "Item 107", "modified": "2015-12-28T11:48:58.224", "unit": 107, "created": "2015-12-28T11:48:58.224"}, "model": "eums.item", "pk": 107}, {"fields": {"material_code": "Code 108", "description": "Item 108", "modified": "2015-12-28T11:48:58.228", "unit": 108, "created": "2015-12-28T11:48:58.228"}, "model": "eums.item", "pk": 108}, {"fields": {"material_code": "Code 109", "description": "Item 109", "modified": "2015-12-28T11:48:58.232", "unit": 109, "created": "2015-12-28T11:48:58.231"}, "model": "eums.item", "pk": 109}, {"fields": {"material_code": "Code 110", "description": "Item 110", "modified": "2015-12-28T11:48:58.235", "unit": 110, "created": "2015-12-28T11:48:58.235"}, "model": "eums.item", "pk": 110}, {"fields": {"material_code": "Code 111", "description": "Item 111", "modified": "2015-12-28T11:48:58.239", "unit": 111, "created": "2015-12-28T11:48:58.239"}, "model": "eums.item", "pk": 111}, {"fields": {"material_code": "Code 112", "description": "Item 112", "modified": "2015-12-28T11:48:58.243", "unit": 112, "created": "2015-12-28T11:48:58.243"}, "model": "eums.item", "pk": 112}, {"fields": {"material_code": "Code 113", "description": "Item 113", "modified": "2015-12-28T11:48:58.247", "unit": 113, "created": "2015-12-28T11:48:58.247"}, "model": "eums.item", "pk": 113}, {"fields": {"material_code": "Code 114", "description": "Item 114", "modified": "2015-12-28T11:48:58.251", "unit": 114, "created": "2015-12-28T11:48:58.250"}, "model": "eums.item", "pk": 114}, {"fields": {"material_code": "Code 115", "description": "Item 115", "modified": "2015-12-28T11:48:58.254", "unit": 115, "created": "2015-12-28T11:48:58.254"}, "model": "eums.item", "pk": 115}, {"fields": {"material_code": "Code 116", "description": "Item 116", "modified": "2015-12-28T11:48:58.258", "unit": 116, "created": "2015-12-28T11:48:58.258"}, "model": "eums.item", "pk": 116}, {"fields": {"material_code": "Code 117", "description": "Item 117", "modified": "2015-12-28T11:48:58.261", "unit": 117, "created": "2015-12-28T11:48:58.261"}, "model": "eums.item", "pk": 117}, {"fields": {"material_code": "Code 118", "description": "Item 118", "modified": "2015-12-28T11:48:58.265", "unit": 118, "created": "2015-12-28T11:48:58.265"}, "model": "eums.item", "pk": 118}, {"fields": {"material_code": "Code 119", "description": "Item 119", "modified": "2015-12-28T11:48:58.269", "unit": 119, "created": "2015-12-28T11:48:58.269"}, "model": "eums.item", "pk": 119}, {"fields": {"material_code": "Code 120", "description": "Item 120", "modified": "2015-12-28T11:48:58.272", "unit": 120, "created": "2015-12-28T11:48:58.272"}, "model": "eums.item", "pk": 120}, {"fields": {"material_code": "Code 121", "description": "Item 121", "modified": "2015-12-28T11:48:58.276", "unit": 121, "created": "2015-12-28T11:48:58.276"}, "model": "eums.item", "pk": 121}, {"fields": {"material_code": "Code 122", "description": "Item 122", "modified": "2015-12-28T11:48:58.280", "unit": 122, "created": "2015-12-28T11:48:58.280"}, "model": "eums.item", "pk": 122}, {"fields": {"material_code": "Code 123", "description": "Item 123", "modified": "2015-12-28T11:48:58.284", "unit": 123, "created": "2015-12-28T11:48:58.284"}, "model": "eums.item", "pk": 123}, {"fields": {"material_code": "Code 124", "description": "Item 124", "modified": "2015-12-28T11:48:58.287", "unit": 124, "created": "2015-12-28T11:48:58.287"}, "model": "eums.item", "pk": 124}, {"fields": {"material_code": "Code 125", "description": "Item 125", "modified": "2015-12-28T11:48:58.291", "unit": 125, "created": "2015-12-28T11:48:58.291"}, "model": "eums.item", "pk": 125}, {"fields": {"material_code": "Code 126", "description": "Item 126", "modified": "2015-12-28T11:48:58.295", "unit": 126, "created": "2015-12-28T11:48:58.295"}, "model": "eums.item", "pk": 126}, {"fields": {"material_code": "Code 127", "description": "Item 127", "modified": "2015-12-28T11:48:58.299", "unit": 127, "created": "2015-12-28T11:48:58.299"}, "model": "eums.item", "pk": 127}, {"fields": {"material_code": "Code 128", "description": "Item 128", "modified": "2015-12-28T11:48:58.302", "unit": 128, "created": "2015-12-28T11:48:58.302"}, "model": "eums.item", "pk": 128}, {"fields": {"material_code": "Code 129", "description": "Item 129", "modified": "2015-12-28T11:48:58.306", "unit": 129, "created": "2015-12-28T11:48:58.306"}, "model": "eums.item", "pk": 129}, {"fields": {"material_code": "Code 130", "description": "Item 130", "modified": "2015-12-28T11:48:58.309", "unit": 130, "created": "2015-12-28T11:48:58.309"}, "model": "eums.item", "pk": 130}, {"fields": {"material_code": "Code 131", "description": "Item 131", "modified": "2015-12-28T11:48:58.313", "unit": 131, "created": "2015-12-28T11:48:58.313"}, "model": "eums.item", "pk": 131}, {"fields": {"material_code": "Code 132", "description": "Item 132", "modified": "2015-12-28T11:48:58.317", "unit": 132, "created": "2015-12-28T11:48:58.317"}, "model": "eums.item", "pk": 132}, {"fields": {"material_code": "Code 133", "description": "Item 133", "modified": "2015-12-28T11:48:58.320", "unit": 133, "created": "2015-12-28T11:48:58.320"}, "model": "eums.item", "pk": 133}, {"fields": {"material_code": "Code 134", "description": "Item 134", "modified": "2015-12-28T11:48:58.324", "unit": 134, "created": "2015-12-28T11:48:58.324"}, "model": "eums.item", "pk": 134}, {"fields": {"material_code": "Code 135", "description": "Item 135", "modified": "2015-12-28T11:48:58.328", "unit": 135, "created": "2015-12-28T11:48:58.328"}, "model": "eums.item", "pk": 135}, {"fields": {"material_code": "Code 136", "description": "Item 136", "modified": "2015-12-28T11:48:58.332", "unit": 136, "created": "2015-12-28T11:48:58.332"}, "model": "eums.item", "pk": 136}, {"fields": {"material_code": "Code 137", "description": "Item 137", "modified": "2015-12-28T11:48:58.335", "unit": 137, "created": "2015-12-28T11:48:58.335"}, "model": "eums.item", "pk": 137}, {"fields": {"material_code": "Code 138", "description": "Item 138", "modified": "2015-12-28T11:48:58.339", "unit": 138, "created": "2015-12-28T11:48:58.339"}, "model": "eums.item", "pk": 138}, {"fields": {"material_code": "Code 139", "description": "Item 139", "modified": "2015-12-28T11:48:58.343", "unit": 139, "created": "2015-12-28T11:48:58.343"}, "model": "eums.item", "pk": 139}, {"fields": {"material_code": "Code 140", "description": "Item 140", "modified": "2015-12-28T11:48:58.347", "unit": 140, "created": "2015-12-28T11:48:58.347"}, "model": "eums.item", "pk": 140}, {"fields": {"material_code": "Code 141", "description": "Item 141", "modified": "2015-12-28T11:48:58.351", "unit": 141, "created": "2015-12-28T11:48:58.351"}, "model": "eums.item", "pk": 141}, {"fields": {"end_nodes": "[[4, 6], [4, 7], [4, 8], [4, 9], [5, 11], [6, 15], [7, -1], [8, -1]]", "label": "END_USER"}, "model": "eums.flow", "pk": 1}, {"fields": {"end_nodes": "[[9, 18], [13, -1]]", "label": "IMPLEMENTING_PARTNER"}, "model": "eums.flow", "pk": 2}, {"fields": {"end_nodes": "[[16, 30], [16, 31], [16, 32], [16, 33], [17, 35], [18, -1]]", "label": "WEB"}, "model": "eums.flow", "pk": 3}, {"fields": {"end_nodes": "[[21, -1], [22, 42], [23, -1]]", "label": "MIDDLE_MAN"}, "model": "eums.flow", "pk": 4}, {"fields": {"distribution_plan": 1, "tree_position": "IMPLEMENTING_PARTNER", "acknowledged": 0, "additional_remarks": null, "item": 226, "balance": 0, "programme": 1}, "model": "eums.distributionplannode", "pk": 9}, {"fields": {"distribution_plan": 2, "tree_position": "IMPLEMENTING_PARTNER", "acknowledged": 1, "additional_remarks": null, "item": 226, "balance": 1, "programme": 1}, "model": "eums.distributionplannode", "pk": 10}, {"fields": {"distribution_plan": 3, "tree_position": "IMPLEMENTING_PARTNER", "acknowledged": 0, "additional_remarks": null, "item": 226, "balance": 0, "programme": 1}, "model": "eums.distributionplannode", "pk": 11}, {"fields": {"distribution_plan": 4, "tree_position": "IMPLEMENTING_PARTNER", "acknowledged": 0, "additional_remarks": null, "item": 226, "balance": 0, "programme": 1}, "model": "eums.distributionplannode", "pk": 12}, {"fields": {"distribution_plan": 5, "tree_position": "IMPLEMENTING_PARTNER", "acknowledged": 0, "additional_remarks": null, "item": 226, "balance": 0, "programme": 1}, "model": "eums.distributionplannode", "pk": 13}, {"fields": {"distribution_plan": 6, "tree_position": "IMPLEMENTING_PARTNER", "acknowledged": 0, "additional_remarks": null, "item": 226, "balance": 0, "programme": 1}, "model": "eums.distributionplannode", "pk": 14}, {"fields": {"distribution_plan": 7, "tree_position": "IMPLEMENTING_PARTNER", "acknowledged": 0, "additional_remarks": null, "item": 226, "balance": 0, "programme": 1}, "model": "eums.distributionplannode", "pk": 15}, {"fields": {"distribution_plan": 8, "tree_position": "IMPLEMENTING_PARTNER", "acknowledged": 0, "additional_remarks": null, "item": 226, "balance": 0, "programme": 1}, "model": "eums.distributionplannode", "pk": 16}, {"fields": {"distribution_plan": 17, "tree_position": "IMPLEMENTING_PARTNER", "acknowledged": 1, "additional_remarks": null, "item": 241, "balance": 1, "programme": 4}, "model": "eums.distributionplannode", "pk": 18}, {"fields": {"distribution_plan": 19, "tree_position": "IMPLEMENTING_PARTNER", "acknowledged": 0, "additional_remarks": null, "item": 244, "balance": 0, "programme": 1}, "model": "eums.distributionplannode", "pk": 20}, {"fields": {"distribution_plan": 19, "tree_position": "IMPLEMENTING_PARTNER", "acknowledged": 0, "additional_remarks": null, "item": 249, "balance": 0, "programme": 1}, "model": "eums.distributionplannode", "pk": 21}, {"fields": {"distribution_plan": 19, "tree_position": "IMPLEMENTING_PARTNER", "acknowledged": 0, "additional_remarks": null, "item": 248, "balance": 0, "programme": 1}, "model": "eums.distributionplannode", "pk": 22}, {"fields": {"distribution_plan": 23, "tree_position": "IMPLEMENTING_PARTNER", "acknowledged": 0, "additional_remarks": null, "item": 306, "balance": 0, "programme": 5}, "model": "eums.distributionplannode", "pk": 26}, {"fields": {"distribution_plan": 24, "tree_position": "IMPLEMENTING_PARTNER", "acknowledged": 0, "additional_remarks": null, "item": 306, "balance": 0, "programme": 5}, "model": "eums.distributionplannode", "pk": 27}, {"fields": {"distribution_plan": 25, "tree_position": "IMPLEMENTING_PARTNER", "acknowledged": 9, "additional_remarks": null, "item": 306, "balance": 4, "programme": 5}, "model": "eums.distributionplannode", "pk": 28}, {"fields": {"distribution_plan": 29, "tree_position": "IMPLEMENTING_PARTNER", "acknowledged": 1, "additional_remarks": null, "item": 262, "balance": 1, "programme": 1}, "model": "eums.distributionplannode", "pk": 39}, {"fields": {"distribution_plan": 30, "tree_position": "IMPLEMENTING_PARTNER", "acknowledged": 2, "additional_remarks": null, "item": 262, "balance": 0, "programme": 1}, "model": "eums.distributionplannode", "pk": 40}, {"fields": {"distribution_plan": 31, "tree_position": "IMPLEMENTING_PARTNER", "acknowledged": 0, "additional_remarks": null, "item": 262, "balance": 0, "programme": 1}, "model": "eums.distributionplannode", "pk": 41}, {"fields": {"distribution_plan": 32, "tree_position": "IMPLEMENTING_PARTNER", "acknowledged": 2, "additional_remarks": null, "item": 262, "balance": 1, "programme": 1}, "model": "eums.distributionplannode", "pk": 42}, {"fields": {"distribution_plan": 33, "tree_position": "IMPLEMENTING_PARTNER", "acknowledged": 1, "additional_remarks": null, "item": 262, "balance": 0, "programme": 1}, "model": "eums.distributionplannode", "pk": 43}, {"fields": {"distribution_plan": 34, "tree_position": "IMPLEMENTING_PARTNER", "acknowledged": 2, "additional_remarks": null, "item": 262, "balance": 0, "programme": 1}, "model": "eums.distributionplannode", "pk": 44}, {"fields": {"distribution_plan": 35, "tree_position": "IMPLEMENTING_PARTNER", "acknowledged": 0, "additional_remarks": null, "item": 262, "balance": 0, "programme": 1}, "model": "eums.distributionplannode", "pk": 45}, {"fields": {"distribution_plan": 36, "tree_position": "IMPLEMENTING_PARTNER", "acknowledged": 2, "additional_remarks": null, "item": 262, "balance": 1, "programme": 1}, "model": "eums.distributionplannode", "pk": 46}, {"fields": {"distribution_plan": 37, "tree_position": "IMPLEMENTING_PARTNER", "acknowledged": 0, "additional_remarks": null, "item": 262, "balance": 0, "programme": 1}, "model": "eums.distributionplannode", "pk": 47}, {"fields": {"distribution_plan": 38, "tree_position": "IMPLEMENTING_PARTNER", "acknowledged": 2, "additional_remarks": null, "item": 262, "balance": 1, "programme": 1}, "model": "eums.distributionplannode", "pk": 48}, {"fields": {"distribution_plan": 49, "tree_position": "IMPLEMENTING_PARTNER", "acknowledged": 0, "additional_remarks": null, "item": 374, "balance": 0, "programme": 1}, "model": "eums.distributionplannode", "pk": 50}, {"fields": {"distribution_plan": 51, "tree_position": "IMPLEMENTING_PARTNER", "acknowledged": 10, "additional_remarks": null, "item": 240, "balance": 10, "programme": 3}, "model": "eums.distributionplannode", "pk": 52}, {"fields": {"distribution_plan": 51, "tree_position": "IMPLEMENTING_PARTNER", "acknowledged": 5, "additional_remarks": null, "item": 256, "balance": 5, "programme": 3}, "model": "eums.distributionplannode", "pk": 53}, {"fields": {"distribution_plan": 51, "tree_position": "IMPLEMENTING_PARTNER", "acknowledged": 2, "additional_remarks": null, "item": 257, "balance": 2, "programme": 3}, "model": "eums.distributionplannode", "pk": 54}, {"fields": {"distribution_plan": 36, "tree_position": "END_USER", "acknowledged": 0, "additional_remarks": null, "item": 262, "balance": 1, "programme": 1}, "model": "eums.distributionplannode", "pk": 55}, {"fields": {"distribution_plan": 33, "tree_position": "END_USER", "acknowledged": 0, "additional_remarks": null, "item": 262, "balance": 1, "programme": 1}, "model": "eums.distributionplannode", "pk": 56}, {"fields": {"distribution_plan": 34, "tree_position": "END_USER", "acknowledged": 0, "additional_remarks": null, "item": 262, "balance": 1, "programme": 1}, "model": "eums.distributionplannode", "pk": 57}, {"fields": {"distribution_plan": 32, "tree_position": "END_USER", "acknowledged": 0, "additional_remarks": null, "item": 262, "balance": 1, "programme": 1}, "model": "eums.distributionplannode", "pk": 58}, {"fields": {"distribution_plan": 30, "tree_position": "END_USER", "acknowledged": 0, "additional_remarks": null, "item": 262, "balance": 1, "programme": 1}, "model": "eums.distributionplannode", "pk": 59}, {"fields": {"distribution_plan": 38, "tree_position": "END_USER", "acknowledged": 0, "additional_remarks": null, "item": 262, "balance": 1, "programme": 1}, "model": "eums.distributionplannode", "pk": 60}, {"fields": {"distribution_plan": 30, "tree_position": "END_USER", "acknowledged": 0, "additional_remarks": null, "item": 262, "balance": 1, "programme": 1}, "model": "eums.distributionplannode", "pk": 61}, {"fields": {"distribution_plan": 34, "tree_position": "END_USER", "acknowledged": 0, "additional_remarks": null, "item": 262, "balance": 1, "programme": 1}, "model": "eums.distributionplannode", "pk": 65}, {"fields": {"distribution_plan": 25, "tree_position": "END_USER", "acknowledged": 0, "additional_remarks": null, "item": 306, "balance": 5, "programme": 5}, "model": "eums.distributionplannode", "pk": 66}, {"fields": {"distribution_plan": 67, "tree_position": "IMPLEMENTING_PARTNER", "acknowledged": 0, "additional_remarks": null, "item": 375, "balance": 0, "programme": 2}, "model": "eums.distributionplannode", "pk": 68}, {"fields": {"distribution_plan": 69, "tree_position": "IMPLEMENTING_PARTNER", "acknowledged": 0, "additional_remarks": null, "item": 227, "balance": 0, "programme": 2}, "model": "eums.distributionplannode", "pk": 70}, {"fields": {"item": 66, "consignee": 1, "amount_received": 1, "deliveries": "[10]"}, "model": "eums.consigneeitem", "pk": 1}, {"fields": {"item": 81, "consignee": 1, "amount_received": 1, "deliveries": "[18]"}, "model": "eums.consigneeitem", "pk": 2}, {"fields": {"item": 18, "consignee": 1, "amount_received": 12, "deliveries": "[39, 40, 42, 43, 44, 46, 48]"}, "model": "eums.consigneeitem", "pk": 3}, {"fields": {"item": 12, "consignee": 1, "amount_received": 14, "deliveries": "[28, 53]"}, "model": "eums.consigneeitem", "pk": 4}, {"fields": {"item": 13, "consignee": 1, "amount_received": 2, "deliveries": "[54]"}, "model": "eums.consigneeitem", "pk": 5}, {"fields": {"item": 80, "consignee": 1, "amount_received": 10, "deliveries": "[52]"}, "model": "eums.consigneeitem", "pk": 6}, {"fields": {"run": 2, "created": "2015-12-30T09:43:55.133", "question": 10, "modified": "2015-12-30T09:43:55.133", "value": "2015-12-20T16:00:00.000Z", "date_created": "2015-12-30T09:43:55.133"}, "model": "eums.textanswer", "pk": 1}, {"fields": {"run": 2, "created": "2015-12-30T09:43:55.154", "question": 13, "modified": "2015-12-30T09:43:55.154", "value": "all good", "date_created": "2015-12-30T09:43:55.154"}, "model": "eums.textanswer", "pk": 2}, {"fields": {"run": 3, "created": "2015-12-30T09:43:58.312", "question": 18, "modified": "2015-12-30T09:43:58.312", "value": "", "date_created": "2015-12-30T09:43:58.311"}, "model": "eums.textanswer", "pk": 3}, {"fields": {"run": 12, "created": "2015-12-30T09:47:39.692", "question": 10, "modified": "2015-12-30T09:47:39.692", "value": "2015-12-02T16:00:00.000Z", "date_created": "2015-12-30T09:47:39.692"}, "model": "eums.textanswer", "pk": 4}, {"fields": {"run": 12, "created": "2015-12-30T09:47:39.714", "question": 13, "modified": "2015-12-30T09:47:39.714", "value": "broken", "date_created": "2015-12-30T09:47:39.714"}, "model": "eums.textanswer", "pk": 5}, {"fields": {"run": 14, "created": "2015-12-30T09:47:49.892", "question": 18, "modified": "2015-12-30T09:47:49.892", "value": "", "date_created": "2015-12-30T09:47:49.892"}, "model": "eums.textanswer", "pk": 6}, {"fields": {"run": 17, "created": "2015-12-30T09:48:08.834", "question": 10, "modified": "2015-12-30T09:48:08.834", "value": "2015-12-23T16:00:00.000Z", "date_created": "2015-12-30T09:48:08.834"}, "model": "eums.textanswer", "pk": 7}, {"fields": {"run": 17, "created": "2015-12-30T09:48:08.853", "question": 13, "modified": "2015-12-30T09:48:08.853", "value": "broken", "date_created": "2015-12-30T09:48:08.853"}, "model": "eums.textanswer", "pk": 8}, {"fields": {"run": 18, "created": "2015-12-30T09:48:17.420", "question": 18, "modified": "2015-12-30T09:48:17.420", "value": "", "date_created": "2015-12-30T09:48:17.420"}, "model": "eums.textanswer", "pk": 9}, {"fields": {"run": 22, "created": "2015-12-30T09:48:41.175", "question": 10, "modified": "2015-12-30T09:48:41.175", "value": "2015-12-20T16:00:00.000Z", "date_created": "2015-12-30T09:48:41.175"}, "model": "eums.textanswer", "pk": 10}, {"fields": {"run": 22, "created": "2015-12-30T09:48:41.195", "question": 13, "modified": "2015-12-30T09:48:41.195", "value": "just half of it", "date_created": "2015-12-30T09:48:41.195"}, "model": "eums.textanswer", "pk": 11}, {"fields": {"run": 23, "created": "2015-12-30T09:48:46.106", "question": 18, "modified": "2015-12-30T09:48:46.106", "value": "", "date_created": "2015-12-30T09:48:46.106"}, "model": "eums.textanswer", "pk": 12}, {"fields": {"run": 24, "created": "2015-12-30T09:49:12.371", "question": 10, "modified": "2015-12-30T09:49:12.371", "value": "2015-12-05T16:00:00.000Z", "date_created": "2015-12-30T09:49:12.371"}, "model": "eums.textanswer", "pk": 13}, {"fields": {"run": 24, "created": "2015-12-30T09:49:12.391", "question": 13, "modified": "2015-12-30T09:49:12.391", "value": "Bad", "date_created": "2015-12-30T09:49:12.391"}, "model": "eums.textanswer", "pk": 14}, {"fields": {"run": 25, "created": "2015-12-30T09:49:20.955", "question": 18, "modified": "2015-12-30T09:49:20.955", "value": "", "date_created": "2015-12-30T09:49:20.955"}, "model": "eums.textanswer", "pk": 15}, {"fields": {"run": 26, "created": "2015-12-30T09:49:42.306", "question": 10, "modified": "2015-12-30T09:49:42.306", "value": "2015-12-05T16:00:00.000Z", "date_created": "2015-12-30T09:49:42.305"}, "model": "eums.textanswer", "pk": 16}, {"fields": {"run": 26, "created": "2015-12-30T09:49:42.326", "question": 13, "modified": "2015-12-30T09:49:42.326", "value": "Bad", "date_created": "2015-12-30T09:49:42.326"}, "model": "eums.textanswer", "pk": 17}, {"fields": {"run": 27, "created": "2015-12-30T09:49:48.590", "question": 18, "modified": "2015-12-30T09:49:48.590", "value": "", "date_created": "2015-12-30T09:49:48.590"}, "model": "eums.textanswer", "pk": 18}, {"fields": {"run": 28, "created": "2015-12-30T09:51:21.350", "question": 10, "modified": "2015-12-30T09:51:21.350", "value": "2015-12-05T16:00:00.000Z", "date_created": "2015-12-30T09:51:21.350"}, "model": "eums.textanswer", "pk": 19}, {"fields": {"run": 28, "created": "2015-12-30T09:51:21.370", "question": 13, "modified": "2015-12-30T09:51:21.370", "value": "Bad", "date_created": "2015-12-30T09:51:21.370"}, "model": "eums.textanswer", "pk": 20}, {"fields": {"run": 29, "created": "2015-12-30T09:51:27.116", "question": 18, "modified": "2015-12-30T09:51:27.116", "value": "", "date_created": "2015-12-30T09:51:27.116"}, "model": "eums.textanswer", "pk": 21}, {"fields": {"run": 31, "created": "2015-12-30T09:52:19.529", "question": 10, "modified": "2015-12-30T09:52:19.529", "value": "2015-12-09T16:00:00.000Z", "date_created": "2015-12-30T09:52:19.529"}, "model": "eums.textanswer", "pk": 22}, {"fields": {"run": 31, "created": "2015-12-30T09:52:19.550", "question": 13, "modified": "2015-12-30T09:52:19.550", "value": "Good", "date_created": "2015-12-30T09:52:19.550"}, "model": "eums.textanswer", "pk": 23}, {"fields": {"run": 32, "created": "2015-12-30T09:52:24.562", "question": 18, "modified": "2015-12-30T09:52:24.562", "value": "", "date_created": "2015-12-30T09:52:24.562"}, "model": "eums.textanswer", "pk": 24}, {"fields": {"run": 33, "created": "2015-12-30T09:52:42.927", "question": 10, "modified": "2015-12-30T09:52:42.927", "value": "2015-12-09T16:00:00.000Z", "date_created": "2015-12-30T09:52:42.927"}, "model": "eums.textanswer", "pk": 25}, {"fields": {"run": 33, "created": "2015-12-30T09:52:42.946", "question": 13, "modified": "2015-12-30T09:52:42.947", "value": "Good", "date_created": "2015-12-30T09:52:42.946"}, "model": "eums.textanswer", "pk": 26}, {"fields": {"run": 34, "created": "2015-12-30T09:52:46.498", "question": 18, "modified": "2015-12-30T09:52:46.498", "value": "", "date_created": "2015-12-30T09:52:46.498"}, "model": "eums.textanswer", "pk": 27}, {"fields": {"run": 35, "created": "2015-12-30T09:53:04.099", "question": 10, "modified": "2015-12-30T09:53:04.099", "value": "2015-12-09T16:00:00.000Z", "date_created": "2015-12-30T09:53:04.099"}, "model": "eums.textanswer", "pk": 28}, {"fields": {"run": 35, "created": "2015-12-30T09:53:04.120", "question": 13, "modified": "2015-12-30T09:53:04.120", "value": "Good", "date_created": "2015-12-30T09:53:04.119"}, "model": "eums.textanswer", "pk": 29}, {"fields": {"run": 36, "created": "2015-12-30T09:53:07.546", "question": 18, "modified": "2015-12-30T09:53:07.546", "value": "", "date_created": "2015-12-30T09:53:07.546"}, "model": "eums.textanswer", "pk": 30}, {"fields": {"run": 38, "created": "2015-12-30T10:21:13.168", "question": 10, "modified": "2015-12-30T10:21:13.168", "value": "2015-12-29T21:00:00.000Z", "date_created": "2015-12-30T10:21:13.168"}, "model": "eums.textanswer", "pk": 31}, {"fields": {"run": 38, "created": "2015-12-30T10:21:13.188", "question": 13, "modified": "2015-12-30T10:21:13.188", "value": "", "date_created": "2015-12-30T10:21:13.188"}, "model": "eums.textanswer", "pk": 32}, {"fields": {"run": 39, "created": "2015-12-30T10:22:05.007", "question": 10, "modified": "2015-12-30T10:22:05.007", "value": "2015-12-28T21:00:00.000Z", "date_created": "2015-12-30T10:22:05.006"}, "model": "eums.textanswer", "pk": 33}, {"fields": {"run": 39, "created": "2015-12-30T10:22:05.031", "question": 13, "modified": "2015-12-30T10:22:05.031", "value": "", "date_created": "2015-12-30T10:22:05.031"}, "model": "eums.textanswer", "pk": 34}, {"fields": {"run": 40, "created": "2015-12-30T10:22:51.566", "question": 18, "modified": "2015-12-30T10:22:51.566", "value": "", "date_created": "2015-12-30T10:22:51.565"}, "model": "eums.textanswer", "pk": 35}, {"fields": {"run": 41, "created": "2015-12-30T10:22:51.998", "question": 18, "modified": "2015-12-30T10:22:51.998", "value": "", "date_created": "2015-12-30T10:22:51.998"}, "model": "eums.textanswer", "pk": 36}, {"fields": {"run": 42, "created": "2015-12-30T10:22:52.435", "question": 18, "modified": "2015-12-30T10:22:52.435", "value": "", "date_created": "2015-12-30T10:22:52.435"}, "model": "eums.textanswer", "pk": 37}, {"fields": {"run": 46, "created": "2015-12-30T16:33:16.418", "question": 2, "modified": "2015-12-30T16:33:16.418", "value": "2015-12-30", "date_created": "2015-12-30T16:33:16.418"}, "model": "eums.textanswer", "pk": 38}, {"fields": {"run": 47, "created": "2015-12-30T16:38:44.272", "question": 2, "modified": "2015-12-30T16:38:44.272", "value": "2015-12-30", "date_created": "2015-12-30T16:38:44.272"}, "model": "eums.textanswer", "pk": 39}, {"fields": {"run": 48, "created": "2015-12-30T16:40:51.924", "question": 2, "modified": "2015-12-30T16:40:51.924", "value": "2015-12-30", "date_created": "2015-12-30T16:40:51.924"}, "model": "eums.textanswer", "pk": 40}, {"fields": {"run": 49, "created": "2015-12-30T16:42:54.128", "question": 2, "modified": "2015-12-30T16:42:54.128", "value": "2015-12-30", "date_created": "2015-12-30T16:42:54.128"}, "model": "eums.textanswer", "pk": 41}, {"fields": {"run": 51, "created": "2015-12-30T16:46:25.439", "question": 2, "modified": "2015-12-30T16:46:25.439", "value": "2015-12-30", "date_created": "2015-12-30T16:46:25.439"}, "model": "eums.textanswer", "pk": 42}, {"fields": {"run": 3, "created": "2015-12-30T09:43:58.252", "question": 15, "modified": "2015-12-30T09:43:58.252", "value": 1, "date_created": "2015-12-30T09:43:58.252"}, "model": "eums.numericanswer", "pk": 1}, {"fields": {"run": 14, "created": "2015-12-30T09:47:49.833", "question": 15, "modified": "2015-12-30T09:47:49.833", "value": 1, "date_created": "2015-12-30T09:47:49.833"}, "model": "eums.numericanswer", "pk": 2}, {"fields": {"run": 18, "created": "2015-12-30T09:48:17.360", "question": 15, "modified": "2015-12-30T09:48:17.360", "value": 2, "date_created": "2015-12-30T09:48:17.360"}, "model": "eums.numericanswer", "pk": 3}, {"fields": {"run": 23, "created": "2015-12-30T09:48:46.048", "question": 15, "modified": "2015-12-30T09:48:46.048", "value": 2, "date_created": "2015-12-30T09:48:46.047"}, "model": "eums.numericanswer", "pk": 4}, {"fields": {"run": 25, "created": "2015-12-30T09:49:20.899", "question": 15, "modified": "2015-12-30T09:49:20.899", "value": 2, "date_created": "2015-12-30T09:49:20.899"}, "model": "eums.numericanswer", "pk": 5}, {"fields": {"run": 27, "created": "2015-12-30T09:49:48.530", "question": 15, "modified": "2015-12-30T09:49:48.530", "value": 1, "date_created": "2015-12-30T09:49:48.530"}, "model": "eums.numericanswer", "pk": 6}, {"fields": {"run": 29, "created": "2015-12-30T09:51:27.059", "question": 15, "modified": "2015-12-30T09:51:27.059", "value": 1, "date_created": "2015-12-30T09:51:27.059"}, "model": "eums.numericanswer", "pk": 7}, {"fields": {"run": 32, "created": "2015-12-30T09:52:24.505", "question": 15, "modified": "2015-12-30T09:52:24.506", "value": 9, "date_created": "2015-12-30T09:52:24.505"}, "model": "eums.numericanswer", "pk": 8}, {"fields": {"run": 34, "created": "2015-12-30T09:52:46.442", "question": 15, "modified": "2015-12-30T09:52:46.442", "value": 2, "date_created": "2015-12-30T09:52:46.441"}, "model": "eums.numericanswer", "pk": 9}, {"fields": {"run": 36, "created": "2015-12-30T09:53:07.488", "question": 15, "modified": "2015-12-30T09:53:07.488", "value": 2, "date_created": "2015-12-30T09:53:07.488"}, "model": "eums.numericanswer", "pk": 10}, {"fields": {"run": 40, "created": "2015-12-30T10:22:51.507", "question": 15, "modified": "2015-12-30T10:22:51.507", "value": 2, "date_created": "2015-12-30T10:22:51.506"}, "model": "eums.numericanswer", "pk": 11}, {"fields": {"run": 41, "created": "2015-12-30T10:22:51.940", "question": 15, "modified": "2015-12-30T10:22:51.940", "value": 10, "date_created": "2015-12-30T10:22:51.940"}, "model": "eums.numericanswer", "pk": 12}, {"fields": {"run": 42, "created": "2015-12-30T10:22:52.377", "question": 15, "modified": "2015-12-30T10:22:52.377", "value": 5, "date_created": "2015-12-30T10:22:52.377"}, "model": "eums.numericanswer", "pk": 13}, {"fields": {"run": 46, "created": "2015-12-30T16:33:16.420", "question": 3, "modified": "2015-12-30T16:33:16.420", "value": 1, "date_created": "2015-12-30T16:33:16.420"}, "model": "eums.numericanswer", "pk": 14}, {"fields": {"run": 47, "created": "2015-12-30T16:38:44.275", "question": 3, "modified": "2015-12-30T16:38:44.275", "value": 1, "date_created": "2015-12-30T16:38:44.275"}, "model": "eums.numericanswer", "pk": 15}, {"fields": {"run": 48, "created": "2015-12-30T16:40:51.927", "question": 3, "modified": "2015-12-30T16:40:51.927", "value": 1, "date_created": "2015-12-30T16:40:51.927"}, "model": "eums.numericanswer", "pk": 16}, {"fields": {"run": 49, "created": "2015-12-30T16:42:54.131", "question": 3, "modified": "2015-12-30T16:42:54.131", "value": 1, "date_created": "2015-12-30T16:42:54.130"}, "model": "eums.numericanswer", "pk": 17}, {"fields": {"run": 51, "created": "2015-12-30T16:46:25.442", "question": 3, "modified": "2015-12-30T16:46:25.442", "value": 1, "date_created": "2015-12-30T16:46:25.442"}, "model": "eums.numericanswer", "pk": 18}, {"fields": {"run": 2, "created": "2015-12-30T09:43:55.127", "question": 9, "modified": "2015-12-30T09:43:55.127", "value": 17, "date_created": "2015-12-30T09:43:55.127"}, "model": "eums.multiplechoiceanswer", "pk": 1}, {"fields": {"run": 2, "created": "2015-12-30T09:43:55.141", "question": 11, "modified": "2015-12-30T09:43:55.141", "value": 20, "date_created": "2015-12-30T09:43:55.141"}, "model": "eums.multiplechoiceanswer", "pk": 2}, {"fields": {"run": 2, "created": "2015-12-30T09:43:55.149", "question": 12, "modified": "2015-12-30T09:43:55.149", "value": 23, "date_created": "2015-12-30T09:43:55.148"}, "model": "eums.multiplechoiceanswer", "pk": 3}, {"fields": {"run": 3, "created": "2015-12-30T09:43:58.241", "question": 14, "modified": "2015-12-30T09:43:58.241", "value": 26, "date_created": "2015-12-30T09:43:58.240"}, "model": "eums.multiplechoiceanswer", "pk": 4}, {"fields": {"run": 3, "created": "2015-12-30T09:43:58.298", "question": 16, "modified": "2015-12-30T09:43:58.298", "value": 29, "date_created": "2015-12-30T09:43:58.298"}, "model": "eums.multiplechoiceanswer", "pk": 5}, {"fields": {"run": 3, "created": "2015-12-30T09:43:58.306", "question": 17, "modified": "2015-12-30T09:43:58.306", "value": 35, "date_created": "2015-12-30T09:43:58.306"}, "model": "eums.multiplechoiceanswer", "pk": 6}, {"fields": {"run": 4, "created": "2015-12-30T09:44:04.755", "question": 9, "modified": "2015-12-30T09:44:04.755", "value": 18, "date_created": "2015-12-30T09:44:04.755"}, "model": "eums.multiplechoiceanswer", "pk": 7}, {"fields": {"run": 5, "created": "2015-12-30T09:44:09.063", "question": 9, "modified": "2015-12-30T09:44:09.063", "value": 18, "date_created": "2015-12-30T09:44:09.062"}, "model": "eums.multiplechoiceanswer", "pk": 8}, {"fields": {"run": 6, "created": "2015-12-30T09:44:13.567", "question": 9, "modified": "2015-12-30T09:44:13.567", "value": 18, "date_created": "2015-12-30T09:44:13.567"}, "model": "eums.multiplechoiceanswer", "pk": 9}, {"fields": {"run": 7, "created": "2015-12-30T09:44:31.238", "question": 9, "modified": "2015-12-30T09:44:31.238", "value": 18, "date_created": "2015-12-30T09:44:31.238"}, "model": "eums.multiplechoiceanswer", "pk": 10}, {"fields": {"run": 11, "created": "2015-12-30T09:47:35.783", "question": 9, "modified": "2015-12-30T09:47:35.783", "value": 18, "date_created": "2015-12-30T09:47:35.783"}, "model": "eums.multiplechoiceanswer", "pk": 11}, {"fields": {"run": 12, "created": "2015-12-30T09:47:39.686", "question": 9, "modified": "2015-12-30T09:47:39.686", "value": 17, "date_created": "2015-12-30T09:47:39.686"}, "model": "eums.multiplechoiceanswer", "pk": 12}, {"fields": {"run": 12, "created": "2015-12-30T09:47:39.702", "question": 11, "modified": "2015-12-30T09:47:39.702", "value": 21, "date_created": "2015-12-30T09:47:39.702"}, "model": "eums.multiplechoiceanswer", "pk": 13}, {"fields": {"run": 12, "created": "2015-12-30T09:47:39.709", "question": 12, "modified": "2015-12-30T09:47:39.709", "value": 24, "date_created": "2015-12-30T09:47:39.709"}, "model": "eums.multiplechoiceanswer", "pk": 14}, {"fields": {"run": 13, "created": "2015-12-30T09:47:48.616", "question": 9, "modified": "2015-12-30T09:47:48.616", "value": 18, "date_created": "2015-12-30T09:47:48.616"}, "model": "eums.multiplechoiceanswer", "pk": 15}, {"fields": {"run": 14, "created": "2015-12-30T09:47:49.821", "question": 14, "modified": "2015-12-30T09:47:49.821", "value": 26, "date_created": "2015-12-30T09:47:49.821"}, "model": "eums.multiplechoiceanswer", "pk": 16}, {"fields": {"run": 14, "created": "2015-12-30T09:47:49.879", "question": 16, "modified": "2015-12-30T09:47:49.879", "value": 30, "date_created": "2015-12-30T09:47:49.879"}, "model": "eums.multiplechoiceanswer", "pk": 17}, {"fields": {"run": 14, "created": "2015-12-30T09:47:49.887", "question": 17, "modified": "2015-12-30T09:47:49.887", "value": 36, "date_created": "2015-12-30T09:47:49.887"}, "model": "eums.multiplechoiceanswer", "pk": 18}, {"fields": {"run": 15, "created": "2015-12-30T09:47:54.116", "question": 9, "modified": "2015-12-30T09:47:54.116", "value": 18, "date_created": "2015-12-30T09:47:54.116"}, "model": "eums.multiplechoiceanswer", "pk": 19}, {"fields": {"run": 16, "created": "2015-12-30T09:47:59.476", "question": 9, "modified": "2015-12-30T09:47:59.476", "value": 18, "date_created": "2015-12-30T09:47:59.475"}, "model": "eums.multiplechoiceanswer", "pk": 20}, {"fields": {"run": 17, "created": "2015-12-30T09:48:08.828", "question": 9, "modified": "2015-12-30T09:48:08.828", "value": 17, "date_created": "2015-12-30T09:48:08.828"}, "model": "eums.multiplechoiceanswer", "pk": 21}, {"fields": {"run": 17, "created": "2015-12-30T09:48:08.841", "question": 11, "modified": "2015-12-30T09:48:08.841", "value": 21, "date_created": "2015-12-30T09:48:08.841"}, "model": "eums.multiplechoiceanswer", "pk": 22}, {"fields": {"run": 17, "created": "2015-12-30T09:48:08.848", "question": 12, "modified": "2015-12-30T09:48:08.848", "value": 24, "date_created": "2015-12-30T09:48:08.848"}, "model": "eums.multiplechoiceanswer", "pk": 23}, {"fields": {"run": 18, "created": "2015-12-30T09:48:17.349", "question": 14, "modified": "2015-12-30T09:48:17.350", "value": 26, "date_created": "2015-12-30T09:48:17.349"}, "model": "eums.multiplechoiceanswer", "pk": 24}, {"fields": {"run": 18, "created": "2015-12-30T09:48:17.405", "question": 16, "modified": "2015-12-30T09:48:17.405", "value": 30, "date_created": "2015-12-30T09:48:17.405"}, "model": "eums.multiplechoiceanswer", "pk": 25}, {"fields": {"run": 18, "created": "2015-12-30T09:48:17.415", "question": 17, "modified": "2015-12-30T09:48:17.415", "value": 36, "date_created": "2015-12-30T09:48:17.415"}, "model": "eums.multiplechoiceanswer", "pk": 26}, {"fields": {"run": 19, "created": "2015-12-30T09:48:19.043", "question": 9, "modified": "2015-12-30T09:48:19.043", "value": 18, "date_created": "2015-12-30T09:48:19.043"}, "model": "eums.multiplechoiceanswer", "pk": 27}, {"fields": {"run": 20, "created": "2015-12-30T09:48:25.464", "question": 9, "modified": "2015-12-30T09:48:25.464", "value": 18, "date_created": "2015-12-30T09:48:25.464"}, "model": "eums.multiplechoiceanswer", "pk": 28}, {"fields": {"run": 21, "created": "2015-12-30T09:48:31.813", "question": 9, "modified": "2015-12-30T09:48:31.813", "value": 18, "date_created": "2015-12-30T09:48:31.813"}, "model": "eums.multiplechoiceanswer", "pk": 29}, {"fields": {"run": 22, "created": "2015-12-30T09:48:41.170", "question": 9, "modified": "2015-12-30T09:48:41.170", "value": 17, "date_created": "2015-12-30T09:48:41.170"}, "model": "eums.multiplechoiceanswer", "pk": 30}, {"fields": {"run": 22, "created": "2015-12-30T09:48:41.183", "question": 11, "modified": "2015-12-30T09:48:41.183", "value": 21, "date_created": "2015-12-30T09:48:41.183"}, "model": "eums.multiplechoiceanswer", "pk": 31}, {"fields": {"run": 22, "created": "2015-12-30T09:48:41.190", "question": 12, "modified": "2015-12-30T09:48:41.190", "value": 24, "date_created": "2015-12-30T09:48:41.190"}, "model": "eums.multiplechoiceanswer", "pk": 32}, {"fields": {"run": 23, "created": "2015-12-30T09:48:46.036", "question": 14, "modified": "2015-12-30T09:48:46.036", "value": 26, "date_created": "2015-12-30T09:48:46.036"}, "model": "eums.multiplechoiceanswer", "pk": 33}, {"fields": {"run": 23, "created": "2015-12-30T09:48:46.094", "question": 16, "modified": "2015-12-30T09:48:46.094", "value": 33, "date_created": "2015-12-30T09:48:46.094"}, "model": "eums.multiplechoiceanswer", "pk": 34}, {"fields": {"run": 23, "created": "2015-12-30T09:48:46.101", "question": 17, "modified": "2015-12-30T09:48:46.101", "value": 36, "date_created": "2015-12-30T09:48:46.101"}, "model": "eums.multiplechoiceanswer", "pk": 35}, {"fields": {"run": 24, "created": "2015-12-30T09:49:12.366", "question": 9, "modified": "2015-12-30T09:49:12.366", "value": 17, "date_created": "2015-12-30T09:49:12.365"}, "model": "eums.multiplechoiceanswer", "pk": 36}, {"fields": {"run": 24, "created": "2015-12-30T09:49:12.379", "question": 11, "modified": "2015-12-30T09:49:12.379", "value": 21, "date_created": "2015-12-30T09:49:12.378"}, "model": "eums.multiplechoiceanswer", "pk": 37}, {"fields": {"run": 24, "created": "2015-12-30T09:49:12.386", "question": 12, "modified": "2015-12-30T09:49:12.386", "value": 24, "date_created": "2015-12-30T09:49:12.386"}, "model": "eums.multiplechoiceanswer", "pk": 38}, {"fields": {"run": 25, "created": "2015-12-30T09:49:20.887", "question": 14, "modified": "2015-12-30T09:49:20.887", "value": 26, "date_created": "2015-12-30T09:49:20.887"}, "model": "eums.multiplechoiceanswer", "pk": 39}, {"fields": {"run": 25, "created": "2015-12-30T09:49:20.942", "question": 16, "modified": "2015-12-30T09:49:20.942", "value": 31, "date_created": "2015-12-30T09:49:20.942"}, "model": "eums.multiplechoiceanswer", "pk": 40}, {"fields": {"run": 25, "created": "2015-12-30T09:49:20.949", "question": 17, "modified": "2015-12-30T09:49:20.949", "value": 36, "date_created": "2015-12-30T09:49:20.949"}, "model": "eums.multiplechoiceanswer", "pk": 41}, {"fields": {"run": 26, "created": "2015-12-30T09:49:42.300", "question": 9, "modified": "2015-12-30T09:49:42.300", "value": 17, "date_created": "2015-12-30T09:49:42.300"}, "model": "eums.multiplechoiceanswer", "pk": 42}, {"fields": {"run": 26, "created": "2015-12-30T09:49:42.313", "question": 11, "modified": "2015-12-30T09:49:42.313", "value": 21, "date_created": "2015-12-30T09:49:42.313"}, "model": "eums.multiplechoiceanswer", "pk": 43}, {"fields": {"run": 26, "created": "2015-12-30T09:49:42.321", "question": 12, "modified": "2015-12-30T09:49:42.321", "value": 24, "date_created": "2015-12-30T09:49:42.320"}, "model": "eums.multiplechoiceanswer", "pk": 44}, {"fields": {"run": 27, "created": "2015-12-30T09:49:48.518", "question": 14, "modified": "2015-12-30T09:49:48.518", "value": 26, "date_created": "2015-12-30T09:49:48.518"}, "model": "eums.multiplechoiceanswer", "pk": 45}, {"fields": {"run": 27, "created": "2015-12-30T09:49:48.577", "question": 16, "modified": "2015-12-30T09:49:48.577", "value": 30, "date_created": "2015-12-30T09:49:48.577"}, "model": "eums.multiplechoiceanswer", "pk": 46}, {"fields": {"run": 27, "created": "2015-12-30T09:49:48.584", "question": 17, "modified": "2015-12-30T09:49:48.584", "value": 36, "date_created": "2015-12-30T09:49:48.584"}, "model": "eums.multiplechoiceanswer", "pk": 47}, {"fields": {"run": 28, "created": "2015-12-30T09:51:21.343", "question": 9, "modified": "2015-12-30T09:51:21.343", "value": 17, "date_created": "2015-12-30T09:51:21.343"}, "model": "eums.multiplechoiceanswer", "pk": 48}, {"fields": {"run": 28, "created": "2015-12-30T09:51:21.357", "question": 11, "modified": "2015-12-30T09:51:21.357", "value": 21, "date_created": "2015-12-30T09:51:21.357"}, "model": "eums.multiplechoiceanswer", "pk": 49}, {"fields": {"run": 28, "created": "2015-12-30T09:51:21.365", "question": 12, "modified": "2015-12-30T09:51:21.365", "value": 24, "date_created": "2015-12-30T09:51:21.365"}, "model": "eums.multiplechoiceanswer", "pk": 50}, {"fields": {"run": 29, "created": "2015-12-30T09:51:27.046", "question": 14, "modified": "2015-12-30T09:51:27.046", "value": 26, "date_created": "2015-12-30T09:51:27.046"}, "model": "eums.multiplechoiceanswer", "pk": 51}, {"fields": {"run": 29, "created": "2015-12-30T09:51:27.103", "question": 16, "modified": "2015-12-30T09:51:27.103", "value": 29, "date_created": "2015-12-30T09:51:27.103"}, "model": "eums.multiplechoiceanswer", "pk": 52}, {"fields": {"run": 29, "created": "2015-12-30T09:51:27.111", "question": 17, "modified": "2015-12-30T09:51:27.111", "value": 36, "date_created": "2015-12-30T09:51:27.110"}, "model": "eums.multiplechoiceanswer", "pk": 53}, {"fields": {"run": 31, "created": "2015-12-30T09:52:19.523", "question": 9, "modified": "2015-12-30T09:52:19.523", "value": 17, "date_created": "2015-12-30T09:52:19.523"}, "model": "eums.multiplechoiceanswer", "pk": 54}, {"fields": {"run": 31, "created": "2015-12-30T09:52:19.537", "question": 11, "modified": "2015-12-30T09:52:19.537", "value": 20, "date_created": "2015-12-30T09:52:19.537"}, "model": "eums.multiplechoiceanswer", "pk": 55}, {"fields": {"run": 31, "created": "2015-12-30T09:52:19.545", "question": 12, "modified": "2015-12-30T09:52:19.545", "value": 23, "date_created": "2015-12-30T09:52:19.544"}, "model": "eums.multiplechoiceanswer", "pk": 56}, {"fields": {"run": 32, "created": "2015-12-30T09:52:24.494", "question": 14, "modified": "2015-12-30T09:52:24.494", "value": 26, "date_created": "2015-12-30T09:52:24.494"}, "model": "eums.multiplechoiceanswer", "pk": 57}, {"fields": {"run": 32, "created": "2015-12-30T09:52:24.549", "question": 16, "modified": "2015-12-30T09:52:24.549", "value": 29, "date_created": "2015-12-30T09:52:24.549"}, "model": "eums.multiplechoiceanswer", "pk": 58}, {"fields": {"run": 32, "created": "2015-12-30T09:52:24.557", "question": 17, "modified": "2015-12-30T09:52:24.557", "value": 35, "date_created": "2015-12-30T09:52:24.556"}, "model": "eums.multiplechoiceanswer", "pk": 59}, {"fields": {"run": 33, "created": "2015-12-30T09:52:42.921", "question": 9, "modified": "2015-12-30T09:52:42.922", "value": 17, "date_created": "2015-12-30T09:52:42.921"}, "model": "eums.multiplechoiceanswer", "pk": 60}, {"fields": {"run": 33, "created": "2015-12-30T09:52:42.934", "question": 11, "modified": "2015-12-30T09:52:42.934", "value": 20, "date_created": "2015-12-30T09:52:42.934"}, "model": "eums.multiplechoiceanswer", "pk": 61}, {"fields": {"run": 33, "created": "2015-12-30T09:52:42.941", "question": 12, "modified": "2015-12-30T09:52:42.941", "value": 23, "date_created": "2015-12-30T09:52:42.941"}, "model": "eums.multiplechoiceanswer", "pk": 62}, {"fields": {"run": 34, "created": "2015-12-30T09:52:46.430", "question": 14, "modified": "2015-12-30T09:52:46.430", "value": 26, "date_created": "2015-12-30T09:52:46.430"}, "model": "eums.multiplechoiceanswer", "pk": 63}, {"fields": {"run": 34, "created": "2015-12-30T09:52:46.485", "question": 16, "modified": "2015-12-30T09:52:46.486", "value": 29, "date_created": "2015-12-30T09:52:46.485"}, "model": "eums.multiplechoiceanswer", "pk": 64}, {"fields": {"run": 34, "created": "2015-12-30T09:52:46.493", "question": 17, "modified": "2015-12-30T09:52:46.493", "value": 35, "date_created": "2015-12-30T09:52:46.493"}, "model": "eums.multiplechoiceanswer", "pk": 65}, {"fields": {"run": 30, "created": "2015-12-30T09:52:53.683", "question": 9, "modified": "2015-12-30T09:52:53.683", "value": 18, "date_created": "2015-12-30T09:52:53.683"}, "model": "eums.multiplechoiceanswer", "pk": 66}, {"fields": {"run": 35, "created": "2015-12-30T09:53:04.094", "question": 9, "modified": "2015-12-30T09:53:04.094", "value": 17, "date_created": "2015-12-30T09:53:04.093"}, "model": "eums.multiplechoiceanswer", "pk": 67}, {"fields": {"run": 35, "created": "2015-12-30T09:53:04.107", "question": 11, "modified": "2015-12-30T09:53:04.107", "value": 20, "date_created": "2015-12-30T09:53:04.107"}, "model": "eums.multiplechoiceanswer", "pk": 68}, {"fields": {"run": 35, "created": "2015-12-30T09:53:04.114", "question": 12, "modified": "2015-12-30T09:53:04.114", "value": 23, "date_created": "2015-12-30T09:53:04.114"}, "model": "eums.multiplechoiceanswer", "pk": 69}, {"fields": {"run": 36, "created": "2015-12-30T09:53:07.476", "question": 14, "modified": "2015-12-30T09:53:07.476", "value": 26, "date_created": "2015-12-30T09:53:07.476"}, "model": "eums.multiplechoiceanswer", "pk": 70}, {"fields": {"run": 36, "created": "2015-12-30T09:53:07.533", "question": 16, "modified": "2015-12-30T09:53:07.533", "value": 29, "date_created": "2015-12-30T09:53:07.533"}, "model": "eums.multiplechoiceanswer", "pk": 71}, {"fields": {"run": 36, "created": "2015-12-30T09:53:07.541", "question": 17, "modified": "2015-12-30T09:53:07.541", "value": 35, "date_created": "2015-12-30T09:53:07.540"}, "model": "eums.multiplechoiceanswer", "pk": 72}, {"fields": {"run": 38, "created": "2015-12-30T10:21:13.158", "question": 9, "modified": "2015-12-30T10:21:13.158", "value": 17, "date_created": "2015-12-30T10:21:13.158"}, "model": "eums.multiplechoiceanswer", "pk": 73}, {"fields": {"run": 38, "created": "2015-12-30T10:21:13.176", "question": 11, "modified": "2015-12-30T10:21:13.176", "value": 20, "date_created": "2015-12-30T10:21:13.175"}, "model": "eums.multiplechoiceanswer", "pk": 74}, {"fields": {"run": 38, "created": "2015-12-30T10:21:13.183", "question": 12, "modified": "2015-12-30T10:21:13.183", "value": 23, "date_created": "2015-12-30T10:21:13.183"}, "model": "eums.multiplechoiceanswer", "pk": 75}, {"fields": {"run": 39, "created": "2015-12-30T10:22:05.001", "question": 9, "modified": "2015-12-30T10:22:05.001", "value": 17, "date_created": "2015-12-30T10:22:05.001"}, "model": "eums.multiplechoiceanswer", "pk": 76}, {"fields": {"run": 39, "created": "2015-12-30T10:22:05.015", "question": 11, "modified": "2015-12-30T10:22:05.015", "value": 20, "date_created": "2015-12-30T10:22:05.014"}, "model": "eums.multiplechoiceanswer", "pk": 77}, {"fields": {"run": 39, "created": "2015-12-30T10:22:05.026", "question": 12, "modified": "2015-12-30T10:22:05.026", "value": 23, "date_created": "2015-12-30T10:22:05.026"}, "model": "eums.multiplechoiceanswer", "pk": 78}, {"fields": {"run": 40, "created": "2015-12-30T10:22:51.495", "question": 14, "modified": "2015-12-30T10:22:51.495", "value": 26, "date_created": "2015-12-30T10:22:51.495"}, "model": "eums.multiplechoiceanswer", "pk": 79}, {"fields": {"run": 40, "created": "2015-12-30T10:22:51.553", "question": 16, "modified": "2015-12-30T10:22:51.553", "value": 29, "date_created": "2015-12-30T10:22:51.553"}, "model": "eums.multiplechoiceanswer", "pk": 80}, {"fields": {"run": 40, "created": "2015-12-30T10:22:51.560", "question": 17, "modified": "2015-12-30T10:22:51.560", "value": 35, "date_created": "2015-12-30T10:22:51.560"}, "model": "eums.multiplechoiceanswer", "pk": 81}, {"fields": {"run": 41, "created": "2015-12-30T10:22:51.929", "question": 14, "modified": "2015-12-30T10:22:51.929", "value": 26, "date_created": "2015-12-30T10:22:51.929"}, "model": "eums.multiplechoiceanswer", "pk": 82}, {"fields": {"run": 41, "created": "2015-12-30T10:22:51.985", "question": 16, "modified": "2015-12-30T10:22:51.985", "value": 29, "date_created": "2015-12-30T10:22:51.985"}, "model": "eums.multiplechoiceanswer", "pk": 83}, {"fields": {"run": 41, "created": "2015-12-30T10:22:51.992", "question": 17, "modified": "2015-12-30T10:22:51.992", "value": 35, "date_created": "2015-12-30T10:22:51.992"}, "model": "eums.multiplechoiceanswer", "pk": 84}, {"fields": {"run": 42, "created": "2015-12-30T10:22:52.365", "question": 14, "modified": "2015-12-30T10:22:52.365", "value": 26, "date_created": "2015-12-30T10:22:52.365"}, "model": "eums.multiplechoiceanswer", "pk": 85}, {"fields": {"run": 42, "created": "2015-12-30T10:22:52.421", "question": 16, "modified": "2015-12-30T10:22:52.421", "value": 29, "date_created": "2015-12-30T10:22:52.421"}, "model": "eums.multiplechoiceanswer", "pk": 86}, {"fields": {"run": 42, "created": "2015-12-30T10:22:52.428", "question": 17, "modified": "2015-12-30T10:22:52.428", "value": 35, "date_created": "2015-12-30T10:22:52.428"}, "model": "eums.multiplechoiceanswer", "pk": 87}, {"fields": {"run": 45, "created": "2015-12-30T16:21:44.360", "question": 1, "modified": "2015-12-30T16:21:44.360", "value": 3, "date_created": "2015-12-30T16:21:44.360"}, "model": "eums.multiplechoiceanswer", "pk": 88}, {"fields": {"run": 46, "created": "2015-12-30T16:33:16.415", "question": 1, "modified": "2015-12-30T16:33:16.415", "value": 2, "date_created": "2015-12-30T16:33:16.415"}, "model": "eums.multiplechoiceanswer", "pk": 89}, {"fields": {"run": 46, "created": "2015-12-30T16:33:16.422", "question": 4, "modified": "2015-12-30T16:33:16.422", "value": 5, "date_created": "2015-12-30T16:33:16.422"}, "model": "eums.multiplechoiceanswer", "pk": 90}, {"fields": {"run": 46, "created": "2015-12-30T16:33:16.423", "question": 5, "modified": "2015-12-30T16:33:16.423", "value": 11, "date_created": "2015-12-30T16:33:16.423"}, "model": "eums.multiplechoiceanswer", "pk": 91}, {"fields": {"run": 47, "created": "2015-12-30T16:38:44.269", "question": 1, "modified": "2015-12-30T16:38:44.269", "value": 2, "date_created": "2015-12-30T16:38:44.269"}, "model": "eums.multiplechoiceanswer", "pk": 92}, {"fields": {"run": 47, "created": "2015-12-30T16:38:44.276", "question": 4, "modified": "2015-12-30T16:38:44.276", "value": 6, "date_created": "2015-12-30T16:38:44.276"}, "model": "eums.multiplechoiceanswer", "pk": 93}, {"fields": {"run": 47, "created": "2015-12-30T16:38:44.277", "question": 5, "modified": "2015-12-30T16:38:44.277", "value": 12, "date_created": "2015-12-30T16:38:44.277"}, "model": "eums.multiplechoiceanswer", "pk": 94}, {"fields": {"run": 48, "created": "2015-12-30T16:40:51.921", "question": 1, "modified": "2015-12-30T16:40:51.921", "value": 2, "date_created": "2015-12-30T16:40:51.921"}, "model": "eums.multiplechoiceanswer", "pk": 95}, {"fields": {"run": 48, "created": "2015-12-30T16:40:51.929", "question": 4, "modified": "2015-12-30T16:40:51.929", "value": 8, "date_created": "2015-12-30T16:40:51.928"}, "model": "eums.multiplechoiceanswer", "pk": 96}, {"fields": {"run": 48, "created": "2015-12-30T16:40:51.930", "question": 5, "modified": "2015-12-30T16:40:51.930", "value": 12, "date_created": "2015-12-30T16:40:51.930"}, "model": "eums.multiplechoiceanswer", "pk": 97}, {"fields": {"run": 49, "created": "2015-12-30T16:42:54.125", "question": 1, "modified": "2015-12-30T16:42:54.125", "value": 2, "date_created": "2015-12-30T16:42:54.125"}, "model": "eums.multiplechoiceanswer", "pk": 98}, {"fields": {"run": 49, "created": "2015-12-30T16:42:54.132", "question": 4, "modified": "2015-12-30T16:42:54.132", "value": 5, "date_created": "2015-12-30T16:42:54.132"}, "model": "eums.multiplechoiceanswer", "pk": 99}, {"fields": {"run": 49, "created": "2015-12-30T16:42:54.133", "question": 5, "modified": "2015-12-30T16:42:54.133", "value": 12, "date_created": "2015-12-30T16:42:54.133"}, "model": "eums.multiplechoiceanswer", "pk": 100}, {"fields": {"run": 50, "created": "2015-12-30T16:44:52.968", "question": 1, "modified": "2015-12-30T16:44:52.968", "value": 3, "date_created": "2015-12-30T16:44:52.968"}, "model": "eums.multiplechoiceanswer", "pk": 101}, {"fields": {"run": 51, "created": "2015-12-30T16:46:25.436", "question": 1, "modified": "2015-12-30T16:46:25.436", "value": 2, "date_created": "2015-12-30T16:46:25.436"}, "model": "eums.multiplechoiceanswer", "pk": 102}, {"fields": {"run": 51, "created": "2015-12-30T16:46:25.443", "question": 4, "modified": "2015-12-30T16:46:25.443", "value": 5, "date_created": "2015-12-30T16:46:25.443"}, "model": "eums.multiplechoiceanswer", "pk": 103}, {"fields": {"run": 51, "created": "2015-12-30T16:46:25.445", "question": 5, "modified": "2015-12-30T16:46:25.445", "value": 11, "date_created": "2015-12-30T16:46:25.445"}, "model": "eums.multiplechoiceanswer", "pk": 104}, {"fields": {"purchase_order": 1, "sales_order_item": 1, "value": "1000.00"}, "model": "eums.purchaseorderitem", "pk": 161}, {"fields": {"purchase_order": 2, "sales_order_item": 2, "value": "80.00"}, "model": "eums.purchaseorderitem", "pk": 162}, {"fields": {"purchase_order": 2, "sales_order_item": 3, "value": "200.00"}, "model": "eums.purchaseorderitem", "pk": 163}, {"fields": {"purchase_order": 3, "sales_order_item": 4, "value": "300.00"}, "model": "eums.purchaseorderitem", "pk": 164}, {"fields": {"purchase_order": 3, "sales_order_item": 5, "value": "400.00"}, "model": "eums.purchaseorderitem", "pk": 165}, {"fields": {"purchase_order": 3, "sales_order_item": 6, "value": "500.00"}, "model": "eums.purchaseorderitem", "pk": 166}, {"fields": {"purchase_order": 4, "sales_order_item": 7, "value": "50.00"}, "model": "eums.purchaseorderitem", "pk": 167}, {"fields": {"purchase_order": 4, "sales_order_item": 8, "value": "100.00"}, "model": "eums.purchaseorderitem", "pk": 168}, {"fields": {"purchase_order": 4, "sales_order_item": 9, "value": "300.00"}, "model": "eums.purchaseorderitem", "pk": 169}, {"fields": {"purchase_order": 4, "sales_order_item": 10, "value": "600.00"}, "model": "eums.purchaseorderitem", "pk": 170}, {"fields": {"purchase_order": 5, "sales_order_item": 11, "value": "10.00"}, "model": "eums.purchaseorderitem", "pk": 171}, {"fields": {"purchase_order": 5, "sales_order_item": 12, "value": "30.00"}, "model": "eums.purchaseorderitem", "pk": 172}, {"fields": {"purchase_order": 5, "sales_order_item": 13, "value": "450.00"}, "model": "eums.purchaseorderitem", "pk": 173}, {"fields": {"purchase_order": 5, "sales_order_item": 14, "value": "40.00"}, "model": "eums.purchaseorderitem", "pk": 174}, {"fields": {"purchase_order": 5, "sales_order_item": 15, "value": "5000.00"}, "model": "eums.purchaseorderitem", "pk": 175}, {"fields": {"purchase_order": 6, "sales_order_item": 16, "value": "100.00"}, "model": "eums.purchaseorderitem", "pk": 176}, {"fields": {"purchase_order": 6, "sales_order_item": 17, "value": "200.00"}, "model": "eums.purchaseorderitem", "pk": 177}, {"fields": {"purchase_order": 6, "sales_order_item": 18, "value": "3.26"}, "model": "eums.purchaseorderitem", "pk": 178}, {"fields": {"purchase_order": 6, "sales_order_item": 19, "value": "42.10"}, "model": "eums.purchaseorderitem", "pk": 179}, {"fields": {"purchase_order": 6, "sales_order_item": 20, "value": "100.00"}, "model": "eums.purchaseorderitem", "pk": 180}, {"fields": {"purchase_order": 6, "sales_order_item": 21, "value": "20.00"}, "model": "eums.purchaseorderitem", "pk": 181}, {"fields": {"purchase_order": 7, "sales_order_item": 22, "value": "1.10"}, "model": "eums.purchaseorderitem", "pk": 182}, {"fields": {"purchase_order": 7, "sales_order_item": 23, "value": "2.20"}, "model": "eums.purchaseorderitem", "pk": 183}, {"fields": {"purchase_order": 7, "sales_order_item": 24, "value": "3.30"}, "model": "eums.purchaseorderitem", "pk": 184}, {"fields": {"purchase_order": 7, "sales_order_item": 25, "value": "4.40"}, "model": "eums.purchaseorderitem", "pk": 185}, {"fields": {"purchase_order": 7, "sales_order_item": 26, "value": "5.50"}, "model": "eums.purchaseorderitem", "pk": 186}, {"fields": {"purchase_order": 7, "sales_order_item": 27, "value": "6.60"}, "model": "eums.purchaseorderitem", "pk": 187}, {"fields": {"purchase_order": 7, "sales_order_item": 28, "value": "7.70"}, "model": "eums.purchaseorderitem", "pk": 188}, {"fields": {"purchase_order": 8, "sales_order_item": 29, "value": "5.00"}, "model": "eums.purchaseorderitem", "pk": 189}, {"fields": {"purchase_order": 8, "sales_order_item": 30, "value": "10.00"}, "model": "eums.purchaseorderitem", "pk": 190}, {"fields": {"purchase_order": 8, "sales_order_item": 31, "value": "15.00"}, "model": "eums.purchaseorderitem", "pk": 191}, {"fields": {"purchase_order": 8, "sales_order_item": 32, "value": "20.00"}, "model": "eums.purchaseorderitem", "pk": 192}, {"fields": {"purchase_order": 8, "sales_order_item": 33, "value": "25.00"}, "model": "eums.purchaseorderitem", "pk": 193}, {"fields": {"purchase_order": 8, "sales_order_item": 34, "value": "30.00"}, "model": "eums.purchaseorderitem", "pk": 194}, {"fields": {"purchase_order": 8, "sales_order_item": 35, "value": "35.00"}, "model": "eums.purchaseorderitem", "pk": 195}, {"fields": {"purchase_order": 8, "sales_order_item": 36, "value": "40.00"}, "model": "eums.purchaseorderitem", "pk": 196}, {"fields": {"purchase_order": 9, "sales_order_item": 37, "value": "45.00"}, "model": "eums.purchaseorderitem", "pk": 197}, {"fields": {"purchase_order": 9, "sales_order_item": 38, "value": "120.00"}, "model": "eums.purchaseorderitem", "pk": 198}, {"fields": {"purchase_order": 10, "sales_order_item": 39, "value": "24.00"}, "model": "eums.purchaseorderitem", "pk": 199}, {"fields": {"purchase_order": 10, "sales_order_item": 40, "value": "100.00"}, "model": "eums.purchaseorderitem", "pk": 200}, {"fields": {"purchase_order": 11, "sales_order_item": 41, "value": "8000.00"}, "model": "eums.purchaseorderitem", "pk": 201}, {"fields": {"purchase_order": 11, "sales_order_item": 42, "value": "30000.00"}, "model": "eums.purchaseorderitem", "pk": 202}, {"fields": {"purchase_order": 12, "sales_order_item": 43, "value": "100.00"}, "model": "eums.purchaseorderitem", "pk": 203}, {"fields": {"purchase_order": 12, "sales_order_item": 44, "value": "250.00"}, "model": "eums.purchaseorderitem", "pk": 204}, {"fields": {"purchase_order": 13, "sales_order_item": 45, "value": "36.60"}, "model": "eums.purchaseorderitem", "pk": 205}, {"fields": {"purchase_order": 13, "sales_order_item": 46, "value": "27.30"}, "model": "eums.purchaseorderitem", "pk": 206}, {"fields": {"purchase_order": 14, "sales_order_item": 47, "value": "20010.00"}, "model": "eums.purchaseorderitem", "pk": 207}, {"fields": {"purchase_order": 14, "sales_order_item": 48, "value": "8888.00"}, "model": "eums.purchaseorderitem", "pk": 208}, {"fields": {"purchase_order": 15, "sales_order_item": 49, "value": "7643.88"}, "model": "eums.purchaseorderitem", "pk": 209}, {"fields": {"purchase_order": 15, "sales_order_item": 50, "value": "342.30"}, "model": "eums.purchaseorderitem", "pk": 210}, {"fields": {"purchase_order": 16, "sales_order_item": 51, "value": "100.00"}, "model": "eums.purchaseorderitem", "pk": 211}, {"fields": {"purchase_order": 17, "sales_order_item": 52, "value": "200.00"}, "model": "eums.purchaseorderitem", "pk": 212}, {"fields": {"purchase_order": 18, "sales_order_item": 53, "value": "300.00"}, "model": "eums.purchaseorderitem", "pk": 213}, {"fields": {"purchase_order": 19, "sales_order_item": 54, "value": "400.00"}, "model": "eums.purchaseorderitem", "pk": 214}, {"fields": {"purchase_order": 20, "sales_order_item": 55, "value": "500.00"}, "model": "eums.purchaseorderitem", "pk": 215}, {"fields": {"purchase_order": 21, "sales_order_item": 56, "value": "600.00"}, "model": "eums.purchaseorderitem", "pk": 216}, {"fields": {"purchase_order": 22, "sales_order_item": 57, "value": "700.00"}, "model": "eums.purchaseorderitem", "pk": 217}, {"fields": {"purchase_order": 23, "sales_order_item": 58, "value": "800.00"}, "model": "eums.purchaseorderitem", "pk": 218}, {"fields": {"purchase_order": 24, "sales_order_item": 59, "value": "900.00"}, "model": "eums.purchaseorderitem", "pk": 219}, {"fields": {"purchase_order": 25, "sales_order_item": 60, "value": "50.00"}, "model": "eums.purchaseorderitem", "pk": 220}, {"fields": {"purchase_order": 26, "sales_order_item": 61, "value": "150.00"}, "model": "eums.purchaseorderitem", "pk": 221}, {"fields": {"purchase_order": 27, "sales_order_item": 62, "value": "250.00"}, "model": "eums.purchaseorderitem", "pk": 222}, {"fields": {"purchase_order": 28, "sales_order_item": 63, "value": "350.00"}, "model": "eums.purchaseorderitem", "pk": 223}, {"fields": {"purchase_order": 29, "sales_order_item": 64, "value": "450.00"}, "model": "eums.purchaseorderitem", "pk": 224}, {"fields": {"purchase_order": 30, "sales_order_item": 65, "value": "550.00"}, "model": "eums.purchaseorderitem", "pk": 225}, {"fields": {"purchase_order": 31, "sales_order_item": 66, "value": "650.00"}, "model": "eums.purchaseorderitem", "pk": 226}, {"fields": {"purchase_order": 32, "sales_order_item": 67, "value": "750.00"}, "model": "eums.purchaseorderitem", "pk": 227}, {"fields": {"purchase_order": 33, "sales_order_item": 68, "value": "850.00"}, "model": "eums.purchaseorderitem", "pk": 228}, {"fields": {"purchase_order": 34, "sales_order_item": 69, "value": "950.00"}, "model": "eums.purchaseorderitem", "pk": 229}, {"fields": {"purchase_order": 35, "sales_order_item": 70, "value": "1000.00"}, "model": "eums.purchaseorderitem", "pk": 230}, {"fields": {"purchase_order": 36, "sales_order_item": 71, "value": "2000.00"}, "model": "eums.purchaseorderitem", "pk": 231}, {"fields": {"purchase_order": 37, "sales_order_item": 72, "value": "3000.00"}, "model": "eums.purchaseorderitem", "pk": 232}, {"fields": {"purchase_order": 38, "sales_order_item": 73, "value": "4000.00"}, "model": "eums.purchaseorderitem", "pk": 233}, {"fields": {"purchase_order": 39, "sales_order_item": 74, "value": "5000.00"}, "model": "eums.purchaseorderitem", "pk": 234}, {"fields": {"purchase_order": 40, "sales_order_item": 75, "value": "6000.00"}, "model": "eums.purchaseorderitem", "pk": 235}, {"fields": {"purchase_order": 41, "sales_order_item": 76, "value": "7000.00"}, "model": "eums.purchaseorderitem", "pk": 236}, {"fields": {"purchase_order": 42, "sales_order_item": 77, "value": "8000.00"}, "model": "eums.purchaseorderitem", "pk": 237}, {"fields": {"purchase_order": 43, "sales_order_item": 78, "value": "9000.00"}, "model": "eums.purchaseorderitem", "pk": 238}, {"fields": {"purchase_order": 44, "sales_order_item": 79, "value": "1500.00"}, "model": "eums.purchaseorderitem", "pk": 239}, {"fields": {"purchase_order": 45, "sales_order_item": 80, "value": "1600.00"}, "model": "eums.purchaseorderitem", "pk": 240}, {"fields": {"purchase_order": 46, "sales_order_item": 81, "value": "1700.00"}, "model": "eums.purchaseorderitem", "pk": 241}, {"fields": {"purchase_order": 47, "sales_order_item": 82, "value": "1800.00"}, "model": "eums.purchaseorderitem", "pk": 242}, {"fields": {"purchase_order": 48, "sales_order_item": 83, "value": "1900.00"}, "model": "eums.purchaseorderitem", "pk": 243}, {"fields": {"purchase_order": 49, "sales_order_item": 84, "value": "2000.00"}, "model": "eums.purchaseorderitem", "pk": 244}, {"fields": {"purchase_order": 50, "sales_order_item": 85, "value": "2100.00"}, "model": "eums.purchaseorderitem", "pk": 245}, {"fields": {"purchase_order": 50, "sales_order_item": 86, "value": "12.00"}, "model": "eums.purchaseorderitem", "pk": 246}, {"fields": {"purchase_order": 50, "sales_order_item": 87, "value": "32.00"}, "model": "eums.purchaseorderitem", "pk": 247}, {"fields": {"purchase_order": 49, "sales_order_item": 88, "value": "434.00"}, "model": "eums.purchaseorderitem", "pk": 248}, {"fields": {"purchase_order": 49, "sales_order_item": 89, "value": "534.00"}, "model": "eums.purchaseorderitem", "pk": 249}, {"fields": {"purchase_order": 48, "sales_order_item": 90, "value": "32.00"}, "model": "eums.purchaseorderitem", "pk": 250}, {"fields": {"purchase_order": 48, "sales_order_item": 91, "value": "11.00"}, "model": "eums.purchaseorderitem", "pk": 251}, {"fields": {"purchase_order": 47, "sales_order_item": 92, "value": "53453.00"}, "model": "eums.purchaseorderitem", "pk": 252}, {"fields": {"purchase_order": 47, "sales_order_item": 93, "value": "32.00"}, "model": "eums.purchaseorderitem", "pk": 253}, {"fields": {"purchase_order": 46, "sales_order_item": 94, "value": "54.00"}, "model": "eums.purchaseorderitem", "pk": 254}, {"fields": {"purchase_order": 46, "sales_order_item": 95, "value": "76.00"}, "model": "eums.purchaseorderitem", "pk": 255}, {"fields": {"purchase_order": 45, "sales_order_item": 96, "value": "17.00"}, "model": "eums.purchaseorderitem", "pk": 256}, {"fields": {"purchase_order": 45, "sales_order_item": 97, "value": "65.00"}, "model": "eums.purchaseorderitem", "pk": 257}, {"fields": {"purchase_order": 44, "sales_order_item": 98, "value": "87.00"}, "model": "eums.purchaseorderitem", "pk": 258}, {"fields": {"purchase_order": 44, "sales_order_item": 99, "value": "43.00"}, "model": "eums.purchaseorderitem", "pk": 259}, {"fields": {"purchase_order": 44, "sales_order_item": 100, "value": "54.00"}, "model": "eums.purchaseorderitem", "pk": 260}, {"fields": {"purchase_order": 44, "sales_order_item": 101, "value": "65.00"}, "model": "eums.purchaseorderitem", "pk": 261}, {"fields": {"purchase_order": 43, "sales_order_item": 102, "value": "76.00"}, "model": "eums.purchaseorderitem", "pk": 262}, {"fields": {"purchase_order": 43, "sales_order_item": 103, "value": "87.00"}, "model": "eums.purchaseorderitem", "pk": 263}, {"fields": {"purchase_order": 42, "sales_order_item": 104, "value": "323.00"}, "model": "eums.purchaseorderitem", "pk": 264}, {"fields": {"purchase_order": 42, "sales_order_item": 105, "value": "1322.00"}, "model": "eums.purchaseorderitem", "pk": 265}, {"fields": {"purchase_order": 41, "sales_order_item": 106, "value": "123.00"}, "model": "eums.purchaseorderitem", "pk": 266}, {"fields": {"purchase_order": 41, "sales_order_item": 107, "value": "1434.00"}, "model": "eums.purchaseorderitem", "pk": 267}, {"fields": {"purchase_order": 40, "sales_order_item": 108, "value": "15456.00"}, "model": "eums.purchaseorderitem", "pk": 268}, {"fields": {"purchase_order": 40, "sales_order_item": 109, "value": "5454.00"}, "model": "eums.purchaseorderitem", "pk": 269}, {"fields": {"purchase_order": 40, "sales_order_item": 110, "value": "54545.00"}, "model": "eums.purchaseorderitem", "pk": 270}, {"fields": {"purchase_order": 40, "sales_order_item": 111, "value": "65656.00"}, "model": "eums.purchaseorderitem", "pk": 271}, {"fields": {"purchase_order": 40, "sales_order_item": 112, "value": "565.00"}, "model": "eums.purchaseorderitem", "pk": 272}, {"fields": {"purchase_order": 40, "sales_order_item": 113, "value": "87878.00"}, "model": "eums.purchaseorderitem", "pk": 273}, {"fields": {"purchase_order": 40, "sales_order_item": 114, "value": "989898.00"}, "model": "eums.purchaseorderitem", "pk": 274}, {"fields": {"purchase_order": 40, "sales_order_item": 115, "value": "435345.00"}, "model": "eums.purchaseorderitem", "pk": 275}, {"fields": {"purchase_order": 40, "sales_order_item": 116, "value": "64564.00"}, "model": "eums.purchaseorderitem", "pk": 276}, {"fields": {"purchase_order": 40, "sales_order_item": 117, "value": "64564.00"}, "model": "eums.purchaseorderitem", "pk": 277}, {"fields": {"purchase_order": 40, "sales_order_item": 118, "value": "43243.00"}, "model": "eums.purchaseorderitem", "pk": 278}, {"fields": {"purchase_order": 40, "sales_order_item": 119, "value": "323.00"}, "model": "eums.purchaseorderitem", "pk": 279}, {"fields": {"purchase_order": 40, "sales_order_item": 120, "value": "1343.00"}, "model": "eums.purchaseorderitem", "pk": 280}, {"fields": {"purchase_order": 39, "sales_order_item": 121, "value": "45454.00"}, "model": "eums.purchaseorderitem", "pk": 281}, {"fields": {"purchase_order": 39, "sales_order_item": 122, "value": "6566.00"}, "model": "eums.purchaseorderitem", "pk": 282}, {"fields": {"purchase_order": 39, "sales_order_item": 123, "value": "7676.00"}, "model": "eums.purchaseorderitem", "pk": 283}, {"fields": {"purchase_order": 39, "sales_order_item": 124, "value": "4343.00"}, "model": "eums.purchaseorderitem", "pk": 284}, {"fields": {"purchase_order": 39, "sales_order_item": 125, "value": "765765.00"}, "model": "eums.purchaseorderitem", "pk": 285}, {"fields": {"purchase_order": 39, "sales_order_item": 126, "value": "432423.00"}, "model": "eums.purchaseorderitem", "pk": 286}, {"fields": {"purchase_order": 38, "sales_order_item": 127, "value": "4343.00"}, "model": "eums.purchaseorderitem", "pk": 287}, {"fields": {"purchase_order": 38, "sales_order_item": 128, "value": "43434.00"}, "model": "eums.purchaseorderitem", "pk": 288}, {"fields": {"purchase_order": 38, "sales_order_item": 129, "value": "45454.00"}, "model": "eums.purchaseorderitem", "pk": 289}, {"fields": {"purchase_order": 37, "sales_order_item": 130, "value": "65656.00"}, "model": "eums.purchaseorderitem", "pk": 290}, {"fields": {"purchase_order": 37, "sales_order_item": 131, "value": "434474.00"}, "model": "eums.purchaseorderitem", "pk": 291}, {"fields": {"purchase_order": 36, "sales_order_item": 132, "value": "43434.00"}, "model": "eums.purchaseorderitem", "pk": 292}, {"fields": {"purchase_order": 36, "sales_order_item": 133, "value": "876786.00"}, "model": "eums.purchaseorderitem", "pk": 293}, {"fields": {"purchase_order": 35, "sales_order_item": 134, "value": "17676.00"}, "model": "eums.purchaseorderitem", "pk": 294}, {"fields": {"purchase_order": 35, "sales_order_item": 135, "value": "7676.00"}, "model": "eums.purchaseorderitem", "pk": 295}, {"fields": {"purchase_order": 34, "sales_order_item": 136, "value": "154.00"}, "model": "eums.purchaseorderitem", "pk": 296}, {"fields": {"purchase_order": 34, "sales_order_item": 137, "value": "54.00"}, "model": "eums.purchaseorderitem", "pk": 297}, {"fields": {"purchase_order": 33, "sales_order_item": 138, "value": "1543.00"}, "model": "eums.purchaseorderitem", "pk": 298}, {"fields": {"purchase_order": 33, "sales_order_item": 139, "value": "43.00"}, "model": "eums.purchaseorderitem", "pk": 299}, {"fields": {"purchase_order": 32, "sales_order_item": 140, "value": "434.00"}, "model": "eums.purchaseorderitem", "pk": 300}, {"fields": {"purchase_order": 32, "sales_order_item": 141, "value": "15454.00"}, "model": "eums.purchaseorderitem", "pk": 301}, {"fields": {"purchase_order": 31, "sales_order_item": 142, "value": "656.00"}, "model": "eums.purchaseorderitem", "pk": 302}, {"fields": {"purchase_order": 31, "sales_order_item": 143, "value": "14343.00"}, "model": "eums.purchaseorderitem", "pk": 303}, {"fields": {"purchase_order": 30, "sales_order_item": 144, "value": "15454.00"}, "model": "eums.purchaseorderitem", "pk": 304}, {"fields": {"purchase_order": 30, "sales_order_item": 145, "value": "1656.00"}, "model": "eums.purchaseorderitem", "pk": 305}, {"fields": {"purchase_order": 29, "sales_order_item": 146, "value": "14532.00"}, "model": "eums.purchaseorderitem", "pk": 306}, {"fields": {"purchase_order": 29, "sales_order_item": 147, "value": "342.00"}, "model": "eums.purchaseorderitem", "pk": 307}, {"fields": {"purchase_order": 28, "sales_order_item": 148, "value": "54.00"}, "model": "eums.purchaseorderitem", "pk": 308}, {"fields": {"purchase_order": 28, "sales_order_item": 149, "value": "7657.00"}, "model": "eums.purchaseorderitem", "pk": 309}, {"fields": {"purchase_order": 27, "sales_order_item": 150, "value": "8768.00"}, "model": "eums.purchaseorderitem", "pk": 310}, {"fields": {"purchase_order": 27, "sales_order_item": 151, "value": "545.00"}, "model": "eums.purchaseorderitem", "pk": 311}, {"fields": {"purchase_order": 26, "sales_order_item": 152, "value": "3432.00"}, "model": "eums.purchaseorderitem", "pk": 312}, {"fields": {"purchase_order": 26, "sales_order_item": 152, "value": "5423.00"}, "model": "eums.purchaseorderitem", "pk": 313}, {"fields": {"purchase_order": 25, "sales_order_item": 153, "value": "6546.00"}, "model": "eums.purchaseorderitem", "pk": 314}, {"fields": {"purchase_order": 25, "sales_order_item": 154, "value": "134.00"}, "model": "eums.purchaseorderitem", "pk": 315}, {"fields": {"purchase_order": 24, "sales_order_item": 155, "value": "3232.00"}, "model": "eums.purchaseorderitem", "pk": 316}, {"fields": {"purchase_order": 24, "sales_order_item": 156, "value": "434.00"}, "model": "eums.purchaseorderitem", "pk": 317}, {"fields": {"purchase_order": 23, "sales_order_item": 157, "value": "676.00"}, "model": "eums.purchaseorderitem", "pk": 318}, {"fields": {"purchase_order": 22, "sales_order_item": 158, "value": "5454.00"}, "model": "eums.purchaseorderitem", "pk": 319}, {"fields": {"purchase_order": 22, "sales_order_item": 159, "value": "4343.00"}, "model": "eums.purchaseorderitem", "pk": 320}, {"fields": {"purchase_order_item": 161, "value": "1000.00", "release_order": 1}, "model": "eums.releaseorderitem", "pk": 321}, {"fields": {"purchase_order_item": 162, "value": "80.00", "release_order": 2}, "model": "eums.releaseorderitem", "pk": 322}, {"fields": {"purchase_order_item": 163, "value": "200.00", "release_order": 2}, "model": "eums.releaseorderitem", "pk": 323}, {"fields": {"purchase_order_item": 164, "value": "300.00", "release_order": 3}, "model": "eums.releaseorderitem", "pk": 324}, {"fields": {"purchase_order_item": 165, "value": "400.00", "release_order": 3}, "model": "eums.releaseorderitem", "pk": 325}, {"fields": {"purchase_order_item": 166, "value": "500.00", "release_order": 3}, "model": "eums.releaseorderitem", "pk": 326}, {"fields": {"purchase_order_item": 167, "value": "50.00", "release_order": 4}, "model": "eums.releaseorderitem", "pk": 327}, {"fields": {"purchase_order_item": 168, "value": "100.00", "release_order": 4}, "model": "eums.releaseorderitem", "pk": 328}, {"fields": {"purchase_order_item": 169, "value": "300.00", "release_order": 4}, "model": "eums.releaseorderitem", "pk": 329}, {"fields": {"purchase_order_item": 170, "value": "600.00", "release_order": 4}, "model": "eums.releaseorderitem", "pk": 330}, {"fields": {"purchase_order_item": 171, "value": "10.00", "release_order": 5}, "model": "eums.releaseorderitem", "pk": 331}, {"fields": {"purchase_order_item": 172, "value": "30.00", "release_order": 5}, "model": "eums.releaseorderitem", "pk": 332}, {"fields": {"purchase_order_item": 173, "value": "450.00", "release_order": 5}, "model": "eums.releaseorderitem", "pk": 333}, {"fields": {"purchase_order_item": 174, "value": "40.00", "release_order": 5}, "model": "eums.releaseorderitem", "pk": 334}, {"fields": {"purchase_order_item": 175, "value": "5000.00", "release_order": 5}, "model": "eums.releaseorderitem", "pk": 335}, {"fields": {"purchase_order_item": 176, "value": "100.00", "release_order": 6}, "model": "eums.releaseorderitem", "pk": 336}, {"fields": {"purchase_order_item": 177, "value": "200.00", "release_order": 6}, "model": "eums.releaseorderitem", "pk": 337}, {"fields": {"purchase_order_item": 178, "value": "3.26", "release_order": 6}, "model": "eums.releaseorderitem", "pk": 338}, {"fields": {"purchase_order_item": 179, "value": "42.10", "release_order": 6}, "model": "eums.releaseorderitem", "pk": 339}, {"fields": {"purchase_order_item": 180, "value": "100.00", "release_order": 6}, "model": "eums.releaseorderitem", "pk": 340}, {"fields": {"purchase_order_item": 181, "value": "20.00", "release_order": 6}, "model": "eums.releaseorderitem", "pk": 341}, {"fields": {"purchase_order_item": 182, "value": "1.10", "release_order": 7}, "model": "eums.releaseorderitem", "pk": 342}, {"fields": {"purchase_order_item": 183, "value": "2.20", "release_order": 7}, "model": "eums.releaseorderitem", "pk": 343}, {"fields": {"purchase_order_item": 184, "value": "3.30", "release_order": 7}, "model": "eums.releaseorderitem", "pk": 344}, {"fields": {"purchase_order_item": 185, "value": "4.40", "release_order": 7}, "model": "eums.releaseorderitem", "pk": 345}, {"fields": {"purchase_order_item": 186, "value": "5.50", "release_order": 7}, "model": "eums.releaseorderitem", "pk": 346}, {"fields": {"purchase_order_item": 187, "value": "6.60", "release_order": 7}, "model": "eums.releaseorderitem", "pk": 347}, {"fields": {"purchase_order_item": 188, "value": "7.70", "release_order": 7}, "model": "eums.releaseorderitem", "pk": 348}, {"fields": {"purchase_order_item": 189, "value": "5.00", "release_order": 8}, "model": "eums.releaseorderitem", "pk": 349}, {"fields": {"purchase_order_item": 199, "value": "10.00", "release_order": 8}, "model": "eums.releaseorderitem", "pk": 350}, {"fields": {"purchase_order_item": 191, "value": "15.00", "release_order": 8}, "model": "eums.releaseorderitem", "pk": 351}, {"fields": {"purchase_order_item": 192, "value": "20.00", "release_order": 8}, "model": "eums.releaseorderitem", "pk": 352}, {"fields": {"purchase_order_item": 193, "value": "25.00", "release_order": 8}, "model": "eums.releaseorderitem", "pk": 353}, {"fields": {"purchase_order_item": 194, "value": "30.00", "release_order": 8}, "model": "eums.releaseorderitem", "pk": 354}, {"fields": {"purchase_order_item": 195, "value": "35.00", "release_order": 8}, "model": "eums.releaseorderitem", "pk": 355}, {"fields": {"purchase_order_item": 196, "value": "40.00", "release_order": 8}, "model": "eums.releaseorderitem", "pk": 356}, {"fields": {"purchase_order_item": 197, "value": "45.00", "release_order": 9}, "model": "eums.releaseorderitem", "pk": 357}, {"fields": {"purchase_order_item": 198, "value": "120.00", "release_order": 9}, "model": "eums.releaseorderitem", "pk": 358}, {"fields": {"purchase_order_item": 199, "value": "24.00", "release_order": 10}, "model": "eums.releaseorderitem", "pk": 359}, {"fields": {"purchase_order_item": 200, "value": "100.00", "release_order": 10}, "model": "eums.releaseorderitem", "pk": 360}, {"fields": {"purchase_order_item": 201, "value": "8000.00", "release_order": 11}, "model": "eums.releaseorderitem", "pk": 361}, {"fields": {"purchase_order_item": 202, "value": "30000.00", "release_order": 11}, "model": "eums.releaseorderitem", "pk": 362}, {"fields": {"purchase_order_item": 203, "value": "100.00", "release_order": 12}, "model": "eums.releaseorderitem", "pk": 363}, {"fields": {"purchase_order_item": 204, "value": "250.00", "release_order": 12}, "model": "eums.releaseorderitem", "pk": 364}, {"fields": {"purchase_order_item": 205, "value": "36.60", "release_order": 13}, "model": "eums.releaseorderitem", "pk": 365}, {"fields": {"purchase_order_item": 206, "value": "27.30", "release_order": 13}, "model": "eums.releaseorderitem", "pk": 366}, {"fields": {"purchase_order_item": 207, "value": "20010.00", "release_order": 14}, "model": "eums.releaseorderitem", "pk": 367}, {"fields": {"purchase_order_item": 208, "value": "8888.00", "release_order": 14}, "model": "eums.releaseorderitem", "pk": 368}, {"fields": {"purchase_order_item": 209, "value": "7643.88", "release_order": 15}, "model": "eums.releaseorderitem", "pk": 369}, {"fields": {"purchase_order_item": 210, "value": "342.30", "release_order": 15}, "model": "eums.releaseorderitem", "pk": 370}, {"fields": {"purchase_order_item": 211, "value": "100.00", "release_order": 16}, "model": "eums.releaseorderitem", "pk": 371}, {"fields": {"purchase_order_item": 212, "value": "200.00", "release_order": 17}, "model": "eums.releaseorderitem", "pk": 372}, {"fields": {"purchase_order_item": 213, "value": "300.00", "release_order": 18}, "model": "eums.releaseorderitem", "pk": 373}, {"fields": {"purchase_order_item": 214, "value": "400.00", "release_order": 19}, "model": "eums.releaseorderitem", "pk": 374}, {"fields": {"purchase_order_item": 215, "value": "500.00", "release_order": 20}, "model": "eums.releaseorderitem", "pk": 375}, {"fields": {"purchase_order_item": 216, "value": "600.00", "release_order": 21}, "model": "eums.releaseorderitem", "pk": 376}, {"fields": {"tracked_date": "2015-12-30T06:42:32.527", "confirmed": false, "time_limitation_on_distribution": null, "programme": 1}, "model": "eums.distributionplan", "pk": 1}, {"fields": {"tracked_date": "2015-12-30T06:42:32.525", "confirmed": true, "time_limitation_on_distribution": null, "programme": 1}, "model": "eums.distributionplan", "pk": 2}, {"fields": {"tracked_date": "2015-12-30T06:42:32.527", "confirmed": false, "time_limitation_on_distribution": null, "programme": 1}, "model": "eums.distributionplan", "pk": 3}, {"fields": {"tracked_date": "2015-12-30T06:42:32.527", "confirmed": false, "time_limitation_on_distribution": null, "programme": 1}, "model": "eums.distributionplan", "pk": 4}, {"fields": {"tracked_date": "2015-12-30T06:42:32.527", "confirmed": false, "time_limitation_on_distribution": null, "programme": 1}, "model": "eums.distributionplan", "pk": 5}, {"fields": {"tracked_date": "2015-12-30T06:42:32.527", "confirmed": false, "time_limitation_on_distribution": null, "programme": 1}, "model": "eums.distributionplan", "pk": 6}, {"fields": {"tracked_date": "2015-12-30T06:42:32.528", "confirmed": false, "time_limitation_on_distribution": null, "programme": 1}, "model": "eums.distributionplan", "pk": 7}, {"fields": {"tracked_date": "2015-12-30T06:42:32.528", "confirmed": false, "time_limitation_on_distribution": null, "programme": 1}, "model": "eums.distributionplan", "pk": 8}, {"fields": {"tracked_date": "2015-12-30T06:44:05.777", "confirmed": true, "time_limitation_on_distribution": 1, "programme": 4}, "model": "eums.distributionplan", "pk": 17}, {"fields": {"tracked_date": "2015-12-30T06:44:39.732", "confirmed": false, "time_limitation_on_distribution": 1, "programme": 1}, "model": "eums.distributionplan", "pk": 19}, {"fields": {"tracked_date": "2015-12-30T06:46:39.276", "confirmed": false, "time_limitation_on_distribution": 1, "programme": 5}, "model": "eums.distributionplan", "pk": 23}, {"fields": {"tracked_date": "2015-12-30T06:46:39.276", "confirmed": false, "time_limitation_on_distribution": 1, "programme": 5}, "model": "eums.distributionplan", "pk": 24}, {"fields": {"tracked_date": "2015-12-30T06:46:39.277", "confirmed": true, "time_limitation_on_distribution": 1, "programme": 5}, "model": "eums.distributionplan", "pk": 25}, {"fields": {"tracked_date": "2015-12-30T06:47:08.158", "confirmed": true, "time_limitation_on_distribution": null, "programme": 1}, "model": "eums.distributionplan", "pk": 29}, {"fields": {"tracked_date": "2015-12-30T06:47:08.159", "confirmed": true, "time_limitation_on_distribution": null, "programme": 1}, "model": "eums.distributionplan", "pk": 30}, {"fields": {"tracked_date": "2015-12-30T06:47:08.159", "confirmed": false, "time_limitation_on_distribution": null, "programme": 1}, "model": "eums.distributionplan", "pk": 31}, {"fields": {"tracked_date": "2015-12-30T06:47:08.159", "confirmed": true, "time_limitation_on_distribution": null, "programme": 1}, "model": "eums.distributionplan", "pk": 32}, {"fields": {"tracked_date": "2015-12-30T06:47:08.159", "confirmed": true, "time_limitation_on_distribution": null, "programme": 1}, "model": "eums.distributionplan", "pk": 33}, {"fields": {"tracked_date": "2015-12-30T06:47:08.159", "confirmed": true, "time_limitation_on_distribution": null, "programme": 1}, "model": "eums.distributionplan", "pk": 34}, {"fields": {"tracked_date": "2015-12-30T06:47:08.160", "confirmed": false, "time_limitation_on_distribution": null, "programme": 1}, "model": "eums.distributionplan", "pk": 35}, {"fields": {"tracked_date": "2015-12-30T06:47:08.160", "confirmed": true, "time_limitation_on_distribution": null, "programme": 1}, "model": "eums.distributionplan", "pk": 36}, {"fields": {"tracked_date": "2015-12-30T06:47:08.160", "confirmed": false, "time_limitation_on_distribution": null, "programme": 1}, "model": "eums.distributionplan", "pk": 37}, {"fields": {"tracked_date": "2015-12-30T06:47:08.160", "confirmed": true, "time_limitation_on_distribution": null, "programme": 1}, "model": "eums.distributionplan", "pk": 38}, {"fields": {"tracked_date": "2015-12-30T06:52:06.002", "confirmed": false, "time_limitation_on_distribution": 22, "programme": 1}, "model": "eums.distributionplan", "pk": 49}, {"fields": {"tracked_date": "2015-12-30T07:06:32.146", "confirmed": true, "time_limitation_on_distribution": 15, "programme": 3}, "model": "eums.distributionplan", "pk": 51}, {"fields": {"tracked_date": "2015-12-30T07:54:47.493", "confirmed": false, "time_limitation_on_distribution": null, "programme": 2}, "model": "eums.distributionplan", "pk": 67}, {"fields": {"tracked_date": "2015-12-30T08:12:15.146", "confirmed": false, "time_limitation_on_distribution": null, "programme": 2}, "model": "eums.distributionplan", "pk": 69}, {"fields": {"description": null, "created": "2015-12-28T11:48:57.436", "modified": "2015-12-28T11:48:57.436", "date": "2015-12-28", "order_number": 20141, "programme": 1}, "model": "eums.salesorder", "pk": 1}, {"fields": {"description": null, "created": "2015-12-28T11:48:57.438", "modified": "2015-12-28T11:48:57.438", "date": "2015-12-28", "order_number": 20142, "programme": 2}, "model": "eums.salesorder", "pk": 2}, {"fields": {"description": null, "created": "2015-12-28T11:48:57.438", "modified": "2015-12-28T11:48:57.439", "date": "2015-12-28", "order_number": 20143, "programme": 3}, "model": "eums.salesorder", "pk": 3}, {"fields": {"description": null, "created": "2015-12-28T11:48:57.439", "modified": "2015-12-28T11:48:57.439", "date": "2015-12-28", "order_number": 20144, "programme": 4}, "model": "eums.salesorder", "pk": 4}, {"fields": {"description": null, "created": "2015-12-28T11:48:57.440", "modified": "2015-12-28T11:48:57.440", "date": "2015-12-28", "order_number": 20145, "programme": 5}, "model": "eums.salesorder", "pk": 5}, {"fields": {"description": null, "created": "2015-12-28T11:48:57.441", "modified": "2015-12-28T11:48:57.441", "date": "2015-12-28", "order_number": 20146, "programme": 6}, "model": "eums.salesorder", "pk": 6}, {"fields": {"description": null, "created": "2015-12-28T11:48:57.442", "modified": "2015-12-28T11:48:57.442", "date": "2015-12-28", "order_number": 20147, "programme": 1}, "model": "eums.salesorder", "pk": 7}, {"fields": {"description": null, "created": "2015-12-28T11:48:57.443", "modified": "2015-12-28T11:48:57.443", "date": "2015-12-28", "order_number": 20148, "programme": 2}, "model": "eums.salesorder", "pk": 8}, {"fields": {"description": null, "created": "2015-12-28T11:48:57.444", "modified": "2015-12-28T11:48:57.444", "date": "2015-12-28", "order_number": 20149, "programme": 3}, "model": "eums.salesorder", "pk": 9}, {"fields": {"description": null, "created": "2015-12-28T11:48:57.445", "modified": "2015-12-28T11:48:57.445", "date": "2015-12-28", "order_number": 201410, "programme": 4}, "model": "eums.salesorder", "pk": 10}, {"fields": {"description": null, "created": "2015-12-28T11:48:57.446", "modified": "2015-12-28T11:48:57.446", "date": "2015-12-28", "order_number": 201411, "programme": 5}, "model": "eums.salesorder", "pk": 11}, {"fields": {"description": null, "created": "2015-12-28T11:48:57.447", "modified": "2015-12-28T11:48:57.447", "date": "2015-12-28", "order_number": 201412, "programme": 6}, "model": "eums.salesorder", "pk": 12}, {"fields": {"description": null, "created": "2015-12-28T11:48:57.448", "modified": "2015-12-28T11:48:57.448", "date": "2015-12-28", "order_number": 201413, "programme": 1}, "model": "eums.salesorder", "pk": 13}, {"fields": {"description": null, "created": "2015-12-28T11:48:57.449", "modified": "2015-12-28T11:48:57.449", "date": "2015-12-28", "order_number": 201414, "programme": 2}, "model": "eums.salesorder", "pk": 14}, {"fields": {"description": null, "created": "2015-12-28T11:48:57.450", "modified": "2015-12-28T11:48:57.450", "date": "2015-12-28", "order_number": 201415, "programme": 3}, "model": "eums.salesorder", "pk": 15}, {"fields": {"description": null, "created": "2015-12-28T11:48:57.450", "modified": "2015-12-28T11:48:57.450", "date": "2015-12-28", "order_number": 201416, "programme": 4}, "model": "eums.salesorder", "pk": 16}, {"fields": {"description": null, "created": "2015-12-28T11:48:57.451", "modified": "2015-12-28T11:48:57.451", "date": "2015-12-28", "order_number": 201417, "programme": 5}, "model": "eums.salesorder", "pk": 17}, {"fields": {"description": null, "created": "2015-12-28T11:48:57.452", "modified": "2015-12-28T11:48:57.452", "date": "2015-12-28", "order_number": 201418, "programme": 6}, "model": "eums.salesorder", "pk": 18}, {"fields": {"description": null, "created": "2015-12-28T11:48:57.453", "modified": "2015-12-28T11:48:57.453", "date": "2015-12-28", "order_number": 201419, "programme": 1}, "model": "eums.salesorder", "pk": 19}, {"fields": {"description": null, "created": "2015-12-28T11:48:57.454", "modified": "2015-12-28T11:48:57.454", "date": "2015-12-28", "order_number": 201420, "programme": 2}, "model": "eums.salesorder", "pk": 20}, {"fields": {"description": null, "created": "2015-12-28T11:48:57.455", "modified": "2015-12-28T11:48:57.455", "date": "2015-12-28", "order_number": 201421, "programme": 3}, "model": "eums.salesorder", "pk": 21}, {"fields": {"description": null, "created": "2015-12-28T11:48:57.456", "modified": "2015-12-28T11:48:57.456", "date": "2015-12-28", "order_number": 201422, "programme": 4}, "model": "eums.salesorder", "pk": 22}, {"fields": {"description": null, "created": "2015-12-28T11:48:57.457", "modified": "2015-12-28T11:48:57.457", "date": "2015-12-28", "order_number": 201423, "programme": 5}, "model": "eums.salesorder", "pk": 23}, {"fields": {"description": null, "created": "2015-12-28T11:48:57.458", "modified": "2015-12-28T11:48:57.458", "date": "2015-12-28", "order_number": 201424, "programme": 6}, "model": "eums.salesorder", "pk": 24}, {"fields": {"description": null, "created": "2015-12-28T11:48:57.458", "modified": "2015-12-28T11:48:57.458", "date": "2015-12-28", "order_number": 201425, "programme": 1}, "model": "eums.salesorder", "pk": 25}, {"fields": {"description": null, "created": "2015-12-28T11:48:57.459", "modified": "2015-12-28T11:48:57.459", "date": "2015-12-28", "order_number": 201426, "programme": 2}, "model": "eums.salesorder", "pk": 26}, {"fields": {"description": null, "created": "2015-12-28T11:48:57.460", "modified": "2015-12-28T11:48:57.460", "date": "2015-12-28", "order_number": 201427, "programme": 3}, "model": "eums.salesorder", "pk": 27}, {"fields": {"description": null, "created": "2015-12-28T11:48:57.461", "modified": "2015-12-28T11:48:57.461", "date": "2015-12-28", "order_number": 201428, "programme": 4}, "model": "eums.salesorder", "pk": 28}, {"fields": {"description": null, "created": "2015-12-28T11:48:57.462", "modified": "2015-12-28T11:48:57.462", "date": "2015-12-28", "order_number": 201429, "programme": 5}, "model": "eums.salesorder", "pk": 29}, {"fields": {"description": null, "created": "2015-12-28T11:48:57.463", "modified": "2015-12-28T11:48:57.463", "date": "2015-12-28", "order_number": 201430, "programme": 6}, "model": "eums.salesorder", "pk": 30}, {"fields": {"description": null, "created": "2015-12-28T11:48:57.464", "modified": "2015-12-28T11:48:57.464", "date": "2015-12-28", "order_number": 201431, "programme": 1}, "model": "eums.salesorder", "pk": 31}, {"fields": {"description": null, "created": "2015-12-28T11:48:57.465", "modified": "2015-12-28T11:48:57.465", "date": "2015-12-28", "order_number": 201432, "programme": 2}, "model": "eums.salesorder", "pk": 32}, {"fields": {"description": null, "created": "2015-12-28T11:48:57.466", "modified": "2015-12-28T11:48:57.466", "date": "2015-12-28", "order_number": 201433, "programme": 3}, "model": "eums.salesorder", "pk": 33}, {"fields": {"description": null, "created": "2015-12-28T11:48:57.467", "modified": "2015-12-28T11:48:57.467", "date": "2015-12-28", "order_number": 201434, "programme": 4}, "model": "eums.salesorder", "pk": 34}, {"fields": {"description": null, "created": "2015-12-28T11:48:57.467", "modified": "2015-12-28T11:48:57.467", "date": "2015-12-28", "order_number": 201435, "programme": 5}, "model": "eums.salesorder", "pk": 35}, {"fields": {"description": null, "created": "2015-12-28T11:48:57.468", "modified": "2015-12-28T11:48:57.468", "date": "2015-12-28", "order_number": 201436, "programme": 6}, "model": "eums.salesorder", "pk": 36}, {"fields": {"description": null, "created": "2015-12-28T11:48:57.469", "modified": "2015-12-28T11:48:57.469", "date": "2015-12-28", "order_number": 201437, "programme": 1}, "model": "eums.salesorder", "pk": 37}, {"fields": {"description": null, "created": "2015-12-28T11:48:57.470", "modified": "2015-12-28T11:48:57.470", "date": "2015-12-28", "order_number": 201438, "programme": 2}, "model": "eums.salesorder", "pk": 38}, {"fields": {"description": null, "created": "2015-12-28T11:48:57.471", "modified": "2015-12-28T11:48:57.471", "date": "2015-12-28", "order_number": 201439, "programme": 3}, "model": "eums.salesorder", "pk": 39}, {"fields": {"description": null, "created": "2015-12-28T11:48:57.472", "modified": "2015-12-28T11:48:57.472", "date": "2015-12-28", "order_number": 201440, "programme": 4}, "model": "eums.salesorder", "pk": 40}, {"fields": {"description": null, "created": "2015-12-28T11:48:57.473", "modified": "2015-12-28T11:48:57.473", "date": "2015-12-28", "order_number": 201441, "programme": 5}, "model": "eums.salesorder", "pk": 41}, {"fields": {"description": null, "created": "2015-12-28T11:48:57.474", "modified": "2015-12-28T11:48:57.474", "date": "2015-12-28", "order_number": 201442, "programme": 6}, "model": "eums.salesorder", "pk": 42}, {"fields": {"description": null, "created": "2015-12-28T11:48:57.474", "modified": "2015-12-28T11:48:57.474", "date": "2015-12-28", "order_number": 201443, "programme": 1}, "model": "eums.salesorder", "pk": 43}, {"fields": {"description": null, "created": "2015-12-28T11:48:57.475", "modified": "2015-12-28T11:48:57.475", "date": "2015-12-28", "order_number": 201444, "programme": 2}, "model": "eums.salesorder", "pk": 44}, {"fields": {"description": null, "created": "2015-12-28T11:48:57.476", "modified": "2015-12-28T11:48:57.476", "date": "2015-12-28", "order_number": 201445, "programme": 3}, "model": "eums.salesorder", "pk": 45}, {"fields": {"description": null, "created": "2015-12-28T11:48:57.477", "modified": "2015-12-28T11:48:57.477", "date": "2015-12-28", "order_number": 201446, "programme": 4}, "model": "eums.salesorder", "pk": 46}, {"fields": {"description": null, "created": "2015-12-28T11:48:57.478", "modified": "2015-12-28T11:48:57.478", "date": "2015-12-28", "order_number": 201447, "programme": 5}, "model": "eums.salesorder", "pk": 47}, {"fields": {"description": null, "created": "2015-12-28T11:48:57.479", "modified": "2015-12-28T11:48:57.479", "date": "2015-12-28", "order_number": 201448, "programme": 6}, "model": "eums.salesorder", "pk": 48}, {"fields": {"description": null, "created": "2015-12-28T11:48:57.480", "modified": "2015-12-28T11:48:57.480", "date": "2015-12-28", "order_number": 201449, "programme": 1}, "model": "eums.salesorder", "pk": 49}, {"fields": {"description": null, "created": "2015-12-28T11:48:57.481", "modified": "2015-12-28T11:48:57.481", "date": "2015-12-28", "order_number": 201450, "programme": 2}, "model": "eums.salesorder", "pk": 50}, {"fields": {"issue_date": "2014-10-09", "description": "Nets", "sales_order": 1, "net_price": "10.0000", "net_value": "1000.0000", "delivery_date": "2014-10-14"}, "model": "eums.salesorderitem", "pk": 1}, {"fields": {"issue_date": "2014-10-09", "description": "Nets", "sales_order": 2, "net_price": "10.0000", "net_value": "1000.0000", "delivery_date": "2014-10-14"}, "model": "eums.salesorderitem", "pk": 2}, {"fields": {"issue_date": "2014-10-09", "description": "Nets", "sales_order": 2, "net_price": "10.0000", "net_value": "1000.0000", "delivery_date": "2014-10-14"}, "model": "eums.salesorderitem", "pk": 3}, {"fields": {"issue_date": "2014-10-09", "description": "Nets", "sales_order": 3, "net_price": "10.0000", "net_value": "1000.0000", "delivery_date": "2014-10-14"}, "model": "eums.salesorderitem", "pk": 4}, {"fields": {"issue_date": "2014-10-09", "description": "Nets", "sales_order": 3, "net_price": "10.0000", "net_value": "1000.0000", "delivery_date": "2014-10-14"}, "model": "eums.salesorderitem", "pk": 5}, {"fields": {"issue_date": "2014-10-09", "description": "Nets", "sales_order": 3, "net_price": "10.0000", "net_value": "1000.0000", "delivery_date": "2014-10-14"}, "model": "eums.salesorderitem", "pk": 6}, {"fields": {"issue_date": "2014-10-09", "description": "Nets", "sales_order": 4, "net_price": "10.0000", "net_value": "1000.0000", "delivery_date": "2014-10-14"}, "model": "eums.salesorderitem", "pk": 7}, {"fields": {"issue_date": "2014-10-09", "description": "Nets", "sales_order": 4, "net_price": "10.0000", "net_value": "1000.0000", "delivery_date": "2014-10-14"}, "model": "eums.salesorderitem", "pk": 8}, {"fields": {"issue_date": "2014-10-09", "description": "Nets", "sales_order": 4, "net_price": "10.0000", "net_value": "1000.0000", "delivery_date": "2014-10-14"}, "model": "eums.salesorderitem", "pk": 9}, {"fields": {"issue_date": "2014-10-09", "description": "Nets", "sales_order": 4, "net_price": "10.0000", "net_value": "1000.0000", "delivery_date": "2014-10-14"}, "model": "eums.salesorderitem", "pk": 10}, {"fields": {"issue_date": "2014-10-09", "description": "Nets", "sales_order": 5, "net_price": "10.0000", "net_value": "1000.0000", "delivery_date": "2014-10-14"}, "model": "eums.salesorderitem", "pk": 11}, {"fields": {"issue_date": "2014-10-09", "description": "Nets", "sales_order": 5, "net_price": "10.0000", "net_value": "1000.0000", "delivery_date": "2014-10-14"}, "model": "eums.salesorderitem", "pk": 12}, {"fields": {"issue_date": "2014-10-09", "description": "Nets", "sales_order": 5, "net_price": "10.0000", "net_value": "1000.0000", "delivery_date": "2014-10-14"}, "model": "eums.salesorderitem", "pk": 13}, {"fields": {"issue_date": "2014-10-09", "description": "Nets", "sales_order": 5, "net_price": "10.0000", "net_value": "1000.0000", "delivery_date": "2014-10-14"}, "model": "eums.salesorderitem", "pk": 14}, {"fields": {"issue_date": "2014-10-09", "description": "Nets", "sales_order": 5, "net_price": "10.0000", "net_value": "1000.0000", "delivery_date": "2014-10-14"}, "model": "eums.salesorderitem", "pk": 15}, {"fields": {"issue_date": "2014-10-09", "description": "Nets", "sales_order": 6, "net_price": "10.0000", "net_value": "1000.0000", "delivery_date": "2014-10-14"}, "model": "eums.salesorderitem", "pk": 16}, {"fields": {"issue_date": "2014-10-09", "description": "Nets", "sales_order": 6, "net_price": "10.0000", "net_value": "1000.0000", "delivery_date": "2014-10-14"}, "model": "eums.salesorderitem", "pk": 17}, {"fields": {"issue_date": "2014-10-09", "description": "Nets", "sales_order": 6, "net_price": "10.0000", "net_value": "1000.0000", "delivery_date": "2014-10-14"}, "model": "eums.salesorderitem", "pk": 18}, {"fields": {"issue_date": "2014-10-09", "description": "Nets", "sales_order": 6, "net_price": "10.0000", "net_value": "1000.0000", "delivery_date": "2014-10-14"}, "model": "eums.salesorderitem", "pk": 19}, {"fields": {"issue_date": "2014-10-09", "description": "Nets", "sales_order": 6, "net_price": "10.0000", "net_value": "1000.0000", "delivery_date": "2014-10-14"}, "model": "eums.salesorderitem", "pk": 20}, {"fields": {"issue_date": "2014-10-09", "description": "Nets", "sales_order": 6, "net_price": "10.0000", "net_value": "1000.0000", "delivery_date": "2014-10-14"}, "model": "eums.salesorderitem", "pk": 21}, {"fields": {"issue_date": "2014-10-09", "description": "Nets", "sales_order": 7, "net_price": "10.0000", "net_value": "1000.0000", "delivery_date": "2014-10-14"}, "model": "eums.salesorderitem", "pk": 22}, {"fields": {"issue_date": "2014-10-09", "description": "Nets", "sales_order": 7, "net_price": "10.0000", "net_value": "1000.0000", "delivery_date": "2014-10-14"}, "model": "eums.salesorderitem", "pk": 23}, {"fields": {"issue_date": "2014-10-09", "description": "Nets", "sales_order": 7, "net_price": "10.0000", "net_value": "1000.0000", "delivery_date": "2014-10-14"}, "model": "eums.salesorderitem", "pk": 24}, {"fields": {"issue_date": "2014-10-09", "description": "Nets", "sales_order": 7, "net_price": "10.0000", "net_value": "1000.0000", "delivery_date": "2014-10-14"}, "model": "eums.salesorderitem", "pk": 25}, {"fields": {"issue_date": "2014-10-09", "description": "Nets", "sales_order": 7, "net_price": "10.0000", "net_value": "1000.0000", "delivery_date": "2014-10-14"}, "model": "eums.salesorderitem", "pk": 26}, {"fields": {"issue_date": "2014-10-09", "description": "Nets", "sales_order": 7, "net_price": "10.0000", "net_value": "1000.0000", "delivery_date": "2014-10-14"}, "model": "eums.salesorderitem", "pk": 27}, {"fields": {"issue_date": "2014-10-09", "description": "Nets", "sales_order": 7, "net_price": "10.0000", "net_value": "1000.0000", "delivery_date": "2014-10-14"}, "model": "eums.salesorderitem", "pk": 28}, {"fields": {"issue_date": "2014-10-09", "description": "Nets", "sales_order": 8, "net_price": "10.0000", "net_value": "1000.0000", "delivery_date": "2014-10-14"}, "model": "eums.salesorderitem", "pk": 29}, {"fields": {"issue_date": "2014-10-09", "description": "Nets", "sales_order": 8, "net_price": "10.0000", "net_value": "1000.0000", "delivery_date": "2014-10-14"}, "model": "eums.salesorderitem", "pk": 30}, {"fields": {"issue_date": "2014-10-09", "description": "Nets", "sales_order": 8, "net_price": "10.0000", "net_value": "1000.0000", "delivery_date": "2014-10-14"}, "model": "eums.salesorderitem", "pk": 31}, {"fields": {"issue_date": "2014-10-09", "description": "Nets", "sales_order": 8, "net_price": "10.0000", "net_value": "1000.0000", "delivery_date": "2014-10-14"}, "model": "eums.salesorderitem", "pk": 32}, {"fields": {"issue_date": "2014-10-09", "description": "Nets", "sales_order": 8, "net_price": "10.0000", "net_value": "1000.0000", "delivery_date": "2014-10-14"}, "model": "eums.salesorderitem", "pk": 33}, {"fields": {"issue_date": "2014-10-09", "description": "Nets", "sales_order": 8, "net_price": "10.0000", "net_value": "1000.0000", "delivery_date": "2014-10-14"}, "model": "eums.salesorderitem", "pk": 34}, {"fields": {"issue_date": "2014-10-09", "description": "Nets", "sales_order": 8, "net_price": "10.0000", "net_value": "1000.0000", "delivery_date": "2014-10-14"}, "model": "eums.salesorderitem", "pk": 35}, {"fields": {"issue_date": "2014-10-09", "description": "Nets", "sales_order": 8, "net_price": "10.0000", "net_value": "1000.0000", "delivery_date": "2014-10-14"}, "model": "eums.salesorderitem", "pk": 36}, {"fields": {"issue_date": "2014-10-09", "description": "Nets", "sales_order": 9, "net_price": "10.0000", "net_value": "1000.0000", "delivery_date": "2014-10-14"}, "model": "eums.salesorderitem", "pk": 37}, {"fields": {"issue_date": "2014-10-09", "description": "Nets", "sales_order": 9, "net_price": "10.0000", "net_value": "1000.0000", "delivery_date": "2014-10-14"}, "model": "eums.salesorderitem", "pk": 38}, {"fields": {"issue_date": "2014-10-09", "description": "Nets", "sales_order": 10, "net_price": "10.0000", "net_value": "1000.0000", "delivery_date": "2014-10-14"}, "model": "eums.salesorderitem", "pk": 39}, {"fields": {"issue_date": "2014-10-09", "description": "Nets", "sales_order": 10, "net_price": "10.0000", "net_value": "1000.0000", "delivery_date": "2014-10-14"}, "model": "eums.salesorderitem", "pk": 40}, {"fields": {"issue_date": "2014-10-09", "description": "Nets", "sales_order": 11, "net_price": "10.0000", "net_value": "1000.0000", "delivery_date": "2014-10-14"}, "model": "eums.salesorderitem", "pk": 41}, {"fields": {"issue_date": "2014-10-09", "description": "Nets", "sales_order": 11, "net_price": "10.0000", "net_value": "1000.0000", "delivery_date": "2014-10-14"}, "model": "eums.salesorderitem", "pk": 42}, {"fields": {"issue_date": "2014-10-09", "description": "Nets", "sales_order": 12, "net_price": "10.0000", "net_value": "1000.0000", "delivery_date": "2014-10-14"}, "model": "eums.salesorderitem", "pk": 43}, {"fields": {"issue_date": "2014-10-09", "description": "Nets", "sales_order": 12, "net_price": "10.0000", "net_value": "1000.0000", "delivery_date": "2014-10-14"}, "model": "eums.salesorderitem", "pk": 44}, {"fields": {"issue_date": "2014-10-09", "description": "Nets", "sales_order": 13, "net_price": "10.0000", "net_value": "1000.0000", "delivery_date": "2014-10-14"}, "model": "eums.salesorderitem", "pk": 45}, {"fields": {"issue_date": "2014-10-09", "description": "Nets", "sales_order": 13, "net_price": "10.0000", "net_value": "1000.0000", "delivery_date": "2014-10-14"}, "model": "eums.salesorderitem", "pk": 46}, {"fields": {"issue_date": "2014-10-09", "description": "Nets", "sales_order": 14, "net_price": "10.0000", "net_value": "1000.0000", "delivery_date": "2014-10-14"}, "model": "eums.salesorderitem", "pk": 47}, {"fields": {"issue_date": "2014-10-09", "description": "Nets", "sales_order": 14, "net_price": "10.0000", "net_value": "1000.0000", "delivery_date": "2014-10-14"}, "model": "eums.salesorderitem", "pk": 48}, {"fields": {"issue_date": "2014-10-09", "description": "Nets", "sales_order": 15, "net_price": "10.0000", "net_value": "1000.0000", "delivery_date": "2014-10-14"}, "model": "eums.salesorderitem", "pk": 49}, {"fields": {"issue_date": "2014-10-09", "description": "Nets", "sales_order": 15, "net_price": "10.0000", "net_value": "1000.0000", "delivery_date": "2014-10-14"}, "model": "eums.salesorderitem", "pk": 50}, {"fields": {"issue_date": "2014-10-09", "description": "Nets", "sales_order": 16, "net_price": "10.0000", "net_value": "1000.0000", "delivery_date": "2014-10-14"}, "model": "eums.salesorderitem", "pk": 51}, {"fields": {"issue_date": "2014-10-09", "description": "Nets", "sales_order": 17, "net_price": "10.0000", "net_value": "1000.0000", "delivery_date": "2014-10-14"}, "model": "eums.salesorderitem", "pk": 52}, {"fields": {"issue_date": "2014-10-09", "description": "Nets", "sales_order": 18, "net_price": "10.0000", "net_value": "1000.0000", "delivery_date": "2014-10-14"}, "model": "eums.salesorderitem", "pk": 53}, {"fields": {"issue_date": "2014-10-09", "description": "Nets", "sales_order": 19, "net_price": "10.0000", "net_value": "1000.0000", "delivery_date": "2014-10-14"}, "model": "eums.salesorderitem", "pk": 54}, {"fields": {"issue_date": "2014-10-09", "description": "Nets", "sales_order": 20, "net_price": "10.0000", "net_value": "1000.0000", "delivery_date": "2014-10-14"}, "model": "eums.salesorderitem", "pk": 55}, {"fields": {"issue_date": "2014-10-09", "description": "Nets", "sales_order": 21, "net_price": "10.0000", "net_value": "1000.0000", "delivery_date": "2014-10-14"}, "model": "eums.salesorderitem", "pk": 56}, {"fields": {"issue_date": "2014-10-09", "description": "Nets", "sales_order": 22, "net_price": "10.0000", "net_value": "1000.0000", "delivery_date": "2014-10-14"}, "model": "eums.salesorderitem", "pk": 57}, {"fields": {"issue_date": "2014-10-09", "description": "Nets", "sales_order": 23, "net_price": "10.0000", "net_value": "1000.0000", "delivery_date": "2014-10-14"}, "model": "eums.salesorderitem", "pk": 58}, {"fields": {"issue_date": "2014-10-09", "description": "Nets", "sales_order": 24, "net_price": "10.0000", "net_value": "1000.0000", "delivery_date": "2014-10-14"}, "model": "eums.salesorderitem", "pk": 59}, {"fields": {"issue_date": "2014-10-09", "description": "Nets", "sales_order": 25, "net_price": "10.0000", "net_value": "1000.0000", "delivery_date": "2014-10-14"}, "model": "eums.salesorderitem", "pk": 60}, {"fields": {"issue_date": "2014-10-09", "description": "Nets", "sales_order": 26, "net_price": "10.0000", "net_value": "1000.0000", "delivery_date": "2014-10-14"}, "model": "eums.salesorderitem", "pk": 61}, {"fields": {"issue_date": "2014-10-09", "description": "Nets", "sales_order": 27, "net_price": "10.0000", "net_value": "1000.0000", "delivery_date": "2014-10-14"}, "model": "eums.salesorderitem", "pk": 62}, {"fields": {"issue_date": "2014-10-09", "description": "Nets", "sales_order": 28, "net_price": "10.0000", "net_value": "1000.0000", "delivery_date": "2014-10-14"}, "model": "eums.salesorderitem", "pk": 63}, {"fields": {"issue_date": "2014-10-09", "description": "Nets", "sales_order": 29, "net_price": "10.0000", "net_value": "1000.0000", "delivery_date": "2014-10-14"}, "model": "eums.salesorderitem", "pk": 64}, {"fields": {"issue_date": "2014-10-09", "description": "Nets", "sales_order": 30, "net_price": "10.0000", "net_value": "1000.0000", "delivery_date": "2014-10-14"}, "model": "eums.salesorderitem", "pk": 65}, {"fields": {"issue_date": "2014-10-09", "description": "Nets", "sales_order": 31, "net_price": "10.0000", "net_value": "1000.0000", "delivery_date": "2014-10-14"}, "model": "eums.salesorderitem", "pk": 66}, {"fields": {"issue_date": "2014-10-09", "description": "Nets", "sales_order": 32, "net_price": "10.0000", "net_value": "1000.0000", "delivery_date": "2014-10-14"}, "model": "eums.salesorderitem", "pk": 67}, {"fields": {"issue_date": "2014-10-09", "description": "Nets", "sales_order": 33, "net_price": "10.0000", "net_value": "1000.0000", "delivery_date": "2014-10-14"}, "model": "eums.salesorderitem", "pk": 68}, {"fields": {"issue_date": "2014-10-09", "description": "Nets", "sales_order": 34, "net_price": "10.0000", "net_value": "1000.0000", "delivery_date": "2014-10-14"}, "model": "eums.salesorderitem", "pk": 69}, {"fields": {"issue_date": "2014-10-09", "description": "Nets", "sales_order": 35, "net_price": "10.0000", "net_value": "1000.0000", "delivery_date": "2014-10-14"}, "model": "eums.salesorderitem", "pk": 70}, {"fields": {"issue_date": "2014-10-09", "description": "Nets", "sales_order": 36, "net_price": "10.0000", "net_value": "1000.0000", "delivery_date": "2014-10-14"}, "model": "eums.salesorderitem", "pk": 71}, {"fields": {"issue_date": "2014-10-09", "description": "Nets", "sales_order": 37, "net_price": "10.0000", "net_value": "1000.0000", "delivery_date": "2014-10-14"}, "model": "eums.salesorderitem", "pk": 72}, {"fields": {"issue_date": "2014-10-09", "description": "Nets", "sales_order": 38, "net_price": "10.0000", "net_value": "1000.0000", "delivery_date": "2014-10-14"}, "model": "eums.salesorderitem", "pk": 73}, {"fields": {"issue_date": "2014-10-09", "description": "Nets", "sales_order": 39, "net_price": "10.0000", "net_value": "1000.0000", "delivery_date": "2014-10-14"}, "model": "eums.salesorderitem", "pk": 74}, {"fields": {"issue_date": "2014-10-09", "description": "Nets", "sales_order": 40, "net_price": "10.0000", "net_value": "1000.0000", "delivery_date": "2014-10-14"}, "model": "eums.salesorderitem", "pk": 75}, {"fields": {"issue_date": "2014-10-09", "description": "Nets", "sales_order": 41, "net_price": "10.0000", "net_value": "1000.0000", "delivery_date": "2014-10-14"}, "model": "eums.salesorderitem", "pk": 76}, {"fields": {"issue_date": "2014-10-09", "description": "Nets", "sales_order": 42, "net_price": "10.0000", "net_value": "1000.0000", "delivery_date": "2014-10-14"}, "model": "eums.salesorderitem", "pk": 77}, {"fields": {"issue_date": "2014-10-09", "description": "Nets", "sales_order": 43, "net_price": "10.0000", "net_value": "1000.0000", "delivery_date": "2014-10-14"}, "model": "eums.salesorderitem", "pk": 78}, {"fields": {"issue_date": "2014-10-09", "description": "Nets", "sales_order": 44, "net_price": "10.0000", "net_value": "1000.0000", "delivery_date": "2014-10-14"}, "model": "eums.salesorderitem", "pk": 79}, {"fields": {"issue_date": "2014-10-09", "description": "Nets", "sales_order": 45, "net_price": "10.0000", "net_value": "1000.0000", "delivery_date": "2014-10-14"}, "model": "eums.salesorderitem", "pk": 80}, {"fields": {"issue_date": "2014-10-09", "description": "Nets", "sales_order": 46, "net_price": "10.0000", "net_value": "1000.0000", "delivery_date": "2014-10-14"}, "model": "eums.salesorderitem", "pk": 81}, {"fields": {"issue_date": "2014-10-09", "description": "Nets", "sales_order": 47, "net_price": "10.0000", "net_value": "1000.0000", "delivery_date": "2014-10-14"}, "model": "eums.salesorderitem", "pk": 82}, {"fields": {"issue_date": "2014-10-09", "description": "Nets", "sales_order": 48, "net_price": "10.0000", "net_value": "1000.0000", "delivery_date": "2014-10-14"}, "model": "eums.salesorderitem", "pk": 83}, {"fields": {"issue_date": "2014-10-09", "description": "Nets", "sales_order": 49, "net_price": "10.0000", "net_value": "1000.0000", "delivery_date": "2014-10-14"}, "model": "eums.salesorderitem", "pk": 84}, {"fields": {"issue_date": "2014-10-09", "description": "Nets", "sales_order": 50, "net_price": "10.0000", "net_value": "1000.0000", "delivery_date": "2014-10-14"}, "model": "eums.salesorderitem", "pk": 85}, {"fields": {"issue_date": "2014-10-09", "description": "Nets", "sales_order": 50, "net_price": "10.0000", "net_value": "1000.0000", "delivery_date": "2014-10-14"}, "model": "eums.salesorderitem", "pk": 86}, {"fields": {"issue_date": "2014-10-09", "description": "Nets", "sales_order": 50, "net_price": "10.0000", "net_value": "1000.0000", "delivery_date": "2014-10-14"}, "model": "eums.salesorderitem", "pk": 87}, {"fields": {"issue_date": "2014-10-09", "description": "Nets", "sales_order": 49, "net_price": "10.0000", "net_value": "1000.0000", "delivery_date": "2014-10-14"}, "model": "eums.salesorderitem", "pk": 88}, {"fields": {"issue_date": "2014-10-09", "description": "Nets", "sales_order": 49, "net_price": "10.0000", "net_value": "1000.0000", "delivery_date": "2014-10-14"}, "model": "eums.salesorderitem", "pk": 89}, {"fields": {"issue_date": "2014-10-09", "description": "Nets", "sales_order": 48, "net_price": "10.0000", "net_value": "1000.0000", "delivery_date": "2014-10-14"}, "model": "eums.salesorderitem", "pk": 90}, {"fields": {"issue_date": "2014-10-09", "description": "Nets", "sales_order": 48, "net_price": "10.0000", "net_value": "1000.0000", "delivery_date": "2014-10-14"}, "model": "eums.salesorderitem", "pk": 91}, {"fields": {"issue_date": "2014-10-09", "description": "Nets", "sales_order": 47, "net_price": "10.0000", "net_value": "1000.0000", "delivery_date": "2014-10-14"}, "model": "eums.salesorderitem", "pk": 92}, {"fields": {"issue_date": "2014-10-09", "description": "Nets", "sales_order": 47, "net_price": "10.0000", "net_value": "1000.0000", "delivery_date": "2014-10-14"}, "model": "eums.salesorderitem", "pk": 93}, {"fields": {"issue_date": "2014-10-09", "description": "Nets", "sales_order": 46, "net_price": "10.0000", "net_value": "1000.0000", "delivery_date": "2014-10-14"}, "model": "eums.salesorderitem", "pk": 94}, {"fields": {"issue_date": "2014-10-09", "description": "Nets", "sales_order": 46, "net_price": "10.0000", "net_value": "1000.0000", "delivery_date": "2014-10-14"}, "model": "eums.salesorderitem", "pk": 95}, {"fields": {"issue_date": "2014-10-09", "description": "Nets", "sales_order": 45, "net_price": "10.0000", "net_value": "1000.0000", "delivery_date": "2014-10-14"}, "model": "eums.salesorderitem", "pk": 96}, {"fields": {"issue_date": "2014-10-09", "description": "Nets", "sales_order": 45, "net_price": "10.0000", "net_value": "1000.0000", "delivery_date": "2014-10-14"}, "model": "eums.salesorderitem", "pk": 97}, {"fields": {"issue_date": "2014-10-09", "description": "Nets", "sales_order": 44, "net_price": "10.0000", "net_value": "1000.0000", "delivery_date": "2014-10-14"}, "model": "eums.salesorderitem", "pk": 98}, {"fields": {"issue_date": "2014-10-09", "description": "Nets", "sales_order": 44, "net_price": "10.0000", "net_value": "1000.0000", "delivery_date": "2014-10-14"}, "model": "eums.salesorderitem", "pk": 99}, {"fields": {"issue_date": "2014-10-09", "description": "Nets", "sales_order": 44, "net_price": "10.0000", "net_value": "1000.0000", "delivery_date": "2014-10-14"}, "model": "eums.salesorderitem", "pk": 100}, {"fields": {"issue_date": "2014-10-09", "description": "Nets", "sales_order": 44, "net_price": "10.0000", "net_value": "1000.0000", "delivery_date": "2014-10-14"}, "model": "eums.salesorderitem", "pk": 101}, {"fields": {"issue_date": "2014-10-09", "description": "Nets", "sales_order": 43, "net_price": "10.0000", "net_value": "1000.0000", "delivery_date": "2014-10-14"}, "model": "eums.salesorderitem", "pk": 102}, {"fields": {"issue_date": "2014-10-09", "description": "Nets", "sales_order": 43, "net_price": "10.0000", "net_value": "1000.0000", "delivery_date": "2014-10-14"}, "model": "eums.salesorderitem", "pk": 103}, {"fields": {"issue_date": "2014-10-09", "description": "Nets", "sales_order": 42, "net_price": "10.0000", "net_value": "1000.0000", "delivery_date": "2014-10-14"}, "model": "eums.salesorderitem", "pk": 104}, {"fields": {"issue_date": "2014-10-09", "description": "Nets", "sales_order": 42, "net_price": "10.0000", "net_value": "1000.0000", "delivery_date": "2014-10-14"}, "model": "eums.salesorderitem", "pk": 105}, {"fields": {"issue_date": "2014-10-09", "description": "Nets", "sales_order": 41, "net_price": "10.0000", "net_value": "1000.0000", "delivery_date": "2014-10-14"}, "model": "eums.salesorderitem", "pk": 106}, {"fields": {"issue_date": "2014-10-09", "description": "Nets", "sales_order": 41, "net_price": "10.0000", "net_value": "1000.0000", "delivery_date": "2014-10-14"}, "model": "eums.salesorderitem", "pk": 107}, {"fields": {"issue_date": "2014-10-09", "description": "Nets", "sales_order": 40, "net_price": "10.0000", "net_value": "1000.0000", "delivery_date": "2014-10-14"}, "model": "eums.salesorderitem", "pk": 108}, {"fields": {"issue_date": "2014-10-09", "description": "Nets", "sales_order": 40, "net_price": "10.0000", "net_value": "1000.0000", "delivery_date": "2014-10-14"}, "model": "eums.salesorderitem", "pk": 109}, {"fields": {"issue_date": "2014-10-09", "description": "Nets", "sales_order": 40, "net_price": "10.0000", "net_value": "1000.0000", "delivery_date": "2014-10-14"}, "model": "eums.salesorderitem", "pk": 110}, {"fields": {"issue_date": "2014-10-09", "description": "Nets", "sales_order": 40, "net_price": "10.0000", "net_value": "1000.0000", "delivery_date": "2014-10-14"}, "model": "eums.salesorderitem", "pk": 111}, {"fields": {"issue_date": "2014-10-09", "description": "Nets", "sales_order": 40, "net_price": "10.0000", "net_value": "1000.0000", "delivery_date": "2014-10-14"}, "model": "eums.salesorderitem", "pk": 112}, {"fields": {"issue_date": "2014-10-09", "description": "Nets", "sales_order": 40, "net_price": "10.0000", "net_value": "1000.0000", "delivery_date": "2014-10-14"}, "model": "eums.salesorderitem", "pk": 113}, {"fields": {"issue_date": "2014-10-09", "description": "Nets", "sales_order": 40, "net_price": "10.0000", "net_value": "1000.0000", "delivery_date": "2014-10-14"}, "model": "eums.salesorderitem", "pk": 114}, {"fields": {"issue_date": "2014-10-09", "description": "Nets", "sales_order": 40, "net_price": "10.0000", "net_value": "1000.0000", "delivery_date": "2014-10-14"}, "model": "eums.salesorderitem", "pk": 115}, {"fields": {"issue_date": "2014-10-09", "description": "Nets", "sales_order": 40, "net_price": "10.0000", "net_value": "1000.0000", "delivery_date": "2014-10-14"}, "model": "eums.salesorderitem", "pk": 116}, {"fields": {"issue_date": "2014-10-09", "description": "Nets", "sales_order": 40, "net_price": "10.0000", "net_value": "1000.0000", "delivery_date": "2014-10-14"}, "model": "eums.salesorderitem", "pk": 117}, {"fields": {"issue_date": "2014-10-09", "description": "Nets", "sales_order": 40, "net_price": "10.0000", "net_value": "1000.0000", "delivery_date": "2014-10-14"}, "model": "eums.salesorderitem", "pk": 118}, {"fields": {"issue_date": "2014-10-09", "description": "Nets", "sales_order": 40, "net_price": "10.0000", "net_value": "1000.0000", "delivery_date": "2014-10-14"}, "model": "eums.salesorderitem", "pk": 119}, {"fields": {"issue_date": "2014-10-09", "description": "Nets", "sales_order": 40, "net_price": "10.0000", "net_value": "1000.0000", "delivery_date": "2014-10-14"}, "model": "eums.salesorderitem", "pk": 120}, {"fields": {"issue_date": "2014-10-09", "description": "Nets", "sales_order": 39, "net_price": "10.0000", "net_value": "1000.0000", "delivery_date": "2014-10-14"}, "model": "eums.salesorderitem", "pk": 121}, {"fields": {"issue_date": "2014-10-09", "description": "Nets", "sales_order": 39, "net_price": "10.0000", "net_value": "1000.0000", "delivery_date": "2014-10-14"}, "model": "eums.salesorderitem", "pk": 122}, {"fields": {"issue_date": "2014-10-09", "description": "Nets", "sales_order": 39, "net_price": "10.0000", "net_value": "1000.0000", "delivery_date": "2014-10-14"}, "model": "eums.salesorderitem", "pk": 123}, {"fields": {"issue_date": "2014-10-09", "description": "Nets", "sales_order": 39, "net_price": "10.0000", "net_value": "1000.0000", "delivery_date": "2014-10-14"}, "model": "eums.salesorderitem", "pk": 124}, {"fields": {"issue_date": "2014-10-09", "description": "Nets", "sales_order": 39, "net_price": "10.0000", "net_value": "1000.0000", "delivery_date": "2014-10-14"}, "model": "eums.salesorderitem", "pk": 125}, {"fields": {"issue_date": "2014-10-09", "description": "Nets", "sales_order": 39, "net_price": "10.0000", "net_value": "1000.0000", "delivery_date": "2014-10-14"}, "model": "eums.salesorderitem", "pk": 126}, {"fields": {"issue_date": "2014-10-09", "description": "Nets", "sales_order": 38, "net_price": "10.0000", "net_value": "1000.0000", "delivery_date": "2014-10-14"}, "model": "eums.salesorderitem", "pk": 127}, {"fields": {"issue_date": "2014-10-09", "description": "Nets", "sales_order": 38, "net_price": "10.0000", "net_value": "1000.0000", "delivery_date": "2014-10-14"}, "model": "eums.salesorderitem", "pk": 128}, {"fields": {"issue_date": "2014-10-09", "description": "Nets", "sales_order": 38, "net_price": "10.0000", "net_value": "1000.0000", "delivery_date": "2014-10-14"}, "model": "eums.salesorderitem", "pk": 129}, {"fields": {"issue_date": "2014-10-09", "description": "Nets", "sales_order": 37, "net_price": "10.0000", "net_value": "1000.0000", "delivery_date": "2014-10-14"}, "model": "eums.salesorderitem", "pk": 130}, {"fields": {"issue_date": "2014-10-09", "description": "Nets", "sales_order": 37, "net_price": "10.0000", "net_value": "1000.0000", "delivery_date": "2014-10-14"}, "model": "eums.salesorderitem", "pk": 131}, {"fields": {"issue_date": "2014-10-09", "description": "Nets", "sales_order": 36, "net_price": "10.0000", "net_value": "1000.0000", "delivery_date": "2014-10-14"}, "model": "eums.salesorderitem", "pk": 132}, {"fields": {"issue_date": "2014-10-09", "description": "Nets", "sales_order": 36, "net_price": "10.0000", "net_value": "1000.0000", "delivery_date": "2014-10-14"}, "model": "eums.salesorderitem", "pk": 133}, {"fields": {"issue_date": "2014-10-09", "description": "Nets", "sales_order": 35, "net_price": "10.0000", "net_value": "1000.0000", "delivery_date": "2014-10-14"}, "model": "eums.salesorderitem", "pk": 134}, {"fields": {"issue_date": "2014-10-09", "description": "Nets", "sales_order": 35, "net_price": "10.0000", "net_value": "1000.0000", "delivery_date": "2014-10-14"}, "model": "eums.salesorderitem", "pk": 135}, {"fields": {"issue_date": "2014-10-09", "description": "Nets", "sales_order": 34, "net_price": "10.0000", "net_value": "1000.0000", "delivery_date": "2014-10-14"}, "model": "eums.salesorderitem", "pk": 136}, {"fields": {"issue_date": "2014-10-09", "description": "Nets", "sales_order": 34, "net_price": "10.0000", "net_value": "1000.0000", "delivery_date": "2014-10-14"}, "model": "eums.salesorderitem", "pk": 137}, {"fields": {"issue_date": "2014-10-09", "description": "Nets", "sales_order": 33, "net_price": "10.0000", "net_value": "1000.0000", "delivery_date": "2014-10-14"}, "model": "eums.salesorderitem", "pk": 138}, {"fields": {"issue_date": "2014-10-09", "description": "Nets", "sales_order": 33, "net_price": "10.0000", "net_value": "1000.0000", "delivery_date": "2014-10-14"}, "model": "eums.salesorderitem", "pk": 139}, {"fields": {"issue_date": "2014-10-09", "description": "Nets", "sales_order": 32, "net_price": "10.0000", "net_value": "1000.0000", "delivery_date": "2014-10-14"}, "model": "eums.salesorderitem", "pk": 140}, {"fields": {"issue_date": "2014-10-09", "description": "Nets", "sales_order": 32, "net_price": "10.0000", "net_value": "1000.0000", "delivery_date": "2014-10-14"}, "model": "eums.salesorderitem", "pk": 141}, {"fields": {"issue_date": "2014-10-09", "description": "Nets", "sales_order": 31, "net_price": "10.0000", "net_value": "1000.0000", "delivery_date": "2014-10-14"}, "model": "eums.salesorderitem", "pk": 142}, {"fields": {"issue_date": "2014-10-09", "description": "Nets", "sales_order": 31, "net_price": "10.0000", "net_value": "1000.0000", "delivery_date": "2014-10-14"}, "model": "eums.salesorderitem", "pk": 143}, {"fields": {"issue_date": "2014-10-09", "description": "Nets", "sales_order": 30, "net_price": "10.0000", "net_value": "1000.0000", "delivery_date": "2014-10-14"}, "model": "eums.salesorderitem", "pk": 144}, {"fields": {"issue_date": "2014-10-09", "description": "Nets", "sales_order": 30, "net_price": "10.0000", "net_value": "1000.0000", "delivery_date": "2014-10-14"}, "model": "eums.salesorderitem", "pk": 145}, {"fields": {"issue_date": "2014-10-09", "description": "Nets", "sales_order": 29, "net_price": "10.0000", "net_value": "1000.0000", "delivery_date": "2014-10-14"}, "model": "eums.salesorderitem", "pk": 146}, {"fields": {"issue_date": "2014-10-09", "description": "Nets", "sales_order": 29, "net_price": "10.0000", "net_value": "1000.0000", "delivery_date": "2014-10-14"}, "model": "eums.salesorderitem", "pk": 147}, {"fields": {"issue_date": "2014-10-09", "description": "Nets", "sales_order": 28, "net_price": "10.0000", "net_value": "1000.0000", "delivery_date": "2014-10-14"}, "model": "eums.salesorderitem", "pk": 148}, {"fields": {"issue_date": "2014-10-09", "description": "Nets", "sales_order": 28, "net_price": "10.0000", "net_value": "1000.0000", "delivery_date": "2014-10-14"}, "model": "eums.salesorderitem", "pk": 149}, {"fields": {"issue_date": "2014-10-09", "description": "Nets", "sales_order": 27, "net_price": "10.0000", "net_value": "1000.0000", "delivery_date": "2014-10-14"}, "model": "eums.salesorderitem", "pk": 150}, {"fields": {"issue_date": "2014-10-09", "description": "Nets", "sales_order": 27, "net_price": "10.0000", "net_value": "1000.0000", "delivery_date": "2014-10-14"}, "model": "eums.salesorderitem", "pk": 151}, {"fields": {"issue_date": "2014-10-09", "description": "Nets", "sales_order": 26, "net_price": "10.0000", "net_value": "1000.0000", "delivery_date": "2014-10-14"}, "model": "eums.salesorderitem", "pk": 152}, {"fields": {"issue_date": "2014-10-09", "description": "Nets", "sales_order": 26, "net_price": "10.0000", "net_value": "1000.0000", "delivery_date": "2014-10-14"}, "model": "eums.salesorderitem", "pk": 153}, {"fields": {"issue_date": "2014-10-09", "description": "Nets", "sales_order": 25, "net_price": "10.0000", "net_value": "1000.0000", "delivery_date": "2014-10-14"}, "model": "eums.salesorderitem", "pk": 154}, {"fields": {"issue_date": "2014-10-09", "description": "Nets", "sales_order": 25, "net_price": "10.0000", "net_value": "1000.0000", "delivery_date": "2014-10-14"}, "model": "eums.salesorderitem", "pk": 155}, {"fields": {"issue_date": "2014-10-09", "description": "Nets", "sales_order": 24, "net_price": "10.0000", "net_value": "1000.0000", "delivery_date": "2014-10-14"}, "model": "eums.salesorderitem", "pk": 156}, {"fields": {"issue_date": "2014-10-09", "description": "Nets", "sales_order": 24, "net_price": "10.0000", "net_value": "1000.0000", "delivery_date": "2014-10-14"}, "model": "eums.salesorderitem", "pk": 157}, {"fields": {"issue_date": "2014-10-09", "description": "Nets", "sales_order": 23, "net_price": "10.0000", "net_value": "1000.0000", "delivery_date": "2014-10-14"}, "model": "eums.salesorderitem", "pk": 158}, {"fields": {"issue_date": "2014-10-09", "description": "Nets", "sales_order": 22, "net_price": "10.0000", "net_value": "1000.0000", "delivery_date": "2014-10-14"}, "model": "eums.salesorderitem", "pk": 159}, {"fields": {"issue_date": "2014-10-09", "description": "Nets", "sales_order": 22, "net_price": "10.0000", "net_value": "1000.0000", "delivery_date": "2014-10-14"}, "model": "eums.salesorderitem", "pk": 160}, {"fields": {"status": "started", "run_delay": "10.0", "runnable": 2, "contact_person_id": "5642dacc9d42222b0175b6ec"}, "model": "eums.runqueue", "pk": 1}, {"fields": {"status": "started", "run_delay": "10.0", "runnable": 3, "contact_person_id": "5642dacc9d42222b0175b6ec"}, "model": "eums.runqueue", "pk": 2}, {"fields": {"status": "started", "run_delay": "10.0", "runnable": 4, "contact_person_id": "5642dacc9d42222b0175b6ec"}, "model": "eums.runqueue", "pk": 3}, {"fields": {"status": "started", "run_delay": "10.0", "runnable": 5, "contact_person_id": "5642dacc9d42222b0175b6ec"}, "model": "eums.runqueue", "pk": 4}, {"fields": {"status": "started", "run_delay": "10.0", "runnable": 6, "contact_person_id": "5642dacc9d42222b0175b6ec"}, "model": "eums.runqueue", "pk": 5}, {"fields": {"status": "started", "run_delay": "10.0", "runnable": 7, "contact_person_id": "5642dacc9d42222b0175b6ec"}, "model": "eums.runqueue", "pk": 6}, {"fields": {"status": "started", "run_delay": "10.0", "runnable": 8, "contact_person_id": "5642dacc9d42222b0175b6ec"}, "model": "eums.runqueue", "pk": 7}, {"fields": {"status": "started", "run_delay": "10.0", "runnable": 2, "contact_person_id": "5642dacc9d42222b0175b6ec"}, "model": "eums.runqueue", "pk": 8}, {"fields": {"status": "started", "run_delay": "10.0", "runnable": 2, "contact_person_id": "5642dacc9d42222b0175b6ec"}, "model": "eums.runqueue", "pk": 9}, {"fields": {"status": "started", "run_delay": "10.0", "runnable": 3, "contact_person_id": "5642dacc9d42222b0175b6ec"}, "model": "eums.runqueue", "pk": 10}, {"fields": {"status": "started", "run_delay": "10.0", "runnable": 3, "contact_person_id": "5642dacc9d42222b0175b6ec"}, "model": "eums.runqueue", "pk": 11}, {"fields": {"status": "started", "run_delay": "10.0", "runnable": 4, "contact_person_id": "5642dacc9d42222b0175b6ec"}, "model": "eums.runqueue", "pk": 12}, {"fields": {"status": "started", "run_delay": "10.0", "runnable": 4, "contact_person_id": "5642dacc9d42222b0175b6ec"}, "model": "eums.runqueue", "pk": 13}, {"fields": {"status": "started", "run_delay": "10.0", "runnable": 5, "contact_person_id": "5642dacc9d42222b0175b6ec"}, "model": "eums.runqueue", "pk": 14}, {"fields": {"status": "started", "run_delay": "10.0", "runnable": 5, "contact_person_id": "5642dacc9d42222b0175b6ec"}, "model": "eums.runqueue", "pk": 15}, {"fields": {"status": "started", "run_delay": "10.0", "runnable": 6, "contact_person_id": "5642dacc9d42222b0175b6ec"}, "model": "eums.runqueue", "pk": 16}, {"fields": {"status": "started", "run_delay": "10.0", "runnable": 6, "contact_person_id": "5642dacc9d42222b0175b6ec"}, "model": "eums.runqueue", "pk": 17}, {"fields": {"status": "started", "run_delay": "10.0", "runnable": 7, "contact_person_id": "5642dacc9d42222b0175b6ec"}, "model": "eums.runqueue", "pk": 18}, {"fields": {"status": "started", "run_delay": "10.0", "runnable": 7, "contact_person_id": "5642dacc9d42222b0175b6ec"}, "model": "eums.runqueue", "pk": 19}, {"fields": {"status": "started", "run_delay": "10.0", "runnable": 8, "contact_person_id": "5642dacc9d42222b0175b6ec"}, "model": "eums.runqueue", "pk": 20}, {"fields": {"status": "started", "run_delay": "10.0", "runnable": 8, "contact_person_id": "5642dacc9d42222b0175b6ec"}, "model": "eums.runqueue", "pk": 21}, {"fields": {"status": "started", "run_delay": "10.0", "runnable": 3, "contact_person_id": "5642dacc9d42222b0175b6ec"}, "model": "eums.runqueue", "pk": 22}, {"fields": {"status": "started", "run_delay": "10.0", "runnable": 4, "contact_person_id": "5642dacc9d42222b0175b6ec"}, "model": "eums.runqueue", "pk": 23}, {"fields": {"status": "started", "run_delay": "10.0", "runnable": 5, "contact_person_id": "5642dacc9d42222b0175b6ec"}, "model": "eums.runqueue", "pk": 24}, {"fields": {"status": "started", "run_delay": "10.0", "runnable": 17, "contact_person_id": "5642dacc9d42222b0175b6ec"}, "model": "eums.runqueue", "pk": 25}, {"fields": {"status": "started", "run_delay": "10.0", "runnable": 17, "contact_person_id": "5642dacc9d42222b0175b6ec"}, "model": "eums.runqueue", "pk": 26}, {"fields": {"status": "started", "run_delay": "10.0", "runnable": 17, "contact_person_id": "5642dacc9d42222b0175b6ec"}, "model": "eums.runqueue", "pk": 27}, {"fields": {"status": "started", "run_delay": "10.0", "runnable": 24, "contact_person_id": "5642dacc9d42222b0175b6ec"}, "model": "eums.runqueue", "pk": 28}, {"fields": {"status": "not_started", "run_delay": "10.0", "runnable": 24, "contact_person_id": "5642dacc9d42222b0175b6ec"}, "model": "eums.runqueue", "pk": 29}, {"fields": {"status": "not_started", "run_delay": "10.0", "runnable": 24, "contact_person_id": "5642dacc9d42222b0175b6ec"}, "model": "eums.runqueue", "pk": 30}, {"fields": {"status": "not_started", "run_delay": "10.0", "runnable": 24, "contact_person_id": "5642dacc9d42222b0175b6ec"}, "model": "eums.runqueue", "pk": 31}, {"fields": {"status": "not_started", "run_delay": "10.0", "runnable": 24, "contact_person_id": "5642dacc9d42222b0175b6ec"}, "model": "eums.runqueue", "pk": 32}, {"fields": {"status": "not_started", "run_delay": "10.0", "runnable": 24, "contact_person_id": "5642dacc9d42222b0175b6ec"}, "model": "eums.runqueue", "pk": 33}, {"fields": {"status": "not_started", "run_delay": "10.0", "runnable": 24, "contact_person_id": "5642dacc9d42222b0175b6ec"}, "model": "eums.runqueue", "pk": 34}, {"fields": {"status": "not_started", "run_delay": "10.0", "runnable": 24, "contact_person_id": "5642dacc9d42222b0175b6ec"}, "model": "eums.runqueue", "pk": 35}, {"fields": {"status": "not_started", "run_delay": "10.0", "runnable": 24, "contact_person_id": "5642dacc9d42222b0175b6ec"}, "model": "eums.runqueue", "pk": 36}, {"fields": {"status": "not_started", "run_delay": "10.0", "runnable": 24, "contact_person_id": "5642dacc9d42222b0175b6ec"}, "model": "eums.runqueue", "pk": 37}, {"fields": {"status": "not_started", "run_delay": "10.0", "runnable": 24, "contact_person_id": "5642dacc9d42222b0175b6ec"}, "model": "eums.runqueue", "pk": 38}, {"fields": {"status": "not_started", "run_delay": "10.0", "runnable": 24, "contact_person_id": "5642dacc9d42222b0175b6ec"}, "model": "eums.runqueue", "pk": 39}, {"fields": {"status": "not_started", "run_delay": "10.0", "runnable": 24, "contact_person_id": "5642dacc9d42222b0175b6ec"}, "model": "eums.runqueue", "pk": 40}, {"fields": {"status": "not_started", "run_delay": "10.0", "runnable": 29, "contact_person_id": "5642dacc9d42222b0175b6ec"}, "model": "eums.runqueue", "pk": 41}, {"fields": {"status": "not_started", "run_delay": "10.0", "runnable": 30, "contact_person_id": "5642dacc9d42222b0175b6ec"}, "model": "eums.runqueue", "pk": 42}, {"fields": {"status": "not_started", "run_delay": "10.0", "runnable": 31, "contact_person_id": "5642dacc9d42222b0175b6ec"}, "model": "eums.runqueue", "pk": 43}, {"fields": {"status": "not_started", "run_delay": "10.0", "runnable": 32, "contact_person_id": "5642dacc9d42222b0175b6ec"}, "model": "eums.runqueue", "pk": 44}, {"fields": {"status": "not_started", "run_delay": "10.0", "runnable": 33, "contact_person_id": "5642dacc9d42222b0175b6ec"}, "model": "eums.runqueue", "pk": 45}, {"fields": {"status": "not_started", "run_delay": "10.0", "runnable": 34, "contact_person_id": "5642dacc9d42222b0175b6ec"}, "model": "eums.runqueue", "pk": 46}, {"fields": {"status": "not_started", "run_delay": "10.0", "runnable": 35, "contact_person_id": "5642dacc9d42222b0175b6ec"}, "model": "eums.runqueue", "pk": 47}, {"fields": {"status": "not_started", "run_delay": "10.0", "runnable": 36, "contact_person_id": "5642dacc9d42222b0175b6ec"}, "model": "eums.runqueue", "pk": 48}, {"fields": {"status": "not_started", "run_delay": "10.0", "runnable": 37, "contact_person_id": "5642dacc9d42222b0175b6ec"}, "model": "eums.runqueue", "pk": 49}, {"fields": {"status": "not_started", "run_delay": "10.0", "runnable": 38, "contact_person_id": "5642dacc9d42222b0175b6ec"}, "model": "eums.runqueue", "pk": 50}, {"fields": {"status": "not_started", "run_delay": "10.0", "runnable": 29, "contact_person_id": "5642dacc9d42222b0175b6ec"}, "model": "eums.runqueue", "pk": 51}, {"fields": {"status": "not_started", "run_delay": "10.0", "runnable": 29, "contact_person_id": "5642dacc9d42222b0175b6ec"}, "model": "eums.runqueue", "pk": 52}, {"fields": {"status": "not_started", "run_delay": "10.0", "runnable": 30, "contact_person_id": "5642dacc9d42222b0175b6ec"}, "model": "eums.runqueue", "pk": 53}, {"fields": {"status": "not_started", "run_delay": "10.0", "runnable": 30, "contact_person_id": "5642dacc9d42222b0175b6ec"}, "model": "eums.runqueue", "pk": 54}, {"fields": {"status": "not_started", "run_delay": "10.0", "runnable": 31, "contact_person_id": "5642dacc9d42222b0175b6ec"}, "model": "eums.runqueue", "pk": 55}, {"fields": {"status": "not_started", "run_delay": "10.0", "runnable": 31, "contact_person_id": "5642dacc9d42222b0175b6ec"}, "model": "eums.runqueue", "pk": 56}, {"fields": {"status": "not_started", "run_delay": "10.0", "runnable": 32, "contact_person_id": "5642dacc9d42222b0175b6ec"}, "model": "eums.runqueue", "pk": 57}, {"fields": {"status": "not_started", "run_delay": "10.0", "runnable": 32, "contact_person_id": "5642dacc9d42222b0175b6ec"}, "model": "eums.runqueue", "pk": 58}, {"fields": {"status": "not_started", "run_delay": "10.0", "runnable": 33, "contact_person_id": "5642dacc9d42222b0175b6ec"}, "model": "eums.runqueue", "pk": 59}, {"fields": {"status": "not_started", "run_delay": "10.0", "runnable": 33, "contact_person_id": "5642dacc9d42222b0175b6ec"}, "model": "eums.runqueue", "pk": 60}, {"fields": {"status": "not_started", "run_delay": "10.0", "runnable": 34, "contact_person_id": "5642dacc9d42222b0175b6ec"}, "model": "eums.runqueue", "pk": 61}, {"fields": {"status": "not_started", "run_delay": "10.0", "runnable": 34, "contact_person_id": "5642dacc9d42222b0175b6ec"}, "model": "eums.runqueue", "pk": 62}, {"fields": {"status": "not_started", "run_delay": "10.0", "runnable": 35, "contact_person_id": "5642dacc9d42222b0175b6ec"}, "model": "eums.runqueue", "pk": 63}, {"fields": {"status": "not_started", "run_delay": "10.0", "runnable": 35, "contact_person_id": "5642dacc9d42222b0175b6ec"}, "model": "eums.runqueue", "pk": 64}, {"fields": {"status": "not_started", "run_delay": "10.0", "runnable": 36, "contact_person_id": "5642dacc9d42222b0175b6ec"}, "model": "eums.runqueue", "pk": 65}, {"fields": {"status": "not_started", "run_delay": "10.0", "runnable": 36, "contact_person_id": "5642dacc9d42222b0175b6ec"}, "model": "eums.runqueue", "pk": 66}, {"fields": {"status": "not_started", "run_delay": "10.0", "runnable": 37, "contact_person_id": "5642dacc9d42222b0175b6ec"}, "model": "eums.runqueue", "pk": 67}, {"fields": {"status": "not_started", "run_delay": "10.0", "runnable": 37, "contact_person_id": "5642dacc9d42222b0175b6ec"}, "model": "eums.runqueue", "pk": 68}, {"fields": {"status": "not_started", "run_delay": "10.0", "runnable": 38, "contact_person_id": "5642dacc9d42222b0175b6ec"}, "model": "eums.runqueue", "pk": 69}, {"fields": {"status": "not_started", "run_delay": "10.0", "runnable": 38, "contact_person_id": "5642dacc9d42222b0175b6ec"}, "model": "eums.runqueue", "pk": 70}, {"fields": {"status": "not_started", "run_delay": "10.0", "runnable": 8, "contact_person_id": "5642dacc9d42222b0175b6ec"}, "model": "eums.runqueue", "pk": 71}, {"fields": {"status": "not_started", "run_delay": "10.0", "runnable": 3, "contact_person_id": "5642dacc9d42222b0175b6ec"}, "model": "eums.runqueue", "pk": 72}, {"fields": {"status": "not_started", "run_delay": "10.0", "runnable": 3, "contact_person_id": "5642dacc9d42222b0175b6ec"}, "model": "eums.runqueue", "pk": 73}, {"fields": {"status": "not_started", "run_delay": "10.0", "runnable": 3, "contact_person_id": "5642dacc9d42222b0175b6ec"}, "model": "eums.runqueue", "pk": 74}, {"fields": {"status": "not_started", "run_delay": "10.0", "runnable": 55, "contact_person_id": "5642dacc9d42222b0175b6ec"}, "model": "eums.runqueue", "pk": 75}, {"fields": {"status": "not_started", "run_delay": "10.0", "runnable": 55, "contact_person_id": "5642dacc9d42222b0175b6ec"}, "model": "eums.runqueue", "pk": 76}, {"fields": {"status": "not_started", "run_delay": "10.0", "runnable": 56, "contact_person_id": "5642dacc9d42222b0175b6ec"}, "model": "eums.runqueue", "pk": 77}, {"fields": {"status": "not_started", "run_delay": "10.0", "runnable": 56, "contact_person_id": "5642dacc9d42222b0175b6ec"}, "model": "eums.runqueue", "pk": 78}, {"fields": {"status": "not_started", "run_delay": "10.0", "runnable": 57, "contact_person_id": "5642dacc9d42222b0175b6ec"}, "model": "eums.runqueue", "pk": 79}, {"fields": {"status": "not_started", "run_delay": "10.0", "runnable": 57, "contact_person_id": "5642dacc9d42222b0175b6ec"}, "model": "eums.runqueue", "pk": 80}, {"fields": {"status": "not_started", "run_delay": "10.0", "runnable": 58, "contact_person_id": "5642dacc9d42222b0175b6ec"}, "model": "eums.runqueue", "pk": 81}, {"fields": {"status": "not_started", "run_delay": "10.0", "runnable": 58, "contact_person_id": "5642dacc9d42222b0175b6ec"}, "model": "eums.runqueue", "pk": 82}, {"fields": {"status": "not_started", "run_delay": "10.0", "runnable": 59, "contact_person_id": "5642dacc9d42222b0175b6ec"}, "model": "eums.runqueue", "pk": 83}, {"fields": {"status": "not_started", "run_delay": "10.0", "runnable": 59, "contact_person_id": "5642dacc9d42222b0175b6ec"}, "model": "eums.runqueue", "pk": 84}, {"fields": {"status": "not_started", "run_delay": "10.0", "runnable": 60, "contact_person_id": "5642dacc9d42222b0175b6ec"}, "model": "eums.runqueue", "pk": 85}, {"fields": {"status": "not_started", "run_delay": "10.0", "runnable": 60, "contact_person_id": "5642dacc9d42222b0175b6ec"}, "model": "eums.runqueue", "pk": 86}, {"fields": {"status": "not_started", "run_delay": "10.0", "runnable": 61, "contact_person_id": "5642dacc9d42222b0175b6ec"}, "model": "eums.runqueue", "pk": 87}, {"fields": {"status": "not_started", "run_delay": "10.0", "runnable": 61, "contact_person_id": "5642dacc9d42222b0175b6ec"}, "model": "eums.runqueue", "pk": 88}, {"fields": {"status": "not_started", "run_delay": "10.0", "runnable": 65, "contact_person_id": "5642dacc9d42222b0175b6ec"}, "model": "eums.runqueue", "pk": 91}, {"fields": {"status": "not_started", "run_delay": "10.0", "runnable": 65, "contact_person_id": "5642dacc9d42222b0175b6ec"}, "model": "eums.runqueue", "pk": 92}, {"fields": {"status": "not_started", "run_delay": "10.0", "runnable": 67, "contact_person_id": "5642dacc9d42222b0175b6ec"}, "model": "eums.runqueue", "pk": 93}, {"fields": {"status": "not_started", "run_delay": "10.0", "runnable": 67, "contact_person_id": "5642dacc9d42222b0175b6ec"}, "model": "eums.runqueue", "pk": 94}, {"fields": {"status": "not_started", "run_delay": "10.0", "runnable": 67, "contact_person_id": "5642dacc9d42222b0175b6ec"}, "model": "eums.runqueue", "pk": 95}, {"fields": {"status": "not_started", "run_delay": "10.0", "runnable": 69, "contact_person_id": "5642dacc9d42222b0175b6ec"}, "model": "eums.runqueue", "pk": 96}, {"fields": {"status": "not_started", "run_delay": "10.0", "runnable": 69, "contact_person_id": "5642dacc9d42222b0175b6ec"}, "model": "eums.runqueue", "pk": 97}, {"fields": {"status": "not_started", "run_delay": "10.0", "runnable": 69, "contact_person_id": "5642dacc9d42222b0175b6ec"}, "model": "eums.runqueue", "pk": 98}, {"fields": {"sales_order": 1, "created": "2015-12-28T11:48:57.783", "modified": "2015-12-28T11:48:57.783", "po_type": null, "date": "2015-12-28", "tracked_date": null, "last_shipment_date": null, "order_number": 20141, "is_single_ip": null}, "model": "eums.purchaseorder", "pk": 1}, {"fields": {"sales_order": 2, "created": "2015-12-28T11:48:57.784", "modified": "2015-12-28T11:48:57.784", "po_type": null, "date": "2015-12-28", "tracked_date": null, "last_shipment_date": null, "order_number": 20142, "is_single_ip": null}, "model": "eums.purchaseorder", "pk": 2}, {"fields": {"sales_order": 3, "created": "2015-12-28T11:48:57.785", "modified": "2015-12-28T11:48:57.785", "po_type": null, "date": "2015-12-28", "tracked_date": null, "last_shipment_date": null, "order_number": 20143, "is_single_ip": null}, "model": "eums.purchaseorder", "pk": 3}, {"fields": {"sales_order": 4, "created": "2015-12-28T11:48:57.786", "modified": "2015-12-28T11:48:57.786", "po_type": null, "date": "2015-12-28", "tracked_date": null, "last_shipment_date": null, "order_number": 20144, "is_single_ip": null}, "model": "eums.purchaseorder", "pk": 4}, {"fields": {"sales_order": 5, "created": "2015-12-28T11:48:57.787", "modified": "2015-12-28T11:48:57.787", "po_type": null, "date": "2015-12-28", "tracked_date": null, "last_shipment_date": null, "order_number": 20145, "is_single_ip": null}, "model": "eums.purchaseorder", "pk": 5}, {"fields": {"sales_order": 6, "created": "2015-12-28T11:48:57.788", "modified": "2015-12-28T11:48:57.788", "po_type": null, "date": "2015-12-28", "tracked_date": null, "last_shipment_date": null, "order_number": 20146, "is_single_ip": null}, "model": "eums.purchaseorder", "pk": 6}, {"fields": {"sales_order": 7, "created": "2015-12-28T11:48:57.789", "modified": "2015-12-28T11:48:57.789", "po_type": null, "date": "2015-12-28", "tracked_date": null, "last_shipment_date": null, "order_number": 20147, "is_single_ip": null}, "model": "eums.purchaseorder", "pk": 7}, {"fields": {"sales_order": 8, "created": "2015-12-28T11:48:57.790", "modified": "2015-12-28T11:48:57.790", "po_type": null, "date": "2015-12-28", "tracked_date": null, "last_shipment_date": null, "order_number": 20148, "is_single_ip": null}, "model": "eums.purchaseorder", "pk": 8}, {"fields": {"sales_order": 9, "created": "2015-12-28T11:48:57.791", "modified": "2015-12-28T11:48:57.791", "po_type": null, "date": "2015-12-28", "tracked_date": null, "last_shipment_date": null, "order_number": 20149, "is_single_ip": null}, "model": "eums.purchaseorder", "pk": 9}, {"fields": {"sales_order": 10, "created": "2015-12-28T11:48:57.793", "modified": "2015-12-28T11:48:57.793", "po_type": null, "date": "2015-12-28", "tracked_date": null, "last_shipment_date": null, "order_number": 201410, "is_single_ip": null}, "model": "eums.purchaseorder", "pk": 10}, {"fields": {"sales_order": 11, "created": "2015-12-28T11:48:57.794", "modified": "2015-12-28T11:48:57.794", "po_type": null, "date": "2015-12-28", "tracked_date": null, "last_shipment_date": null, "order_number": 201411, "is_single_ip": null}, "model": "eums.purchaseorder", "pk": 11}, {"fields": {"sales_order": 12, "created": "2015-12-28T11:48:57.795", "modified": "2015-12-28T11:48:57.795", "po_type": null, "date": "2015-12-28", "tracked_date": null, "last_shipment_date": null, "order_number": 201412, "is_single_ip": null}, "model": "eums.purchaseorder", "pk": 12}, {"fields": {"sales_order": 13, "created": "2015-12-28T11:48:57.796", "modified": "2015-12-28T11:48:57.796", "po_type": null, "date": "2015-12-28", "tracked_date": null, "last_shipment_date": null, "order_number": 201413, "is_single_ip": null}, "model": "eums.purchaseorder", "pk": 13}, {"fields": {"sales_order": 14, "created": "2015-12-28T11:48:57.797", "modified": "2015-12-28T11:48:57.797", "po_type": null, "date": "2015-12-28", "tracked_date": null, "last_shipment_date": null, "order_number": 201414, "is_single_ip": null}, "model": "eums.purchaseorder", "pk": 14}, {"fields": {"sales_order": 15, "created": "2015-12-28T11:48:57.798", "modified": "2015-12-28T11:48:57.798", "po_type": null, "date": "2015-12-28", "tracked_date": null, "last_shipment_date": null, "order_number": 201415, "is_single_ip": null}, "model": "eums.purchaseorder", "pk": 15}, {"fields": {"sales_order": 16, "created": "2015-12-28T11:48:57.798", "modified": "2015-12-28T11:48:57.798", "po_type": null, "date": "2015-12-28", "tracked_date": null, "last_shipment_date": null, "order_number": 201416, "is_single_ip": null}, "model": "eums.purchaseorder", "pk": 16}, {"fields": {"sales_order": 17, "created": "2015-12-28T11:48:57.799", "modified": "2015-12-28T11:48:57.799", "po_type": null, "date": "2015-12-28", "tracked_date": null, "last_shipment_date": null, "order_number": 201417, "is_single_ip": null}, "model": "eums.purchaseorder", "pk": 17}, {"fields": {"sales_order": 18, "created": "2015-12-28T11:48:57.800", "modified": "2015-12-28T11:48:57.800", "po_type": null, "date": "2015-12-28", "tracked_date": null, "last_shipment_date": null, "order_number": 201418, "is_single_ip": null}, "model": "eums.purchaseorder", "pk": 18}, {"fields": {"sales_order": 19, "created": "2015-12-28T11:48:57.801", "modified": "2015-12-28T11:48:57.801", "po_type": null, "date": "2015-12-28", "tracked_date": null, "last_shipment_date": null, "order_number": 201419, "is_single_ip": null}, "model": "eums.purchaseorder", "pk": 19}, {"fields": {"sales_order": 20, "created": "2015-12-28T11:48:57.802", "modified": "2015-12-28T11:48:57.802", "po_type": null, "date": "2015-12-28", "tracked_date": null, "last_shipment_date": null, "order_number": 201420, "is_single_ip": null}, "model": "eums.purchaseorder", "pk": 20}, {"fields": {"sales_order": 21, "created": "2015-12-28T11:48:57.803", "modified": "2015-12-28T11:48:57.803", "po_type": null, "date": "2015-12-28", "tracked_date": null, "last_shipment_date": null, "order_number": 201421, "is_single_ip": null}, "model": "eums.purchaseorder", "pk": 21}, {"fields": {"sales_order": 22, "created": "2015-12-28T11:48:57.804", "modified": "2015-12-28T11:48:57.804", "po_type": null, "date": "2015-12-28", "tracked_date": null, "last_shipment_date": null, "order_number": 201422, "is_single_ip": null}, "model": "eums.purchaseorder", "pk": 22}, {"fields": {"sales_order": 23, "created": "2015-12-28T11:48:57.805", "modified": "2015-12-28T11:48:57.805", "po_type": null, "date": "2015-12-28", "tracked_date": null, "last_shipment_date": null, "order_number": 201423, "is_single_ip": null}, "model": "eums.purchaseorder", "pk": 23}, {"fields": {"sales_order": 24, "created": "2015-12-28T11:48:57.806", "modified": "2015-12-28T11:48:57.806", "po_type": null, "date": "2015-12-28", "tracked_date": null, "last_shipment_date": null, "order_number": 201424, "is_single_ip": null}, "model": "eums.purchaseorder", "pk": 24}, {"fields": {"sales_order": 25, "created": "2015-12-28T11:48:57.807", "modified": "2015-12-28T11:48:57.807", "po_type": null, "date": "2015-12-28", "tracked_date": null, "last_shipment_date": null, "order_number": 201425, "is_single_ip": null}, "model": "eums.purchaseorder", "pk": 25}, {"fields": {"sales_order": 26, "created": "2015-12-28T11:48:57.808", "modified": "2015-12-28T11:48:57.808", "po_type": null, "date": "2015-12-28", "tracked_date": null, "last_shipment_date": null, "order_number": 201426, "is_single_ip": null}, "model": "eums.purchaseorder", "pk": 26}, {"fields": {"sales_order": 27, "created": "2015-12-28T11:48:57.809", "modified": "2015-12-28T11:48:57.809", "po_type": null, "date": "2015-12-28", "tracked_date": null, "last_shipment_date": null, "order_number": 201427, "is_single_ip": null}, "model": "eums.purchaseorder", "pk": 27}, {"fields": {"sales_order": 28, "created": "2015-12-28T11:48:57.810", "modified": "2015-12-28T11:48:57.810", "po_type": null, "date": "2015-12-28", "tracked_date": null, "last_shipment_date": null, "order_number": 201428, "is_single_ip": null}, "model": "eums.purchaseorder", "pk": 28}, {"fields": {"sales_order": 29, "created": "2015-12-28T11:48:57.811", "modified": "2015-12-30T09:46:43.494", "po_type": null, "date": "2015-12-28", "tracked_date": null, "last_shipment_date": null, "order_number": 201429, "is_single_ip": false}, "model": "eums.purchaseorder", "pk": 29}, {"fields": {"sales_order": 30, "created": "2015-12-28T11:48:57.812", "modified": "2015-12-28T11:48:57.812", "po_type": null, "date": "2015-12-28", "tracked_date": null, "last_shipment_date": null, "order_number": 201430, "is_single_ip": null}, "model": "eums.purchaseorder", "pk": 30}, {"fields": {"sales_order": 31, "created": "2015-12-28T11:48:57.814", "modified": "2015-12-30T09:42:36.898", "po_type": null, "date": "2015-12-28", "tracked_date": null, "last_shipment_date": null, "order_number": 201431, "is_single_ip": false}, "model": "eums.purchaseorder", "pk": 31}, {"fields": {"sales_order": 32, "created": "2015-12-28T11:48:57.815", "modified": "2015-12-30T11:12:19.139", "po_type": null, "date": "2015-12-28", "tracked_date": null, "last_shipment_date": null, "order_number": 201432, "is_single_ip": false}, "model": "eums.purchaseorder", "pk": 32}, {"fields": {"sales_order": 33, "created": "2015-12-28T11:48:57.816", "modified": "2015-12-28T11:48:57.816", "po_type": null, "date": "2015-12-28", "tracked_date": null, "last_shipment_date": null, "order_number": 201433, "is_single_ip": null}, "model": "eums.purchaseorder", "pk": 33}, {"fields": {"sales_order": 34, "created": "2015-12-28T11:48:57.817", "modified": "2015-12-28T11:48:57.817", "po_type": null, "date": "2015-12-28", "tracked_date": null, "last_shipment_date": null, "order_number": 201434, "is_single_ip": null}, "model": "eums.purchaseorder", "pk": 34}, {"fields": {"sales_order": 35, "created": "2015-12-28T11:48:57.818", "modified": "2015-12-28T11:48:57.818", "po_type": null, "date": "2015-12-28", "tracked_date": null, "last_shipment_date": null, "order_number": 201435, "is_single_ip": null}, "model": "eums.purchaseorder", "pk": 35}, {"fields": {"sales_order": 36, "created": "2015-12-28T11:48:57.819", "modified": "2015-12-28T11:48:57.819", "po_type": null, "date": "2015-12-28", "tracked_date": null, "last_shipment_date": null, "order_number": 201436, "is_single_ip": null}, "model": "eums.purchaseorder", "pk": 36}, {"fields": {"sales_order": 37, "created": "2015-12-28T11:48:57.820", "modified": "2015-12-28T11:48:57.820", "po_type": null, "date": "2015-12-28", "tracked_date": null, "last_shipment_date": null, "order_number": 201437, "is_single_ip": null}, "model": "eums.purchaseorder", "pk": 37}, {"fields": {"sales_order": 38, "created": "2015-12-28T11:48:57.821", "modified": "2015-12-28T11:48:57.821", "po_type": null, "date": "2015-12-28", "tracked_date": null, "last_shipment_date": null, "order_number": 201438, "is_single_ip": null}, "model": "eums.purchaseorder", "pk": 38}, {"fields": {"sales_order": 39, "created": "2015-12-28T11:48:57.822", "modified": "2015-12-28T11:48:57.822", "po_type": null, "date": "2015-12-28", "tracked_date": null, "last_shipment_date": null, "order_number": 201439, "is_single_ip": null}, "model": "eums.purchaseorder", "pk": 39}, {"fields": {"sales_order": 40, "created": "2015-12-28T11:48:57.823", "modified": "2015-12-28T11:48:57.823", "po_type": null, "date": "2015-12-28", "tracked_date": null, "last_shipment_date": null, "order_number": 201440, "is_single_ip": null}, "model": "eums.purchaseorder", "pk": 40}, {"fields": {"sales_order": 41, "created": "2015-12-28T11:48:57.825", "modified": "2015-12-28T11:48:57.825", "po_type": null, "date": "2015-12-28", "tracked_date": null, "last_shipment_date": null, "order_number": 201441, "is_single_ip": null}, "model": "eums.purchaseorder", "pk": 41}, {"fields": {"sales_order": 42, "created": "2015-12-28T11:48:57.826", "modified": "2015-12-28T11:48:57.826", "po_type": null, "date": "2015-12-28", "tracked_date": null, "last_shipment_date": null, "order_number": 201442, "is_single_ip": null}, "model": "eums.purchaseorder", "pk": 42}, {"fields": {"sales_order": 43, "created": "2015-12-28T11:48:57.826", "modified": "2016-01-11T11:50:15.496", "po_type": null, "date": "2015-12-28", "tracked_date": "2015-12-30T06:47:08.159", "last_shipment_date": "2015-12-08", "order_number": 201443, "is_single_ip": false}, "model": "eums.purchaseorder", "pk": 43}, {"fields": {"sales_order": 44, "created": "2015-12-28T11:48:57.827", "modified": "2015-12-28T11:48:57.827", "po_type": null, "date": "2015-12-28", "tracked_date": null, "last_shipment_date": null, "order_number": 201444, "is_single_ip": null}, "model": "eums.purchaseorder", "pk": 44}, {"fields": {"sales_order": 45, "created": "2015-12-28T11:48:57.828", "modified": "2015-12-30T10:06:23.578", "po_type": null, "date": "2015-12-28", "tracked_date": null, "last_shipment_date": null, "order_number": 201445, "is_single_ip": true}, "model": "eums.purchaseorder", "pk": 45}, {"fields": {"sales_order": 46, "created": "2015-12-28T11:48:57.829", "modified": "2015-12-30T09:44:10.527", "po_type": null, "date": "2015-12-28", "tracked_date": null, "last_shipment_date": null, "order_number": 201446, "is_single_ip": true}, "model": "eums.purchaseorder", "pk": 46}, {"fields": {"sales_order": 47, "created": "2015-12-28T11:48:57.830", "modified": "2015-12-28T11:48:57.830", "po_type": null, "date": "2015-12-28", "tracked_date": null, "last_shipment_date": null, "order_number": 201447, "is_single_ip": null}, "model": "eums.purchaseorder", "pk": 47}, {"fields": {"sales_order": 48, "created": "2015-12-28T11:48:57.831", "modified": "2015-12-28T11:48:57.831", "po_type": null, "date": "2015-12-28", "tracked_date": null, "last_shipment_date": null, "order_number": 201448, "is_single_ip": null}, "model": "eums.purchaseorder", "pk": 48}, {"fields": {"sales_order": 49, "created": "2015-12-28T11:48:57.832", "modified": "2015-12-30T09:44:44.427", "po_type": null, "date": "2015-12-28", "tracked_date": null, "last_shipment_date": null, "order_number": 201449, "is_single_ip": true}, "model": "eums.purchaseorder", "pk": 49}, {"fields": {"sales_order": 50, "created": "2015-12-28T11:48:57.833", "modified": "2015-12-28T11:48:57.833", "po_type": null, "date": "2015-12-28", "tracked_date": null, "last_shipment_date": null, "order_number": 201450, "is_single_ip": null}, "model": "eums.purchaseorder", "pk": 50}, {"fields": {"sales_order": 1, "created": "2015-12-28T11:48:58.117", "waybill": 72127801, "consignee": 2, "modified": "2015-12-28T11:48:58.117", "purchase_order": 1, "date": null, "tracked_date": null, "order_number": 54161101, "delivery_date": "2015-12-28"}, "model": "eums.releaseorder", "pk": 1}, {"fields": {"sales_order": 2, "created": "2015-12-28T11:48:58.119", "waybill": 72127802, "consignee": 3, "modified": "2015-12-28T11:48:58.119", "purchase_order": 2, "date": null, "tracked_date": null, "order_number": 54161102, "delivery_date": "2015-12-28"}, "model": "eums.releaseorder", "pk": 2}, {"fields": {"sales_order": 3, "created": "2015-12-28T11:48:58.120", "waybill": 72127803, "consignee": 4, "modified": "2015-12-28T11:48:58.120", "purchase_order": 3, "date": null, "tracked_date": null, "order_number": 54161103, "delivery_date": "2015-12-28"}, "model": "eums.releaseorder", "pk": 3}, {"fields": {"sales_order": 4, "created": "2015-12-28T11:48:58.122", "waybill": 72127804, "consignee": 5, "modified": "2015-12-28T11:48:58.122", "purchase_order": 4, "date": null, "tracked_date": null, "order_number": 54161104, "delivery_date": "2015-12-28"}, "model": "eums.releaseorder", "pk": 4}, {"fields": {"sales_order": 5, "created": "2015-12-28T11:48:58.123", "waybill": 72127805, "consignee": 6, "modified": "2015-12-28T11:48:58.123", "purchase_order": 5, "date": null, "tracked_date": null, "order_number": 54161105, "delivery_date": "2015-12-28"}, "model": "eums.releaseorder", "pk": 5}, {"fields": {"sales_order": 6, "created": "2015-12-28T11:48:58.124", "waybill": 72127806, "consignee": 7, "modified": "2015-12-28T11:48:58.124", "purchase_order": 6, "date": null, "tracked_date": null, "order_number": 54161106, "delivery_date": "2015-12-28"}, "model": "eums.releaseorder", "pk": 6}, {"fields": {"sales_order": 7, "created": "2015-12-28T11:48:58.125", "waybill": 72127807, "consignee": 8, "modified": "2015-12-28T11:48:58.125", "purchase_order": 7, "date": null, "tracked_date": null, "order_number": 54161107, "delivery_date": "2015-12-28"}, "model": "eums.releaseorder", "pk": 7}, {"fields": {"sales_order": 8, "created": "2015-12-28T11:48:58.126", "waybill": 72127808, "consignee": 9, "modified": "2015-12-28T11:48:58.126", "purchase_order": 8, "date": null, "tracked_date": null, "order_number": 54161108, "delivery_date": "2015-12-28"}, "model": "eums.releaseorder", "pk": 8}, {"fields": {"sales_order": 9, "created": "2015-12-28T11:48:58.127", "waybill": 72127809, "consignee": 10, "modified": "2015-12-28T11:48:58.127", "purchase_order": 9, "date": null, "tracked_date": null, "order_number": 54161109, "delivery_date": "2015-12-28"}, "model": "eums.releaseorder", "pk": 9}, {"fields": {"sales_order": 10, "created": "2015-12-28T11:48:58.129", "waybill": 72127810, "consignee": 11, "modified": "2015-12-28T11:48:58.129", "purchase_order": 10, "date": null, "tracked_date": null, "order_number": 54161110, "delivery_date": "2015-12-28"}, "model": "eums.releaseorder", "pk": 10}, {"fields": {"sales_order": 11, "created": "2015-12-28T11:48:58.130", "waybill": 72127811, "consignee": 12, "modified": "2015-12-28T11:48:58.130", "purchase_order": 11, "date": null, "tracked_date": null, "order_number": 54161111, "delivery_date": "2015-12-28"}, "model": "eums.releaseorder", "pk": 11}, {"fields": {"sales_order": 12, "created": "2015-12-28T11:48:58.131", "waybill": 72127812, "consignee": 13, "modified": "2015-12-28T11:48:58.131", "purchase_order": 12, "date": null, "tracked_date": null, "order_number": 54161112, "delivery_date": "2015-12-28"}, "model": "eums.releaseorder", "pk": 12}, {"fields": {"sales_order": 13, "created": "2015-12-28T11:48:58.132", "waybill": 72127813, "consignee": 14, "modified": "2015-12-28T11:48:58.132", "purchase_order": 13, "date": null, "tracked_date": null, "order_number": 54161113, "delivery_date": "2015-12-28"}, "model": "eums.releaseorder", "pk": 13}, {"fields": {"sales_order": 14, "created": "2015-12-28T11:48:58.133", "waybill": 72127814, "consignee": 15, "modified": "2015-12-28T11:48:58.133", "purchase_order": 14, "date": null, "tracked_date": null, "order_number": 54161114, "delivery_date": "2015-12-28"}, "model": "eums.releaseorder", "pk": 14}, {"fields": {"sales_order": 15, "created": "2015-12-28T11:48:58.134", "waybill": 72127815, "consignee": 16, "modified": "2015-12-28T11:48:58.134", "purchase_order": 15, "date": null, "tracked_date": null, "order_number": 54161115, "delivery_date": "2015-12-28"}, "model": "eums.releaseorder", "pk": 15}, {"fields": {"sales_order": 16, "created": "2015-12-28T11:48:58.135", "waybill": 72127816, "consignee": 17, "modified": "2015-12-28T11:48:58.135", "purchase_order": 16, "date": null, "tracked_date": null, "order_number": 54161116, "delivery_date": "2015-12-28"}, "model": "eums.releaseorder", "pk": 16}, {"fields": {"sales_order": 17, "created": "2015-12-28T11:48:58.137", "waybill": 72127817, "consignee": 18, "modified": "2015-12-28T11:48:58.137", "purchase_order": 17, "date": null, "tracked_date": null, "order_number": 54161117, "delivery_date": "2015-12-28"}, "model": "eums.releaseorder", "pk": 17}, {"fields": {"sales_order": 18, "created": "2015-12-28T11:48:58.138", "waybill": 72127818, "consignee": 19, "modified": "2015-12-28T11:48:58.138", "purchase_order": 18, "date": null, "tracked_date": null, "order_number": 54161118, "delivery_date": "2015-12-28"}, "model": "eums.releaseorder", "pk": 18}, {"fields": {"sales_order": 19, "created": "2015-12-28T11:48:58.139", "waybill": 72127819, "consignee": 20, "modified": "2015-12-30T09:52:10.280", "purchase_order": 19, "date": null, "tracked_date": "2015-12-30T06:52:06.002", "order_number": 54161119, "delivery_date": "2015-12-28"}, "model": "eums.releaseorder", "pk": 19}, {"fields": {"sales_order": 20, "created": "2015-12-28T11:48:58.140", "waybill": 72127820, "consignee": 21, "modified": "2015-12-30T10:54:51.847", "purchase_order": 20, "date": null, "tracked_date": "2015-12-30T07:54:47.493", "order_number": 54161120, "delivery_date": "2015-12-28"}, "model": "eums.releaseorder", "pk": 20}, {"fields": {"sales_order": 21, "created": "2015-12-28T11:48:58.141", "waybill": 72127821, "consignee": 22, "modified": "2015-12-28T11:48:58.141", "purchase_order": 21, "date": null, "tracked_date": null, "order_number": 54161121, "delivery_date": "2015-12-28"}, "model": "eums.releaseorder", "pk": 21}, {"fields": {"runnable": 7, "order_type": "Purchase Order", "order_number": 201431, "is_resolved": false, "created_on": "2015-12-30", "remarks": null, "contact_name": "Gao Yuan", "issue": "not_received", "item_description": null, "consignee_name": "WAKISO DHO"}, "model": "eums.alert", "pk": 1}, {"fields": {"runnable": 6, "order_type": "Purchase Order", "order_number": 201431, "is_resolved": false, "created_on": "2015-12-30", "remarks": null, "contact_name": "Gao Yuan", "issue": "not_received", "item_description": null, "consignee_name": "WAKISO DHO"}, "model": "eums.alert", "pk": 2}, {"fields": {"runnable": 4, "order_type": "Purchase Order", "order_number": 201431, "is_resolved": false, "created_on": "2015-12-30", "remarks": null, "contact_name": "Gao Yuan", "issue": "not_received", "item_description": null, "consignee_name": "WAKISO DHO"}, "model": "eums.alert", "pk": 3}, {"fields": {"runnable": 5, "order_type": "Purchase Order", "order_number": 201431, "is_resolved": false, "created_on": "2015-12-30", "remarks": null, "contact_name": "Gao Yuan", "issue": "not_received", "item_description": null, "consignee_name": "WAKISO DHO"}, "model": "eums.alert", "pk": 4}, {"fields": {"runnable": 24, "order_type": "Purchase Order", "order_number": 201429, "is_resolved": false, "created_on": "2015-12-30", "remarks": null, "contact_name": "Gao Yuan", "issue": "not_received", "item_description": null, "consignee_name": "WAKISO DHO"}, "model": "eums.alert", "pk": 5}, {"fields": {"runnable": 17, "order_type": "Purchase Order", "order_number": 201446, "is_resolved": false, "created_on": "2015-12-30", "remarks": null, "contact_name": "Gao Yuan", "issue": "bad_condition", "item_description": null, "consignee_name": "WAKISO DHO"}, "model": "eums.alert", "pk": 6}, {"fields": {"runnable": 17, "order_type": "Purchase Order", "order_number": 201446, "is_resolved": false, "created_on": "2015-12-30", "remarks": null, "contact_name": "Gao Yuan", "issue": "distribution_expired", "item_description": null, "consignee_name": "WAKISO DHO"}, "model": "eums.alert", "pk": 7}, {"fields": {"runnable": 37, "order_type": "Purchase Order", "order_number": 201443, "is_resolved": false, "created_on": "2015-12-30", "remarks": null, "contact_name": "Gao Yuan", "issue": "not_received", "item_description": null, "consignee_name": "WAKISO DHO"}, "model": "eums.alert", "pk": 8}, {"fields": {"runnable": 18, "order_type": "Purchase Order", "order_number": 201446, "is_resolved": false, "created_on": "2015-12-30", "remarks": null, "contact_name": "Gao Yuan", "issue": "damaged", "item_description": "Safety box f.used syrgs/ndls 5lt/BOX-25 B", "consignee_name": "WAKISO DHO"}, "model": "eums.alert", "pk": 9}, {"fields": {"runnable": 19, "order_type": "Purchase Order", "order_number": 201449, "is_resolved": false, "created_on": "2015-12-30", "remarks": null, "contact_name": "xu xiaojuan", "issue": "not_received", "item_description": null, "consignee_name": "WAKISO DHO"}, "model": "eums.alert", "pk": 10}, {"fields": {"runnable": 23, "order_type": "Purchase Order", "order_number": 201429, "is_resolved": false, "created_on": "2015-12-30", "remarks": null, "contact_name": "Wu Lingzi", "issue": "not_received", "item_description": null, "consignee_name": "WAKISO DHO"}, "model": "eums.alert", "pk": 11}, {"fields": {"runnable": 32, "order_type": "Purchase Order", "order_number": 201443, "is_resolved": false, "created_on": "2015-12-30", "remarks": null, "contact_name": "Gao Yuan", "issue": "bad_condition", "item_description": null, "consignee_name": "WAKISO DHO"}, "model": "eums.alert", "pk": 12}, {"fields": {"runnable": 42, "order_type": "Purchase Order", "order_number": 201443, "is_resolved": false, "created_on": "2015-12-30", "remarks": null, "contact_name": "Gao Yuan", "issue": "damaged", "item_description": "IEHK2006,kit,suppl.1-drugs", "consignee_name": "WAKISO DHO"}, "model": "eums.alert", "pk": 13}, {"fields": {"runnable": 35, "order_type": "Purchase Order", "order_number": 201443, "is_resolved": false, "created_on": "2015-12-30", "remarks": null, "contact_name": "Gao Yuan", "issue": "not_received", "item_description": null, "consignee_name": "WAKISO DHO"}, "model": "eums.alert", "pk": 14}, {"fields": {"runnable": 31, "order_type": "Purchase Order", "order_number": 201443, "is_resolved": false, "created_on": "2015-12-30", "remarks": null, "contact_name": "Gao Yuan", "issue": "not_received", "item_description": null, "consignee_name": "WAKISO DHO"}, "model": "eums.alert", "pk": 15}, {"fields": {"runnable": 8, "order_type": "Purchase Order", "order_number": 201431, "is_resolved": false, "created_on": "2015-12-30", "remarks": null, "contact_name": "Gao Yuan", "issue": "not_received", "item_description": null, "consignee_name": "WAKISO DHO"}, "model": "eums.alert", "pk": 16}, {"fields": {"runnable": 38, "order_type": "Purchase Order", "order_number": 201443, "is_resolved": false, "created_on": "2015-12-30", "remarks": null, "contact_name": "Gao Yuan", "issue": "bad_condition", "item_description": null, "consignee_name": "WAKISO DHO"}, "model": "eums.alert", "pk": 17}, {"fields": {"runnable": 48, "order_type": "Purchase Order", "order_number": 201443, "is_resolved": false, "created_on": "2015-12-30", "remarks": null, "contact_name": "Gao Yuan", "issue": "incomplete", "item_description": "IEHK2006,kit,suppl.1-drugs", "consignee_name": "WAKISO DHO"}, "model": "eums.alert", "pk": 18}, {"fields": {"runnable": 30, "order_type": "Purchase Order", "order_number": 201443, "is_resolved": false, "created_on": "2015-12-30", "remarks": null, "contact_name": "Gao Yuan", "issue": "bad_condition", "item_description": null, "consignee_name": "WAKISO DHO"}, "model": "eums.alert", "pk": 19}, {"fields": {"runnable": 40, "order_type": "Purchase Order", "order_number": 201443, "is_resolved": false, "created_on": "2015-12-30", "remarks": null, "contact_name": "Gao Yuan", "issue": "substandard", "item_description": "IEHK2006,kit,suppl.1-drugs", "consignee_name": "WAKISO DHO"}, "model": "eums.alert", "pk": 20}, {"fields": {"runnable": 29, "order_type": "Purchase Order", "order_number": 201443, "is_resolved": false, "created_on": "2015-12-30", "remarks": null, "contact_name": "Gao Yuan", "issue": "bad_condition", "item_description": null, "consignee_name": "WAKISO DHO"}, "model": "eums.alert", "pk": 21}, {"fields": {"runnable": 39, "order_type": "Purchase Order", "order_number": 201443, "is_resolved": false, "created_on": "2015-12-30", "remarks": null, "contact_name": "Gao Yuan", "issue": "damaged", "item_description": "IEHK2006,kit,suppl.1-drugs", "consignee_name": "WAKISO DHO"}, "model": "eums.alert", "pk": 22}, {"fields": {"runnable": 33, "order_type": "Purchase Order", "order_number": 201443, "is_resolved": false, "created_on": "2015-12-30", "remarks": null, "contact_name": "Gao Yuan", "issue": "bad_condition", "item_description": null, "consignee_name": "WAKISO DHO"}, "model": "eums.alert", "pk": 23}, {"fields": {"runnable": 25, "order_type": "Purchase Order", "order_number": 201429, "is_resolved": true, "created_on": "2015-12-30", "remarks": "The IP has distributed!", "contact_name": "Xu Ren", "issue": "distribution_expired", "item_description": null, "consignee_name": "WAKISO DHO"}, "model": "eums.alert", "pk": 24}, {"fields": {"runnable": 49, "order_type": "Waybill", "order_number": 72127819, "is_resolved": false, "created_on": "2015-12-30", "remarks": null, "contact_name": "Enid M", "issue": "not_received", "item_description": null, "consignee_name": "KYENGEGWA DHO"}, "model": "eums.alert", "pk": 25}, {"fields": {"notification_message": "Please contact Gao Yuan for any delivery related issue.", "sync_start_date": null, "auto_track": false}, "model": "eums.systemsettings", "pk": 1}, {"fields": {"status": "SUCCESSFUL", "start_time": "2015-12-30T11:22:47.947", "end_time": "2015-12-30T11:22:51.400"}, "model": "eums.syncinfo", "pk": 6}, {"fields": {"nodes_to_delete": "[62]", "nodes_with_deleted_dependencies": "[62, 62]"}, "model": "eums.deleterecords", "pk": 1}, {"fields": {"codename": "add_logentry", "name": "Can add log entry", "content_type": 1}, "model": "auth.permission", "pk": 1}, {"fields": {"codename": "change_logentry", "name": "Can change log entry", "content_type": 1}, "model": "auth.permission", "pk": 2}, {"fields": {"codename": "delete_logentry", "name": "Can delete log entry", "content_type": 1}, "model": "auth.permission", "pk": 3}, {"fields": {"codename": "add_permission", "name": "Can add permission", "content_type": 2}, "model": "auth.permission", "pk": 4}, {"fields": {"codename": "change_permission", "name": "Can change permission", "content_type": 2}, "model": "auth.permission", "pk": 5}, {"fields": {"codename": "delete_permission", "name": "Can delete permission", "content_type": 2}, "model": "auth.permission", "pk": 6}, {"fields": {"codename": "add_group", "name": "Can add group", "content_type": 3}, "model": "auth.permission", "pk": 7}, {"fields": {"codename": "change_group", "name": "Can change group", "content_type": 3}, "model": "auth.permission", "pk": 8}, {"fields": {"codename": "delete_group", "name": "Can delete group", "content_type": 3}, "model": "auth.permission", "pk": 9}, {"fields": {"codename": "add_user", "name": "Can add user", "content_type": 4}, "model": "auth.permission", "pk": 10}, {"fields": {"codename": "change_user", "name": "Can change user", "content_type": 4}, "model": "auth.permission", "pk": 11}, {"fields": {"codename": "delete_user", "name": "Can delete user", "content_type": 4}, "model": "auth.permission", "pk": 12}, {"fields": {"codename": "add_contenttype", "name": "Can add content type", "content_type": 5}, "model": "auth.permission", "pk": 13}, {"fields": {"codename": "change_contenttype", "name": "Can change content type", "content_type": 5}, "model": "auth.permission", "pk": 14}, {"fields": {"codename": "delete_contenttype", "name": "Can delete content type", "content_type": 5}, "model": "auth.permission", "pk": 15}, {"fields": {"codename": "add_session", "name": "Can add session", "content_type": 6}, "model": "auth.permission", "pk": 16}, {"fields": {"codename": "change_session", "name": "Can change session", "content_type": 6}, "model": "auth.permission", "pk": 17}, {"fields": {"codename": "delete_session", "name": "Can delete session", "content_type": 6}, "model": "auth.permission", "pk": 18}, {"fields": {"codename": "add_consignee", "name": "Can add consignee", "content_type": 7}, "model": "auth.permission", "pk": 19}, {"fields": {"codename": "change_consignee", "name": "Can change consignee", "content_type": 7}, "model": "auth.permission", "pk": 20}, {"fields": {"codename": "delete_consignee", "name": "Can delete consignee", "content_type": 7}, "model": "auth.permission", "pk": 21}, {"fields": {"codename": "add_runnable", "name": "Can add runnable", "content_type": 8}, "model": "auth.permission", "pk": 22}, {"fields": {"codename": "change_runnable", "name": "Can change runnable", "content_type": 8}, "model": "auth.permission", "pk": 23}, {"fields": {"codename": "delete_runnable", "name": "Can delete runnable", "content_type": 8}, "model": "auth.permission", "pk": 24}, {"fields": {"codename": "add_run", "name": "Can add run", "content_type": 9}, "model": "auth.permission", "pk": 25}, {"fields": {"codename": "change_run", "name": "Can change run", "content_type": 9}, "model": "auth.permission", "pk": 26}, {"fields": {"codename": "delete_run", "name": "Can delete run", "content_type": 9}, "model": "auth.permission", "pk": 27}, {"fields": {"codename": "add_question", "name": "Can add question", "content_type": 10}, "model": "auth.permission", "pk": 28}, {"fields": {"codename": "change_question", "name": "Can change question", "content_type": 10}, "model": "auth.permission", "pk": 29}, {"fields": {"codename": "delete_question", "name": "Can delete question", "content_type": 10}, "model": "auth.permission", "pk": 30}, {"fields": {"codename": "add_numericquestion", "name": "Can add numeric question", "content_type": 11}, "model": "auth.permission", "pk": 31}, {"fields": {"codename": "change_numericquestion", "name": "Can change numeric question", "content_type": 11}, "model": "auth.permission", "pk": 32}, {"fields": {"codename": "delete_numericquestion", "name": "Can delete numeric question", "content_type": 11}, "model": "auth.permission", "pk": 33}, {"fields": {"codename": "add_textquestion", "name": "Can add text question", "content_type": 12}, "model": "auth.permission", "pk": 34}, {"fields": {"codename": "change_textquestion", "name": "Can change text question", "content_type": 12}, "model": "auth.permission", "pk": 35}, {"fields": {"codename": "delete_textquestion", "name": "Can delete text question", "content_type": 12}, "model": "auth.permission", "pk": 36}, {"fields": {"codename": "add_multiplechoicequestion", "name": "Can add multiple choice question", "content_type": 13}, "model": "auth.permission", "pk": 37}, {"fields": {"codename": "change_multiplechoicequestion", "name": "Can change multiple choice question", "content_type": 13}, "model": "auth.permission", "pk": 38}, {"fields": {"codename": "delete_multiplechoicequestion", "name": "Can delete multiple choice question", "content_type": 13}, "model": "auth.permission", "pk": 39}, {"fields": {"codename": "add_option", "name": "Can add option", "content_type": 14}, "model": "auth.permission", "pk": 40}, {"fields": {"codename": "change_option", "name": "Can change option", "content_type": 14}, "model": "auth.permission", "pk": 41}, {"fields": {"codename": "delete_option", "name": "Can delete option", "content_type": 14}, "model": "auth.permission", "pk": 42}, {"fields": {"codename": "add_itemunit", "name": "Can add item unit", "content_type": 15}, "model": "auth.permission", "pk": 43}, {"fields": {"codename": "change_itemunit", "name": "Can change item unit", "content_type": 15}, "model": "auth.permission", "pk": 44}, {"fields": {"codename": "delete_itemunit", "name": "Can delete item unit", "content_type": 15}, "model": "auth.permission", "pk": 45}, {"fields": {"codename": "add_programme", "name": "Can add programme", "content_type": 16}, "model": "auth.permission", "pk": 46}, {"fields": {"codename": "change_programme", "name": "Can change programme", "content_type": 16}, "model": "auth.permission", "pk": 47}, {"fields": {"codename": "delete_programme", "name": "Can delete programme", "content_type": 16}, "model": "auth.permission", "pk": 48}, {"fields": {"codename": "add_arc", "name": "Can add arc", "content_type": 17}, "model": "auth.permission", "pk": 49}, {"fields": {"codename": "change_arc", "name": "Can change arc", "content_type": 17}, "model": "auth.permission", "pk": 50}, {"fields": {"codename": "delete_arc", "name": "Can delete arc", "content_type": 17}, "model": "auth.permission", "pk": 51}, {"fields": {"codename": "add_orderitem", "name": "Can add order item", "content_type": 18}, "model": "auth.permission", "pk": 52}, {"fields": {"codename": "change_orderitem", "name": "Can change order item", "content_type": 18}, "model": "auth.permission", "pk": 53}, {"fields": {"codename": "delete_orderitem", "name": "Can delete order item", "content_type": 18}, "model": "auth.permission", "pk": 54}, {"fields": {"codename": "add_item", "name": "Can add item", "content_type": 19}, "model": "auth.permission", "pk": 55}, {"fields": {"codename": "change_item", "name": "Can change item", "content_type": 19}, "model": "auth.permission", "pk": 56}, {"fields": {"codename": "delete_item", "name": "Can delete item", "content_type": 19}, "model": "auth.permission", "pk": 57}, {"fields": {"codename": "add_flow", "name": "Can add flow", "content_type": 20}, "model": "auth.permission", "pk": 58}, {"fields": {"codename": "change_flow", "name": "Can change flow", "content_type": 20}, "model": "auth.permission", "pk": 59}, {"fields": {"codename": "delete_flow", "name": "Can delete flow", "content_type": 20}, "model": "auth.permission", "pk": 60}, {"fields": {"codename": "add_distributionplannode", "name": "Can add distribution plan node", "content_type": 21}, "model": "auth.permission", "pk": 61}, {"fields": {"codename": "change_distributionplannode", "name": "Can change distribution plan node", "content_type": 21}, "model": "auth.permission", "pk": 62}, {"fields": {"codename": "delete_distributionplannode", "name": "Can delete distribution plan node", "content_type": 21}, "model": "auth.permission", "pk": 63}, {"fields": {"codename": "add_consigneeitem", "name": "Can add consignee item", "content_type": 22}, "model": "auth.permission", "pk": 64}, {"fields": {"codename": "change_consigneeitem", "name": "Can change consignee item", "content_type": 22}, "model": "auth.permission", "pk": 65}, {"fields": {"codename": "delete_consigneeitem", "name": "Can delete consignee item", "content_type": 22}, "model": "auth.permission", "pk": 66}, {"fields": {"codename": "add_textanswer", "name": "Can add text answer", "content_type": 23}, "model": "auth.permission", "pk": 67}, {"fields": {"codename": "change_textanswer", "name": "Can change text answer", "content_type": 23}, "model": "auth.permission", "pk": 68}, {"fields": {"codename": "delete_textanswer", "name": "Can delete text answer", "content_type": 23}, "model": "auth.permission", "pk": 69}, {"fields": {"codename": "add_numericanswer", "name": "Can add numeric answer", "content_type": 24}, "model": "auth.permission", "pk": 70}, {"fields": {"codename": "change_numericanswer", "name": "Can change numeric answer", "content_type": 24}, "model": "auth.permission", "pk": 71}, {"fields": {"codename": "delete_numericanswer", "name": "Can delete numeric answer", "content_type": 24}, "model": "auth.permission", "pk": 72}, {"fields": {"codename": "add_multiplechoiceanswer", "name": "Can add multiple choice answer", "content_type": 25}, "model": "auth.permission", "pk": 73}, {"fields": {"codename": "change_multiplechoiceanswer", "name": "Can change multiple choice answer", "content_type": 25}, "model": "auth.permission", "pk": 74}, {"fields": {"codename": "delete_multiplechoiceanswer", "name": "Can delete multiple choice answer", "content_type": 25}, "model": "auth.permission", "pk": 75}, {"fields": {"codename": "add_purchaseorderitem", "name": "Can add purchase order item", "content_type": 26}, "model": "auth.permission", "pk": 76}, {"fields": {"codename": "change_purchaseorderitem", "name": "Can change purchase order item", "content_type": 26}, "model": "auth.permission", "pk": 77}, {"fields": {"codename": "delete_purchaseorderitem", "name": "Can delete purchase order item", "content_type": 26}, "model": "auth.permission", "pk": 78}, {"fields": {"codename": "add_releaseorderitem", "name": "Can add release order item", "content_type": 27}, "model": "auth.permission", "pk": 79}, {"fields": {"codename": "change_releaseorderitem", "name": "Can change release order item", "content_type": 27}, "model": "auth.permission", "pk": 80}, {"fields": {"codename": "delete_releaseorderitem", "name": "Can delete release order item", "content_type": 27}, "model": "auth.permission", "pk": 81}, {"fields": {"codename": "add_distributionplan", "name": "Can add distribution plan", "content_type": 28}, "model": "auth.permission", "pk": 82}, {"fields": {"codename": "change_distributionplan", "name": "Can change distribution plan", "content_type": 28}, "model": "auth.permission", "pk": 83}, {"fields": {"codename": "delete_distributionplan", "name": "Can delete distribution plan", "content_type": 28}, "model": "auth.permission", "pk": 84}, {"fields": {"codename": "add_salesorder", "name": "Can add sales order", "content_type": 29}, "model": "auth.permission", "pk": 85}, {"fields": {"codename": "change_salesorder", "name": "Can change sales order", "content_type": 29}, "model": "auth.permission", "pk": 86}, {"fields": {"codename": "delete_salesorder", "name": "Can delete sales order", "content_type": 29}, "model": "auth.permission", "pk": 87}, {"fields": {"codename": "add_salesorderitem", "name": "Can add sales order item", "content_type": 30}, "model": "auth.permission", "pk": 88}, {"fields": {"codename": "change_salesorderitem", "name": "Can change sales order item", "content_type": 30}, "model": "auth.permission", "pk": 89}, {"fields": {"codename": "delete_salesorderitem", "name": "Can delete sales order item", "content_type": 30}, "model": "auth.permission", "pk": 90}, {"fields": {"codename": "add_runqueue", "name": "Can add run queue", "content_type": 31}, "model": "auth.permission", "pk": 91}, {"fields": {"codename": "change_runqueue", "name": "Can change run queue", "content_type": 31}, "model": "auth.permission", "pk": 92}, {"fields": {"codename": "delete_runqueue", "name": "Can delete run queue", "content_type": 31}, "model": "auth.permission", "pk": 93}, {"fields": {"codename": "add_purchaseorder", "name": "Can add purchase order", "content_type": 32}, "model": "auth.permission", "pk": 94}, {"fields": {"codename": "change_purchaseorder", "name": "Can change purchase order", "content_type": 32}, "model": "auth.permission", "pk": 95}, {"fields": {"codename": "delete_purchaseorder", "name": "Can delete purchase order", "content_type": 32}, "model": "auth.permission", "pk": 96}, {"fields": {"codename": "add_releaseorder", "name": "Can add release order", "content_type": 33}, "model": "auth.permission", "pk": 97}, {"fields": {"codename": "change_releaseorder", "name": "Can change release order", "content_type": 33}, "model": "auth.permission", "pk": 98}, {"fields": {"codename": "delete_releaseorder", "name": "Can delete release order", "content_type": 33}, "model": "auth.permission", "pk": 99}, {"fields": {"codename": "add_distributionreport", "name": "Can add distribution report", "content_type": 34}, "model": "auth.permission", "pk": 100}, {"fields": {"codename": "change_distributionreport", "name": "Can change distribution report", "content_type": 34}, "model": "auth.permission", "pk": 101}, {"fields": {"codename": "delete_distributionreport", "name": "Can delete distribution report", "content_type": 34}, "model": "auth.permission", "pk": 102}, {"fields": {"codename": "add_userprofile", "name": "Can add user profile", "content_type": 35}, "model": "auth.permission", "pk": 103}, {"fields": {"codename": "change_userprofile", "name": "Can change user profile", "content_type": 35}, "model": "auth.permission", "pk": 104}, {"fields": {"codename": "delete_userprofile", "name": "Can delete user profile", "content_type": 35}, "model": "auth.permission", "pk": 105}, {"fields": {"codename": "add_alert", "name": "Can add alert", "content_type": 36}, "model": "auth.permission", "pk": 106}, {"fields": {"codename": "change_alert", "name": "Can change alert", "content_type": 36}, "model": "auth.permission", "pk": 107}, {"fields": {"codename": "delete_alert", "name": "Can delete alert", "content_type": 36}, "model": "auth.permission", "pk": 108}, {"fields": {"codename": "add_systemsettings", "name": "Can add system settings", "content_type": 37}, "model": "auth.permission", "pk": 109}, {"fields": {"codename": "change_systemsettings", "name": "Can change system settings", "content_type": 37}, "model": "auth.permission", "pk": 110}, {"fields": {"codename": "delete_systemsettings", "name": "Can delete system settings", "content_type": 37}, "model": "auth.permission", "pk": 111}, {"fields": {"codename": "add_syncinfo", "name": "Can add sync info", "content_type": 38}, "model": "auth.permission", "pk": 112}, {"fields": {"codename": "change_syncinfo", "name": "Can change sync info", "content_type": 38}, "model": "auth.permission", "pk": 113}, {"fields": {"codename": "delete_syncinfo", "name": "Can delete sync info", "content_type": 38}, "model": "auth.permission", "pk": 114}, {"fields": {"codename": "add_deleterecords", "name": "Can add delete records", "content_type": 39}, "model": "auth.permission", "pk": 115}, {"fields": {"codename": "change_deleterecords", "name": "Can change delete records", "content_type": 39}, "model": "auth.permission", "pk": 116}, {"fields": {"codename": "delete_deleterecords", "name": "Can delete delete records", "content_type": 39}, "model": "auth.permission", "pk": 117}, {"fields": {"codename": "add_visionsyncinfo", "name": "Can add vision sync info", "content_type": 40}, "model": "auth.permission", "pk": 118}, {"fields": {"codename": "change_visionsyncinfo", "name": "Can change vision sync info", "content_type": 40}, "model": "auth.permission", "pk": 119}, {"fields": {"codename": "delete_visionsyncinfo", "name": "Can delete vision sync info", "content_type": 40}, "model": "auth.permission", "pk": 120}, {"fields": {"codename": "can_view_users", "name": "Can view users", "content_type": 2}, "model": "auth.permission", "pk": 121}, {"fields": {"codename": "can_view_dashboard", "name": "Can view dashboard", "content_type": 2}, "model": "auth.permission", "pk": 122}, {"fields": {"codename": "can_view_distribution_plans", "name": "Can view distribution plans", "content_type": 2}, "model": "auth.permission", "pk": 123}, {"fields": {"codename": "can_view_reports", "name": "Can view reports", "content_type": 2}, "model": "auth.permission", "pk": 124}, {"fields": {"codename": "can_view_deliveries", "name": "Can view deliveries", "content_type": 2}, "model": "auth.permission", "pk": 125}, {"fields": {"codename": "can_create_deliveries", "name": "Can create deliveries", "content_type": 2}, "model": "auth.permission", "pk": 126}, {"fields": {"codename": "can_track_deliveries", "name": "Can track deliveries", "content_type": 2}, "model": "auth.permission", "pk": 127}, {"fields": {"codename": "can_view_unicef_menu", "name": "Can view unicef menu", "content_type": 2}, "model": "auth.permission", "pk": 128}, {"fields": {"codename": "can_view_delivery_reports", "name": "Can view delivery reports", "content_type": 2}, "model": "auth.permission", "pk": 129}, {"fields": {"codename": "can_create_delivery_reports", "name": "Can create delivery reports", "content_type": 2}, "model": "auth.permission", "pk": 130}, {"fields": {"codename": "can_acknowledge_deliveries", "name": "Can acknowledge deliveries", "content_type": 2}, "model": "auth.permission", "pk": 131}, {"fields": {"codename": "can_view_field_verification_reports", "name": "Can view field verification reports", "content_type": 2}, "model": "auth.permission", "pk": 132}, {"fields": {"codename": "can_create_field_verification_reports", "name": "Can create field verification reports", "content_type": 2}, "model": "auth.permission", "pk": 133}, {"fields": {"codename": "can_view_ip_stock_reports", "name": "Can view IP stock reports", "content_type": 2}, "model": "auth.permission", "pk": 134}, {"fields": {"codename": "can_view_end_user_feedback_reports", "name": "Can view End User feedback reports", "content_type": 2}, "model": "auth.permission", "pk": 135}, {"fields": {"codename": "can_view_cub_consignee_feedback_reports", "name": "Can view Sub Consignee feedback reports", "content_type": 2}, "model": "auth.permission", "pk": 136}, {"fields": {"codename": "can_view_ip_feedback_reports", "name": "Can view IP feedback reports", "content_type": 2}, "model": "auth.permission", "pk": 137}, {"fields": {"codename": "can_view_consignees", "name": "Can view consignees", "content_type": 2}, "model": "auth.permission", "pk": 138}, {"fields": {"codename": "can_import_data", "name": "Can import data", "content_type": 2}, "model": "auth.permission", "pk": 139}, {"fields": {"codename": "can_view_self_contacts", "name": "Can view self contacts", "content_type": 2}, "model": "auth.permission", "pk": 140}, {"fields": {"codename": "can_view_contacts", "name": "Can view contacts", "content_type": 2}, "model": "auth.permission", "pk": 141}, {"fields": {"codename": "can_create_contacts", "name": "Can create contacts", "content_type": 2}, "model": "auth.permission", "pk": 142}, {"fields": {"codename": "can_edit_contacts", "name": "Can edit contacts", "content_type": 2}, "model": "auth.permission", "pk": 143}, {"fields": {"codename": "can_push_contacts_to_rapid_pro", "name": "Can push contacts to RapidPro", "content_type": 2}, "model": "auth.permission", "pk": 144}, {"fields": {"name": "UNICEF_admin", "permissions": [142, 143, 139, 127, 138, 141, 122, 129, 123, 124, 140, 128, 121, 10, 11, 19, 20, 21, 82, 83]}, "model": "auth.group", "pk": 1}, {"fields": {"name": "UNICEF_editor", "permissions": [142, 143, 127, 138, 122, 123, 124, 140, 128, 19, 20, 21, 82, 83]}, "model": "auth.group", "pk": 2}, {"fields": {"name": "UNICEF_viewer", "permissions": [142, 143, 138, 122, 123, 140, 128]}, "model": "auth.group", "pk": 3}, {"fields": {"name": "Implementing Partner_editor", "permissions": [142, 143, 138, 122, 129, 123, 124, 140, 19, 20, 21, 82, 83]}, "model": "auth.group", "pk": 4}, {"fields": {"name": "Implementing Partner_viewer", "permissions": [142, 143, 138, 122, 123, 124, 140]}, "model": "auth.group", "pk": 5}, {"fields": {"username": "admin", "first_name": "", "last_name": "", "is_active": true, "is_superuser": true, "is_staff": true, "last_login": "2015-12-30T15:40:20.937", "groups": [1], "user_permissions": [], "password": "pbkdf2_sha256$12000$Qm6uxNGdbAJk$bia6J/PwzJ67iK9gC1fbY0nlKgNNK0F1x8fcST48BAY=", "email": "admin@tw.org", "date_joined": "2014-10-13T11:21:57.796"}, "model": "auth.user", "pk": 1}, {"fields": {"username": "wakiso", "first_name": "", "last_name": "", "is_active": true, "is_superuser": false, "is_staff": false, "last_login": "2015-12-30T10:55:45.817", "groups": [4], "user_permissions": [], "password": "pbkdf2_sha256$12000$zXues7bdIbYE$Agj3fZdiacmK5JJriCkDgcNvn/Q53JCDvfF37i+mPJ4=", "email": "ip@ip.com", "date_joined": "2014-12-03T17:40:36.415"}, "model": "auth.user", "pk": 2}, {"fields": {"username": "wakiso_viewer", "first_name": "", "last_name": "", "is_active": true, "is_superuser": false, "is_staff": false, "last_login": "2015-02-04T17:02:46.534", "groups": [5], "user_permissions": [], "password": "pbkdf2_sha256$12000$zXues7bdIbYE$Agj3fZdiacmK5JJriCkDgcNvn/Q53JCDvfF37i+mPJ4=", "email": "ip@ip.com", "date_joined": "2014-12-03T17:40:36.415"}, "model": "auth.user", "pk": 3}, {"fields": {"username": "unicef_admin", "first_name": "", "last_name": "", "is_active": true, "is_superuser": false, "is_staff": false, "last_login": "2015-02-04T17:02:46.534", "groups": [1], "user_permissions": [], "password": "pbkdf2_sha256$12000$zXues7bdIbYE$Agj3fZdiacmK5JJriCkDgcNvn/Q53JCDvfF37i+mPJ4=", "email": "ip@ip.com", "date_joined": "2014-12-03T17:40:36.415"}, "model": "auth.user", "pk": 4}, {"fields": {"username": "unicef_editor", "first_name": "", "last_name": "", "is_active": true, "is_superuser": false, "is_staff": false, "last_login": "2015-02-04T17:02:46.534", "groups": [2], "user_permissions": [], "password": "pbkdf2_sha256$12000$zXues7bdIbYE$Agj3fZdiacmK5JJriCkDgcNvn/Q53JCDvfF37i+mPJ4=", "email": "ip@ip.com", "date_joined": "2014-12-03T17:40:36.415"}, "model": "auth.user", "pk": 5}, {"fields": {"username": "unicef_viewer", "first_name": "", "last_name": "", "is_active": true, "is_superuser": false, "is_staff": false, "last_login": "2015-02-04T17:02:46.534", "groups": [3], "user_permissions": [], "password": "pbkdf2_sha256$12000$zXues7bdIbYE$Agj3fZdiacmK5JJriCkDgcNvn/Q53JCDvfF37i+mPJ4=", "email": "ip@ip.com", "date_joined": "2014-12-03T17:40:36.415"}, "model": "auth.user", "pk": 6}, {"fields": {"username": "username_7", "first_name": "", "last_name": "", "is_active": true, "is_superuser": false, "is_staff": false, "last_login": "2015-12-28T11:48:57.221", "groups": [], "user_permissions": [], "password": "pass", "email": "", "date_joined": "2015-12-28T11:48:57.221"}, "model": "auth.user", "pk": 7}, {"fields": {"username": "username_8", "first_name": "", "last_name": "", "is_active": true, "is_superuser": false, "is_staff": false, "last_login": "2015-12-28T11:48:57.224", "groups": [], "user_permissions": [], "password": "pass", "email": "", "date_joined": "2015-12-28T11:48:57.224"}, "model": "auth.user", "pk": 8}, {"fields": {"username": "username_9", "first_name": "", "last_name": "", "is_active": true, "is_superuser": false, "is_staff": false, "last_login": "2015-12-28T11:48:57.226", "groups": [], "user_permissions": [], "password": "pass", "email": "", "date_joined": "2015-12-28T11:48:57.226"}, "model": "auth.user", "pk": 9}, {"fields": {"username": "username_10", "first_name": "", "last_name": "", "is_active": true, "is_superuser": false, "is_staff": false, "last_login": "2015-12-28T11:48:57.230", "groups": [], "user_permissions": [], "password": "pass", "email": "", "date_joined": "2015-12-28T11:48:57.230"}, "model": "auth.user", "pk": 10}, {"fields": {"username": "username_11", "first_name": "", "last_name": "", "is_active": true, "is_superuser": false, "is_staff": false, "last_login": "2015-12-28T11:48:57.233", "groups": [], "user_permissions": [], "password": "pass", "email": "", "date_joined": "2015-12-28T11:48:57.233"}, "model": "auth.user", "pk": 11}, {"fields": {"username": "username_12", "first_name": "", "last_name": "", "is_active": true, "is_superuser": false, "is_staff": false, "last_login": "2015-12-28T11:48:57.235", "groups": [], "user_permissions": [], "password": "pass", "email": "", "date_joined": "2015-12-28T11:48:57.235"}, "model": "auth.user", "pk": 12}, {"fields": {"username": "username_13", "first_name": "", "last_name": "", "is_active": true, "is_superuser": false, "is_staff": false, "last_login": "2015-12-28T11:48:57.237", "groups": [], "user_permissions": [], "password": "pass", "email": "", "date_joined": "2015-12-28T11:48:57.237"}, "model": "auth.user", "pk": 13}, {"fields": {"username": "username_14", "first_name": "", "last_name": "", "is_active": true, "is_superuser": false, "is_staff": false, "last_login": "2015-12-28T11:48:57.239", "groups": [], "user_permissions": [], "password": "pass", "email": "", "date_joined": "2015-12-28T11:48:57.239"}, "model": "auth.user", "pk": 14}, {"fields": {"username": "username_15", "first_name": "", "last_name": "", "is_active": true, "is_superuser": false, "is_staff": false, "last_login": "2015-12-28T11:48:57.241", "groups": [], "user_permissions": [], "password": "pass", "email": "", "date_joined": "2015-12-28T11:48:57.241"}, "model": "auth.user", "pk": 15}, {"fields": {"username": "username_16", "first_name": "", "last_name": "", "is_active": true, "is_superuser": false, "is_staff": false, "last_login": "2015-12-28T11:48:57.242", "groups": [], "user_permissions": [], "password": "pass", "email": "", "date_joined": "2015-12-28T11:48:57.242"}, "model": "auth.user", "pk": 16}, {"fields": {"username": "username_17", "first_name": "", "last_name": "", "is_active": true, "is_superuser": false, "is_staff": false, "last_login": "2015-12-28T11:48:57.244", "groups": [], "user_permissions": [], "password": "pass", "email": "", "date_joined": "2015-12-28T11:48:57.244"}, "model": "auth.user", "pk": 17}, {"fields": {"username": "username_18", "first_name": "", "last_name": "", "is_active": true, "is_superuser": false, "is_staff": false, "last_login": "2015-12-28T11:48:57.246", "groups": [], "user_permissions": [], "password": "pass", "email": "", "date_joined": "2015-12-28T11:48:57.246"}, "model": "auth.user", "pk": 18}, {"fields": {"username": "username_19", "first_name": "", "last_name": "", "is_active": true, "is_superuser": false, "is_staff": false, "last_login": "2015-12-28T11:48:57.247", "groups": [], "user_permissions": [], "password": "pass", "email": "", "date_joined": "2015-12-28T11:48:57.248"}, "model": "auth.user", "pk": 19}, {"fields": {"username": "username_20", "first_name": "", "last_name": "", "is_active": true, "is_superuser": false, "is_staff": false, "last_login": "2015-12-28T11:48:57.249", "groups": [], "user_permissions": [], "password": "pass", "email": "", "date_joined": "2015-12-28T11:48:57.249"}, "model": "auth.user", "pk": 20}, {"fields": {"username": "username_21", "first_name": "", "last_name": "", "is_active": true, "is_superuser": false, "is_staff": false, "last_login": "2015-12-28T11:48:57.251", "groups": [], "user_permissions": [], "password": "pass", "email": "", "date_joined": "2015-12-28T11:48:57.251"}, "model": "auth.user", "pk": 21}, {"fields": {"username": "username_22", "first_name": "", "last_name": "", "is_active": true, "is_superuser": false, "is_staff": false, "last_login": "2015-12-28T11:48:57.253", "groups": [], "user_permissions": [], "password": "pass", "email": "", "date_joined": "2015-12-28T11:48:57.253"}, "model": "auth.user", "pk": 22}, {"fields": {"username": "username_23", "first_name": "", "last_name": "", "is_active": true, "is_superuser": false, "is_staff": false, "last_login": "2015-12-28T11:48:57.255", "groups": [], "user_permissions": [], "password": "pass", "email": "", "date_joined": "2015-12-28T11:48:57.255"}, "model": "auth.user", "pk": 23}, {"fields": {"username": "username_24", "first_name": "", "last_name": "", "is_active": true, "is_superuser": false, "is_staff": false, "last_login": "2015-12-28T11:48:57.257", "groups": [], "user_permissions": [], "password": "pass", "email": "", "date_joined": "2015-12-28T11:48:57.257"}, "model": "auth.user", "pk": 24}, {"fields": {"username": "username_25", "first_name": "", "last_name": "", "is_active": true, "is_superuser": false, "is_staff": false, "last_login": "2015-12-28T11:48:57.259", "groups": [], "user_permissions": [], "password": "pass", "email": "", "date_joined": "2015-12-28T11:48:57.259"}, "model": "auth.user", "pk": 25}, {"fields": {"username": "username_26", "first_name": "", "last_name": "", "is_active": true, "is_superuser": false, "is_staff": false, "last_login": "2015-12-28T11:48:57.260", "groups": [], "user_permissions": [], "password": "pass", "email": "", "date_joined": "2015-12-28T11:48:57.260"}, "model": "auth.user", "pk": 26}, {"fields": {"username": "username_27", "first_name": "", "last_name": "", "is_active": true, "is_superuser": false, "is_staff": false, "last_login": "2015-12-28T11:48:57.262", "groups": [], "user_permissions": [], "password": "pass", "email": "", "date_joined": "2015-12-28T11:48:57.262"}, "model": "auth.user", "pk": 27}, {"fields": {"username": "username_28", "first_name": "", "last_name": "", "is_active": true, "is_superuser": false, "is_staff": false, "last_login": "2015-12-28T11:48:57.264", "groups": [], "user_permissions": [], "password": "pass", "email": "", "date_joined": "2015-12-28T11:48:57.264"}, "model": "auth.user", "pk": 28}, {"fields": {"username": "username_29", "first_name": "", "last_name": "", "is_active": true, "is_superuser": false, "is_staff": false, "last_login": "2015-12-28T11:48:57.266", "groups": [], "user_permissions": [], "password": "pass", "email": "", "date_joined": "2015-12-28T11:48:57.266"}, "model": "auth.user", "pk": 29}, {"fields": {"username": "username_30", "first_name": "", "last_name": "", "is_active": true, "is_superuser": false, "is_staff": false, "last_login": "2015-12-28T11:48:57.268", "groups": [], "user_permissions": [], "password": "pass", "email": "", "date_joined": "2015-12-28T11:48:57.268"}, "model": "auth.user", "pk": 30}, {"fields": {"username": "username_31", "first_name": "", "last_name": "", "is_active": true, "is_superuser": false, "is_staff": false, "last_login": "2015-12-28T11:48:57.270", "groups": [], "user_permissions": [], "password": "pass", "email": "", "date_joined": "2015-12-28T11:48:57.270"}, "model": "auth.user", "pk": 31}, {"fields": {"username": "username_32", "first_name": "", "last_name": "", "is_active": true, "is_superuser": false, "is_staff": false, "last_login": "2015-12-28T11:48:57.272", "groups": [], "user_permissions": [], "password": "pass", "email": "", "date_joined": "2015-12-28T11:48:57.272"}, "model": "auth.user", "pk": 32}, {"fields": {"username": "username_33", "first_name": "", "last_name": "", "is_active": true, "is_superuser": false, "is_staff": false, "last_login": "2015-12-28T11:48:57.274", "groups": [], "user_permissions": [], "password": "pass", "email": "", "date_joined": "2015-12-28T11:48:57.274"}, "model": "auth.user", "pk": 33}, {"fields": {"username": "username_34", "first_name": "", "last_name": "", "is_active": true, "is_superuser": false, "is_staff": false, "last_login": "2015-12-28T11:48:57.276", "groups": [], "user_permissions": [], "password": "pass", "email": "", "date_joined": "2015-12-28T11:48:57.276"}, "model": "auth.user", "pk": 34}, {"fields": {"username": "username_35", "first_name": "", "last_name": "", "is_active": true, "is_superuser": false, "is_staff": false, "last_login": "2015-12-28T11:48:57.278", "groups": [], "user_permissions": [], "password": "pass", "email": "", "date_joined": "2015-12-28T11:48:57.278"}, "model": "auth.user", "pk": 35}, {"fields": {"username": "username_36", "first_name": "", "last_name": "", "is_active": true, "is_superuser": false, "is_staff": false, "last_login": "2015-12-28T11:48:57.280", "groups": [], "user_permissions": [], "password": "pass", "email": "", "date_joined": "2015-12-28T11:48:57.280"}, "model": "auth.user", "pk": 36}, {"fields": {"username": "username_37", "first_name": "", "last_name": "", "is_active": true, "is_superuser": false, "is_staff": false, "last_login": "2015-12-28T11:48:57.282", "groups": [], "user_permissions": [], "password": "pass", "email": "", "date_joined": "2015-12-28T11:48:57.282"}, "model": "auth.user", "pk": 37}, {"fields": {"username": "username_38", "first_name": "", "last_name": "", "is_active": true, "is_superuser": false, "is_staff": false, "last_login": "2015-12-28T11:48:57.284", "groups": [], "user_permissions": [], "password": "pass", "email": "", "date_joined": "2015-12-28T11:48:57.284"}, "model": "auth.user", "pk": 38}, {"fields": {"username": "username_39", "first_name": "", "last_name": "", "is_active": true, "is_superuser": false, "is_staff": false, "last_login": "2015-12-28T11:48:57.286", "groups": [], "user_permissions": [], "password": "pass", "email": "", "date_joined": "2015-12-28T11:48:57.286"}, "model": "auth.user", "pk": 39}, {"fields": {"username": "username_40", "first_name": "", "last_name": "", "is_active": true, "is_superuser": false, "is_staff": false, "last_login": "2015-12-28T11:48:57.288", "groups": [], "user_permissions": [], "password": "pass", "email": "", "date_joined": "2015-12-28T11:48:57.288"}, "model": "auth.user", "pk": 40}, {"fields": {"username": "username_41", "first_name": "", "last_name": "", "is_active": true, "is_superuser": false, "is_staff": false, "last_login": "2015-12-28T11:48:57.290", "groups": [], "user_permissions": [], "password": "pass", "email": "", "date_joined": "2015-12-28T11:48:57.290"}, "model": "auth.user", "pk": 41}, {"fields": {"username": "agago", "first_name": "", "last_name": "", "is_active": true, "is_superuser": false, "is_staff": false, "last_login": "2015-12-29T04:50:50.217", "groups": [4], "user_permissions": [], "password": "pbkdf2_sha256$12000$l4wGW3o6CNNv$7DVVRxdqBIC76G9In6hz3a0dbyULEz+tGevd6tz7UTs=", "email": "dkddk@qq.com", "date_joined": "2015-12-29T04:50:38.032"}, "model": "auth.user", "pk": 42}, {"fields": {"username": "pader", "first_name": "", "last_name": "", "is_active": true, "is_superuser": false, "is_staff": false, "last_login": "2015-12-29T04:52:41.175", "groups": [4], "user_permissions": [], "password": "pbkdf2_sha256$12000$e0oeuqMjM9F1$0LKRht2OfQ4gZyh4dVp01/r1BnOHjZvwKnD9cND+aBA=", "email": "dgg@qq.com", "date_joined": "2015-12-29T04:52:29.681"}, "model": "auth.user", "pk": 43}, {"fields": {"username": "ipgao", "first_name": "", "last_name": "", "is_active": true, "is_superuser": false, "is_staff": false, "last_login": "2015-12-30T10:52:47.329", "groups": [4], "user_permissions": [], "password": "pbkdf2_sha256$12000$HOQCDosSQGow$7FtsYN2aqa3Yc/cACOqnUfi7O3ebB3qBmF4nrEfbN+0=", "email": "ygao@thoughtworks.com", "date_joined": "2015-12-30T10:52:40.608"}, "model": "auth.user", "pk": 44}, {"fields": {"name": "WAKISO DHO", "created": "2014-12-03T17:40:36.534", "modified": "2014-12-03T17:40:36.537", "imported_from_vision": true, "location": null, "remarks": null, "customer_id": "L438000484", "type": "implementing_partner", "created_by_user": null}, "model": "eums.consignee", "pk": 1}, {"fields": {"name": "ARUA DHO DR. ANGUZU PATRICK", "created": "2015-12-28T11:48:57.222", "modified": "2015-12-28T11:48:57.222", "imported_from_vision": true, "location": "Arua", "remarks": "", "customer_id": "L438000580", "type": "implementing_partner", "created_by_user": 7}, "model": "eums.consignee", "pk": 2}, {"fields": {"name": "KAABONG DHO", "created": "2015-12-28T11:48:57.225", "modified": "2015-12-28T11:48:57.225", "imported_from_vision": true, "location": "Kaabong", "remarks": "", "customer_id": "L438000215", "type": "implementing_partner", "created_by_user": 8}, "model": "eums.consignee", "pk": 3}, {"fields": {"name": "Ntungamo  DHO", "created": "2015-12-28T11:48:57.228", "modified": "2015-12-28T11:48:57.228", "imported_from_vision": true, "location": "Ntungamo", "remarks": "", "customer_id": "L438000520", "type": "implementing_partner", "created_by_user": 9}, "model": "eums.consignee", "pk": 4}, {"fields": {"name": "AGAGO DHO", "created": "2015-12-28T11:48:57.231", "modified": "2015-12-28T11:48:57.231", "imported_from_vision": true, "location": "Agago", "remarks": "", "customer_id": "L438000024", "type": "implementing_partner", "created_by_user": 10}, "model": "eums.consignee", "pk": 5}, {"fields": {"name": "AMURU DHO", "created": "2015-12-28T11:48:57.234", "modified": "2015-12-28T11:48:57.234", "imported_from_vision": true, "location": "Amuru", "remarks": "", "customer_id": "L438000043", "type": "implementing_partner", "created_by_user": 11}, "model": "eums.consignee", "pk": 6}, {"fields": {"name": "PADER DHO", "created": "2015-12-28T11:48:57.236", "modified": "2015-12-28T11:48:57.236", "imported_from_vision": true, "location": "Pader", "remarks": "", "customer_id": "L438000394", "type": "implementing_partner", "created_by_user": 12}, "model": "eums.consignee", "pk": 7}, {"fields": {"name": "KITGUM DHO", "created": "2015-12-28T11:48:57.238", "modified": "2015-12-28T11:48:57.238", "imported_from_vision": true, "location": "Kitgum", "remarks": "", "customer_id": "L438000256", "type": "implementing_partner", "created_by_user": 13}, "model": "eums.consignee", "pk": 8}, {"fields": {"name": "LAMWO DHO", "created": "2015-12-28T11:48:57.240", "modified": "2015-12-28T11:48:57.240", "imported_from_vision": true, "location": "Lamwo", "remarks": "", "customer_id": "L438000286", "type": "implementing_partner", "created_by_user": 14}, "model": "eums.consignee", "pk": 9}, {"fields": {"name": "NWOYA DHO", "created": "2015-12-28T11:48:57.242", "modified": "2015-12-28T11:48:57.242", "imported_from_vision": true, "location": "Nwoya", "remarks": "", "customer_id": "L438000381", "type": "implementing_partner", "created_by_user": 15}, "model": "eums.consignee", "pk": 10}, {"fields": {"name": "YUMBE DHO", "created": "2015-12-28T11:48:57.243", "modified": "2015-12-28T11:48:57.243", "imported_from_vision": true, "location": "Yumbe", "remarks": "", "customer_id": "L438000498", "type": "implementing_partner", "created_by_user": 16}, "model": "eums.consignee", "pk": 11}, {"fields": {"name": "BUIKWE DHO", "created": "2015-12-28T11:48:57.245", "modified": "2015-12-28T11:48:57.245", "imported_from_vision": true, "location": "Buikwe", "remarks": "", "customer_id": "L438000080", "type": "implementing_partner", "created_by_user": 17}, "model": "eums.consignee", "pk": 12}, {"fields": {"name": "BUKOMANSIMBI DHO", "created": "2015-12-28T11:48:57.247", "modified": "2015-12-28T11:48:57.247", "imported_from_vision": true, "location": "Bukomansimbi", "remarks": "", "customer_id": "L438000503", "type": "implementing_partner", "created_by_user": 18}, "model": "eums.consignee", "pk": 13}, {"fields": {"name": "KALUNGU DHO", "created": "2015-12-28T11:48:57.248", "modified": "2015-12-28T11:48:57.248", "imported_from_vision": true, "location": "Kalungu", "remarks": "", "customer_id": "L438000504", "type": "implementing_partner", "created_by_user": 19}, "model": "eums.consignee", "pk": 14}, {"fields": {"name": "LWENGO DHO", "created": "2015-12-28T11:48:57.250", "modified": "2015-12-28T11:48:57.250", "imported_from_vision": true, "location": "Lwengo", "remarks": "", "customer_id": "L438000505", "type": "implementing_partner", "created_by_user": 20}, "model": "eums.consignee", "pk": 15}, {"fields": {"name": "MUBENDE DHO", "created": "2015-12-28T11:48:57.252", "modified": "2015-12-28T11:48:57.252", "imported_from_vision": true, "location": "Mubende", "remarks": "", "customer_id": "L438000351", "type": "implementing_partner", "created_by_user": 21}, "model": "eums.consignee", "pk": 16}, {"fields": {"name": "MUKONO DHO", "created": "2015-12-28T11:48:57.254", "modified": "2015-12-28T11:48:57.254", "imported_from_vision": true, "location": "Mukono", "remarks": "", "customer_id": "L438000354", "type": "implementing_partner", "created_by_user": 22}, "model": "eums.consignee", "pk": 17}, {"fields": {"name": "BUNDIBUGYO DHO", "created": "2015-12-28T11:48:57.256", "modified": "2015-12-28T11:48:57.256", "imported_from_vision": true, "location": "Bundibugyo", "remarks": "", "customer_id": "L438000088", "type": "implementing_partner", "created_by_user": 23}, "model": "eums.consignee", "pk": 18}, {"fields": {"name": "KABALORE DHO", "created": "2015-12-28T11:48:57.258", "modified": "2015-12-28T11:48:57.258", "imported_from_vision": true, "location": "Kabalore", "remarks": "", "customer_id": "L438000222", "type": "implementing_partner", "created_by_user": 24}, "model": "eums.consignee", "pk": 19}, {"fields": {"name": "KYENGEGWA DHO", "created": "2015-12-28T11:48:57.260", "modified": "2015-12-28T11:48:57.260", "imported_from_vision": true, "location": "Kyengegwa", "remarks": "", "customer_id": "L438000281", "type": "implementing_partner", "created_by_user": 25}, "model": "eums.consignee", "pk": 20}, {"fields": {"name": "KYENJOJO DHO", "created": "2015-12-28T11:48:57.261", "modified": "2015-12-28T11:48:57.261", "imported_from_vision": true, "location": "Kyenjojo", "remarks": "", "customer_id": "L438000283", "type": "implementing_partner", "created_by_user": 26}, "model": "eums.consignee", "pk": 21}, {"fields": {"name": "NTOROKO DHO", "created": "2015-12-28T11:48:57.263", "modified": "2015-12-28T11:48:57.263", "imported_from_vision": true, "location": "Ntoroko", "remarks": "", "customer_id": "L438000378", "type": "implementing_partner", "created_by_user": 27}, "model": "eums.consignee", "pk": 22}, {"fields": {"name": "KAMULI DHO", "created": "2015-12-28T11:48:57.265", "modified": "2015-12-28T11:48:57.265", "imported_from_vision": true, "location": "Kamuli", "remarks": "", "customer_id": "L438000233", "type": "implementing_partner", "created_by_user": 28}, "model": "eums.consignee", "pk": 23}, {"fields": {"name": "IGANGA DHO", "created": "2015-12-28T11:48:57.267", "modified": "2015-12-28T11:48:57.267", "imported_from_vision": true, "location": "Iganga", "remarks": "", "customer_id": "L438000196", "type": "implementing_partner", "created_by_user": 29}, "model": "eums.consignee", "pk": 24}, {"fields": {"name": "ADJUMANI DHO", "created": "2015-12-28T11:48:57.269", "modified": "2015-12-28T11:48:57.269", "imported_from_vision": true, "location": "Adjumani", "remarks": "", "customer_id": "L438000019", "type": "implementing_partner", "created_by_user": 30}, "model": "eums.consignee", "pk": 25}, {"fields": {"name": "RAKAI DHO", "created": "2015-12-28T11:48:57.271", "modified": "2015-12-28T11:48:57.271", "imported_from_vision": true, "location": "Rakai", "remarks": "", "customer_id": "L438000401", "type": "implementing_partner", "created_by_user": 31}, "model": "eums.consignee", "pk": 26}, {"fields": {"name": "GULU DHO", "created": "2015-12-28T11:48:57.273", "modified": "2015-12-28T11:48:57.273", "imported_from_vision": true, "location": "Gulu", "remarks": "", "customer_id": "L438000176", "type": "implementing_partner", "created_by_user": 32}, "model": "eums.consignee", "pk": 27}, {"fields": {"name": "KYEGEGWA DHO", "created": "2015-12-28T11:48:57.275", "modified": "2015-12-28T11:48:57.275", "imported_from_vision": true, "location": "Kyegegwa", "remarks": "", "customer_id": "L438000279", "type": "implementing_partner", "created_by_user": 33}, "model": "eums.consignee", "pk": 28}, {"fields": {"name": "MOROTO DHO", "created": "2015-12-28T11:48:57.277", "modified": "2015-12-28T11:48:57.277", "imported_from_vision": true, "location": "Moroto", "remarks": "", "customer_id": "L438000331", "type": "implementing_partner", "created_by_user": 34}, "model": "eums.consignee", "pk": 29}, {"fields": {"name": "NAPAK DHO", "created": "2015-12-28T11:48:57.279", "modified": "2015-12-28T11:48:57.279", "imported_from_vision": true, "location": "Napak", "remarks": "", "customer_id": "L438000368", "type": "implementing_partner", "created_by_user": 35}, "model": "eums.consignee", "pk": 30}, {"fields": {"name": "KOTIDO DHO", "created": "2015-12-28T11:48:57.281", "modified": "2015-12-28T11:48:57.281", "imported_from_vision": true, "location": "Kotido", "remarks": "", "customer_id": "L438000267", "type": "implementing_partner", "created_by_user": 36}, "model": "eums.consignee", "pk": 31}, {"fields": {"name": "AMUDAT DHO", "created": "2015-12-28T11:48:57.283", "modified": "2015-12-28T11:48:57.283", "imported_from_vision": true, "location": "Amudat", "remarks": "", "customer_id": "L438000038", "type": "implementing_partner", "created_by_user": 37}, "model": "eums.consignee", "pk": 32}, {"fields": {"name": "NAKAPIRIPIRIT DHO", "created": "2015-12-28T11:48:57.285", "modified": "2015-12-28T11:48:57.285", "imported_from_vision": true, "location": "Nakapiripirit", "remarks": "", "customer_id": "L438000362", "type": "implementing_partner", "created_by_user": 38}, "model": "eums.consignee", "pk": 33}, {"fields": {"name": "MALARIA CONSORTIUM", "created": "2015-12-28T11:48:57.287", "modified": "2015-12-28T11:48:57.287", "imported_from_vision": true, "location": "Malaria", "remarks": "", "customer_id": "L438000296", "type": "implementing_partner", "created_by_user": 39}, "model": "eums.consignee", "pk": 34}, {"fields": {"name": "CUAMM KAMPALA", "created": "2015-12-28T11:48:57.289", "modified": "2015-12-28T11:48:57.289", "imported_from_vision": true, "location": "Kampala", "remarks": "", "customer_id": "L438000143", "type": "implementing_partner", "created_by_user": 40}, "model": "eums.consignee", "pk": 35}, {"fields": {"name": "UNICEF", "created": "2015-12-28T11:48:57.291", "modified": "2015-12-28T11:48:57.291", "imported_from_vision": true, "location": null, "remarks": "", "customer_id": "L438000519", "type": "implementing_partner", "created_by_user": 41}, "model": "eums.consignee", "pk": 36}, {"fields": {"user": 2, "consignee": 1, "modified": "2014-12-03T17:40:36.537", "created": "2014-12-03T17:40:36.534"}, "model": "eums.userprofile", "pk": 1}, {"fields": {"user": 3, "consignee": 1, "modified": "2014-12-03T17:40:36.537", "created": "2014-12-03T17:40:36.534"}, "model": "eums.userprofile", "pk": 2}, {"fields": {"user": 42, "consignee": 5, "modified": "2015-12-29T04:50:38.103", "created": "2015-12-29T04:50:38.101"}, "model": "eums.userprofile", "pk": 3}, {"fields": {"user": 43, "consignee": 7, "modified": "2015-12-29T04:52:29.751", "created": "2015-12-29T04:52:29.749"}, "model": "eums.userprofile", "pk": 4}, {"fields": {"user": 44, "consignee": 1, "modified": "2015-12-30T10:52:40.678", "created": "2015-12-30T10:52:40.677"}, "model": "eums.userprofile", "pk": 5}]